Bib,Name,Team Name,City,Gun Elapsed,Chip Elapsed,Pace,Event,Event Place,Age,Age Place,Gender,Gender Place,year
2165,SIMON RICCI,,SAN FRANCISCO,02:31:04,02:31:02,05:45 min/mile,MARATHON,1,27,1,M,1,2025
1499,JAKE ERSCHEN,,WAUWATOSA,02:36:10,02:36:08,05:57 min/mile,MARATHON,2,33,1,M,2,2025
434,NIC AUBERT,,WOODBURY,02:42:36,02:42:29,06:12 min/mile,MARATHON,3,37,1,M,3,2025
21,RUSSELL MARTIN,,BALTIMORE,02:44:47,02:44:44,06:17 min/mile,MARATHON,4,42,1,M,4,2025
1497,ADAM ROACH,,PACIFIC GROVE,02:44:51,02:44:50,06:17 min/mile,MARATHON,5,41,2,M,5,2025
436,RYAN RAFUSE,,KENTVILLE,02:46:41,02:46:40,06:21 min/mile,MARATHON,6,41,3,M,6,2025
1408,MARK MACHADO,,SAN CARLOS,02:48:19,02:48:17,06:25 min/mile,MARATHON,7,31,2,M,7,2025
1206,JOSEPH VERELLEN,,WHITE LAKE,02:49:34,02:49:31,06:28 min/mile,MARATHON,8,44,4,M,8,2025
1570,TYLER FENNEMA,,NEWPORT BEACH,02:49:39,02:49:36,06:28 min/mile,MARATHON,9,23,1,M,9,2025
1201,SERENA BURLA,,STAFFORD,02:49:40,02:49:39,06:28 min/mile,MARATHON,10,42,1,F,1,2025
1078,LUKE BABCOCK,,DENVER,02:50:39,02:50:36,06:30 min/mile,MARATHON,11,45,1,M,10,2025
440,ELOI DIVOL,,SAN FRANCISCO,02:50:45,02:50:41,06:30 min/mile,MARATHON,12,22,2,M,11,2025
23,THOMAS CASSIDY,,NORTH HILLS,02:52:11,02:52:09,06:34 min/mile,MARATHON,13,37,2,M,12,2025
1413,ADAM MURRAY,,MONTEREY,02:52:26,02:52:22,06:34 min/mile,MARATHON,14,29,2,M,13,2025
1505,ANNE FLOWER,,COLORADO SPGS,02:52:58,02:52:56,06:36 min/mile,MARATHON,15,35,1,F,2,2025
444,JOHN MCHUGH,,LAFAYETTE,02:53:21,02:53:19,06:36 min/mile,MARATHON,16,39,3,M,14,2025
808,GREGG DONNELLY,,HADDONFIELD,02:55:11,02:54:58,06:40 min/mile,MARATHON,17,34,3,M,15,2025
1503,PIETRO SIGNORACCI,,NEW YORK,02:55:17,02:55:14,06:41 min/mile,MARATHON,18,39,4,M,16,2025
634,BRETT SZALAPSKI,,CUPERTINO,02:56:31,02:56:26,06:44 min/mile,MARATHON,19,32,4,M,17,2025
729,DIETER BRANDNER,,SAN FRANCISCO,02:56:40,02:56:30,06:44 min/mile,MARATHON,20,33,5,M,18,2025
636,ALEX ANDERSON,,SALT LAKE CTY,02:56:51,02:56:40,06:44 min/mile,MARATHON,21,34,6,M,19,2025
1007,WILLIAM CHRISTENSEN,,CARROLLTON,02:57:20,02:57:15,06:45 min/mile,MARATHON,22,32,7,M,20,2025
439,YUTA TSUCHIKAWA,,ANN ARBOR,02:57:34,02:57:32,06:46 min/mile,MARATHON,23,38,5,M,21,2025
437,LACHLAN ARTHUR,,PHILLIP,02:58:13,02:57:38,06:46 min/mile,MARATHON,24,29,3,M,22,2025
445,ERIC MALKOWSKI,,SALT LAKE CTY,02:57:48,02:57:40,06:46 min/mile,MARATHON,25,42,5,M,23,2025
435,C FRED JOSLYN,,BOILING SPGS,02:57:52,02:57:41,06:46 min/mile,MARATHON,26,41,6,M,24,2025
1510,HARRISON MANN,,BROOKLYN,02:57:53,02:57:50,06:47 min/mile,MARATHON,27,34,8,M,25,2025
1515,BRYSON SMITH,,DRIGGS,02:58:35,02:58:30,06:48 min/mile,MARATHON,28,36,6,M,26,2025
1504,FLYNN DREILINGER,,SAN FRANCISCO,02:58:43,02:58:39,06:49 min/mile,MARATHON,29,24,3,M,27,2025
1006,JASON HORNER,,APTOS,02:58:53,02:58:50,06:49 min/mile,MARATHON,30,44,7,M,28,2025
1502,LIZ ERSCHEN,,WAUWATOSA,02:59:03,02:59:02,06:50 min/mile,MARATHON,31,32,1,F,3,2025
1409,EVAN WETZEL,,WAUKESHA,02:59:20,02:59:17,06:50 min/mile,MARATHON,32,27,4,M,29,2025
816,CHRISTOPHER CALZETTA,,CARMEL,02:59:20,02:59:17,06:50 min/mile,MARATHON,33,43,8,M,30,2025
807,ALEXANDER FOX,,MENLO PARK,03:00:58,02:59:51,06:51 min/mile,MARATHON,34,35,7,M,31,2025
931,ANTHONY CORREA,,ROSEVILLE,03:00:26,03:00:22,06:53 min/mile,MARATHON,35,21,4,M,32,2025
935,LENNARD HACHMANN,,MENLO PARK,03:00:48,03:00:45,06:53 min/mile,MARATHON,36,48,2,M,33,2025
1076,JERRY GARCIA,,PALMDALE,03:01:00,03:00:57,06:54 min/mile,MARATHON,37,47,3,M,34,2025
637,MICHAEL WERNEIWSKI,,SAN FRANCISCO,03:02:15,03:01:03,06:54 min/mile,MARATHON,38,37,8,M,35,2025
446,STEVEN BRADON,,CLOVIS,03:02:27,03:02:24,06:57 min/mile,MARATHON,39,37,9,M,36,2025
1199,JANEL ZICK,,W VALLEY CITY,03:02:35,03:02:32,06:58 min/mile,MARATHON,40,33,2,F,4,2025
457,RUDOLPH NIETO,,HOUSTON,03:04:02,03:03:57,07:01 min/mile,MARATHON,41,46,4,M,37,2025
454,GREGORY SHANK,,BROOKLYN,03:04:17,03:04:03,07:01 min/mile,MARATHON,42,34,9,M,38,2025
937,ANTON TAMANIS,,TURTON,03:04:09,03:04:05,07:01 min/mile,MARATHON,43,25,5,M,39,2025
1209,MATTHEW SATO,,TWIN FALLS,03:04:18,03:04:15,07:01 min/mile,MARATHON,44,26,6,M,40,2025
1205,CLIFTON FORLEE,,DAVIS,03:05:01,03:04:58,07:03 min/mile,MARATHON,45,41,9,M,41,2025
438,JEAN-DENIS LAPIERRE,,SAINT-POLYCARPE,03:05:53,03:05:13,07:04 min/mile,MARATHON,46,36,10,M,42,2025
489,DUSTIN PRUSIK,,HOLLY SPRINGS,03:06:08,03:05:59,07:05 min/mile,MARATHON,47,38,11,M,43,2025
25,KENDRICK GIBSON,,CHATTANOOGA,03:06:22,03:06:18,07:06 min/mile,MARATHON,48,41,10,M,44,2025
814,MATTHEW ROSENTHAL,,SAN FRANCISCO,03:06:51,03:06:33,07:07 min/mile,MARATHON,49,32,10,M,45,2025
1585,JOHN HIESTAND,,CARMEL,03:06:59,03:06:53,07:07 min/mile,MARATHON,50,57,1,M,46,2025
2151,EMERSON HARDY,,PACIFIC GROVE,03:08:38,03:07:37,07:09 min/mile,MARATHON,51,26,7,M,47,2025
829,SARA WESSEN CHANG,,SAN FRANCISCO,03:07:40,03:07:37,07:09 min/mile,MARATHON,52,35,2,F,5,2025
1232,HANNAH BEILKE,,LA CROSSE,03:08:05,03:07:47,07:10 min/mile,MARATHON,53,27,1,F,6,2025
442,MATTHEW MCLANE,,WEST END,03:08:20,03:07:51,07:10 min/mile,MARATHON,54,40,11,M,48,2025
1714,ANDREW HUANG,,OAKLAND,03:08:05,03:07:57,07:10 min/mile,MARATHON,55,29,8,M,49,2025
1663,DEREK HAMMITT,,CHICAGO,03:09:35,03:08:13,07:11 min/mile,MARATHON,56,34,11,M,50,2025
646,ALFONSO BRIGHAM,,SAN FRANCISCO,03:09:30,03:08:24,07:11 min/mile,MARATHON,57,41,12,M,51,2025
638,DECLAN MCCARTHY,,BOSTON,03:09:07,03:08:50,07:12 min/mile,MARATHON,58,25,9,M,52,2025
433,CARLOS PONCE-RAMIREZ,,NEW YORK,03:09:41,03:09:34,07:14 min/mile,MARATHON,59,43,13,M,53,2025
938,DON WANG,,SAN JOSE,03:09:47,03:09:40,07:14 min/mile,MARATHON,60,43,14,M,54,2025
1122,MITCH MORRISON,,BRIGHTON,03:10:13,03:09:57,07:15 min/mile,MARATHON,61,26,10,M,55,2025
1242,LISA GOETZ,,WHITBY,03:10:25,03:10:16,07:15 min/mile,MARATHON,62,44,2,F,7,2025
1583,NOAH ALVAREZ,,CASTAIC,03:11:37,03:10:32,07:16 min/mile,MARATHON,63,27,11,M,56,2025
1432,KEVIN YUAN,,MANCHESTER,03:11:12,03:10:37,07:16 min/mile,MARATHON,64,34,12,M,57,2025
4008,CARSON CLOWES,,PASO ROBLES,03:20:47,03:10:44,07:16 min/mile,MARATHON,65,38,12,M,58,2025
660,MICHAEL KULINICH,,SAN JOSE,03:11:58,03:10:58,07:17 min/mile,MARATHON,66,24,5,M,59,2025
477,HEATHER MORGAN,,AVON,03:11:29,03:11:22,07:18 min/mile,MARATHON,67,41,3,F,8,2025
1077,MICHAEL HOFFACKER,,BETHESDA,03:11:32,03:11:28,07:18 min/mile,MARATHON,68,35,13,M,60,2025
30,BENJAMIN WATSON,,HIAWATHA,03:11:38,03:11:32,07:18 min/mile,MARATHON,69,36,14,M,61,2025
1119,EMMA TAPSCOTT,,FOSTER CITY,03:11:44,03:11:33,07:18 min/mile,MARATHON,70,25,2,F,9,2025
1516,KARLOS KAZINAKIS,,AUSTIN,03:11:41,03:11:35,07:18 min/mile,MARATHON,71,33,13,M,62,2025
1518,SANTOS HERNANDEZ,,SACRAMENTO,03:12:01,03:11:57,07:19 min/mile,MARATHON,72,38,15,M,63,2025
1226,HANNAH PANY,,COLUMBUS,03:12:13,03:12:04,07:19 min/mile,MARATHON,73,28,3,F,10,2025
1621,JEREMY STROMING,,SEATTLE,03:12:17,03:12:06,07:19 min/mile,MARATHON,74,29,12,M,64,2025
831,RYAN HUTCHINSON,,MONTE SERENO,03:12:28,03:12:20,07:20 min/mile,MARATHON,75,24,6,M,65,2025
823,BENTON NELSON,,LINCOLN,03:12:43,03:12:21,07:20 min/mile,MARATHON,76,40,15,M,66,2025
1700,JOSEPH CARRILLO,,SALINAS,03:12:33,03:12:26,07:20 min/mile,MARATHON,77,34,14,M,67,2025
509,TERESA WOJTASIEWICZ,,BALTIMORE,03:13:18,03:12:29,07:20 min/mile,MARATHON,78,39,3,F,11,2025
458,CHUNG-CHENG CHIU,,PALO ALTO,03:14:44,03:12:57,07:21 min/mile,MARATHON,79,41,16,M,68,2025
650,BRIAN NGUYEN,,ROSEVILLE,03:13:38,03:13:29,07:23 min/mile,MARATHON,80,24,7,M,69,2025
472,ANNE THEISEN,,SEATTLE,03:14:03,03:13:56,07:24 min/mile,MARATHON,81,52,1,F,12,2025
1211,ERIN GUNTHER,,WALNUT CREEK,03:15:26,03:13:58,07:24 min/mile,MARATHON,82,30,3,F,13,2025
1557,ANTHONY FERNAN,,SAN DIEGO,03:14:09,03:14:02,07:24 min/mile,MARATHON,83,33,15,M,70,2025
453,MIKE DUMAS,,ERIE,03:15:19,03:14:13,07:24 min/mile,MARATHON,84,42,17,M,71,2025
812,PATRICK SCHALK,,MINNEAPOLIS,03:14:35,03:14:27,07:25 min/mile,MARATHON,85,35,16,M,72,2025
466,SARAH CORREA,,FOLSOM,03:15:10,03:14:49,07:26 min/mile,MARATHON,86,34,4,F,14,2025
1826,JACOB RUPPAL,,SYKESVILLE,03:14:57,03:14:52,07:26 min/mile,MARATHON,87,36,17,M,73,2025
1406,IVY BRANDON,,TAYLORSVILLE,03:15:08,03:15:01,07:26 min/mile,MARATHON,88,27,13,M,74,2025
753,PIOTR KASZKUR,,GOLD RIVER,03:15:22,03:15:08,07:26 min/mile,MARATHON,89,44,18,M,75,2025
933,BRADEN ZUKOWSKI,,MONTEREY,03:15:48,03:15:43,07:28 min/mile,MARATHON,90,23,8,M,76,2025
805,MATTHEW AFFINITO,,SAN JOSE,03:15:51,03:15:47,07:28 min/mile,MARATHON,91,21,9,M,77,2025
480,ANDREW HARVEY,,AUCKLAND,03:16:03,03:15:57,07:28 min/mile,MARATHON,92,51,1,M,78,2025
825,JONATHAN MATHENY,,MILWAUKEE,03:16:04,03:15:58,07:28 min/mile,MARATHON,93,31,16,M,79,2025
640,SANTIAGO MORALES PRADO,,MEXICO CITY,03:16:08,03:16:02,07:28 min/mile,MARATHON,94,39,18,M,80,2025
1579,CARLOS DE LASCURAIN,,MEXICO CITY,03:16:08,03:16:03,07:28 min/mile,MARATHON,95,41,19,M,81,2025
1540,CONRAD BECKER,,CARMEL VALLEY,03:17:35,03:16:05,07:29 min/mile,MARATHON,96,40,20,M,82,2025
748,ROBERT BEVERLY,,CARMEL,03:16:28,03:16:10,07:29 min/mile,MARATHON,97,50,2,M,83,2025
1535,DAVID ARIAS,,NORTHRIDGE,03:16:56,03:16:10,07:29 min/mile,MARATHON,98,46,5,M,84,2025
1863,ALEJANDRO IZQUIERDO TORT,,ALVARO OBREGON,03:16:11,03:16:11,07:29 min/mile,MARATHON,99,42,21,M,85,2025
1011,ROB BOYCE,,MONTEREY,03:16:49,03:16:42,07:30 min/mile,MARATHON,100,58,2,M,86,2025
1087,MICHAEL MILLER,,MENOMONEE FLS,03:17:14,03:16:44,07:30 min/mile,MARATHON,101,38,19,M,87,2025
476,JASON KAPLAN,,BOSTON,03:17:06,03:17:01,07:31 min/mile,MARATHON,102,43,22,M,88,2025
1407,LEI DOU,,MONTEREY,03:17:24,03:17:07,07:31 min/mile,MARATHON,103,38,20,M,89,2025
820,PAUL MORTEMOUSQUE,,RICHMOND,03:17:29,03:17:21,07:31 min/mile,MARATHON,104,29,14,M,90,2025
1258,ELLIE MILLER,,SALT LAKE CTY,03:17:53,03:17:35,07:32 min/mile,MARATHON,105,28,4,F,15,2025
1219,ERIK REED,,LONG BEACH,03:18:40,03:18:09,07:33 min/mile,MARATHON,106,31,17,M,91,2025
1512,ADAM MOYLAN,,OAKLAND,03:18:50,03:18:09,07:33 min/mile,MARATHON,107,54,3,M,92,2025
1507,JACK FLAHERTY,,WASHINGTON,03:18:27,03:18:24,07:34 min/mile,MARATHON,108,24,10,M,93,2025
452,ALVIN MA,,IRVINE,03:18:40,03:18:26,07:34 min/mile,MARATHON,109,31,18,M,94,2025
649,MADELINE PENA,,NEW YORK,03:18:49,03:18:39,07:34 min/mile,MARATHON,110,28,5,F,16,2025
475,CHIH-WEN SU,,TAIPEI,03:18:50,03:18:43,07:35 min/mile,MARATHON,111,48,6,M,95,2025
1574,JEREMY SITES,,LEXINGTON,03:19:11,03:18:44,07:35 min/mile,MARATHON,112,35,21,M,96,2025
806,CAMERON WOLF,,CHARLOTTE,03:19:52,03:18:51,07:35 min/mile,MARATHON,113,28,15,M,97,2025
499,CHRIS SONDERBY,,ATHERTON,03:19:19,03:19:07,07:35 min/mile,MARATHON,114,57,3,M,98,2025
1561,PHILIP BOWERS,,VACAVILLE,03:19:22,03:19:11,07:36 min/mile,MARATHON,115,32,19,M,99,2025
1202,MICHAEL PERCZYSZYN,,LONDON,03:19:55,03:19:23,07:36 min/mile,MARATHON,116,35,22,M,100,2025
1010,THOMAS SARGEANT,,ARLINGTON,03:19:35,03:19:24,07:36 min/mile,MARATHON,117,27,16,M,101,2025
496,JAMES HWANG,,DEL MAR,03:19:43,03:19:32,07:36 min/mile,MARATHON,118,50,4,M,102,2025
1672,JEROME THAI,,OAKLAND,03:19:50,03:19:39,07:37 min/mile,MARATHON,119,37,23,M,103,2025
1021,JONATHAN CORIA,,PANORAMA CITY,03:19:51,03:19:40,07:37 min/mile,MARATHON,120,31,20,M,104,2025
1610,BIN LIU,,POWAY,03:19:57,03:19:48,07:37 min/mile,MARATHON,121,62,1,M,105,2025
832,LUKE HALLMARK,,WAUKESHA,03:19:57,03:19:48,07:37 min/mile,MARATHON,122,39,24,M,106,2025
1260,CODY MCCAULEY,,BROOKLYN,03:20:10,03:19:56,07:37 min/mile,MARATHON,123,33,21,M,107,2025
1608,EDWIN MARTINEZ,,PASO ROBLES,03:21:04,03:20:03,07:38 min/mile,MARATHON,124,47,7,M,108,2025
936,ADAM NEWTON,,ASTORIA,03:20:40,03:20:19,07:38 min/mile,MARATHON,125,41,23,M,109,2025
1657,MIKE SMITH,,NEW ORLEANS,03:21:34,03:20:34,07:39 min/mile,MARATHON,126,50,5,M,110,2025
860,KAYLA VOKT,,SAN JOSE,03:21:00,03:20:35,07:39 min/mile,MARATHON,127,25,6,F,17,2025
1589,GARY SHEN,,SAN FRANCISCO,03:21:02,03:20:48,07:39 min/mile,MARATHON,128,26,17,M,111,2025
751,VELU MANOHAR,,FLOWER MOUND,03:20:58,03:20:54,07:40 min/mile,MARATHON,129,25,18,M,112,2025
942,MIGUEL TRUJILLO,,ALEXANDRIA,03:22:28,03:21:12,07:40 min/mile,MARATHON,130,40,24,M,113,2025
1501,SAMUEL MOULTRIE,,CARMEL BY THE SEA,03:22:18,03:21:16,07:40 min/mile,MARATHON,131,23,11,M,114,2025
1581,MICHAEL POWELL,,PEBBLE BEACH,03:21:36,03:21:20,07:41 min/mile,MARATHON,132,33,22,M,115,2025
467,KYU SIK KIM,,GLENDALE,03:21:38,03:21:21,07:41 min/mile,MARATHON,133,65,1,M,116,2025
747,ROB HENNICK,,MOORPARK,03:21:27,03:21:25,07:41 min/mile,MARATHON,134,62,2,M,117,2025
1240,NICHOLAS ANDERSON,,DAYTON,03:22:38,03:21:27,07:41 min/mile,MARATHON,135,25,19,M,118,2025
1096,ANNA BOGDANOVA,,LAKEWOOD,03:22:05,03:21:37,07:41 min/mile,MARATHON,136,35,4,F,18,2025
930,BRIAN BOISVERT,,BROOKLYN,03:22:31,03:21:43,07:41 min/mile,MARATHON,137,33,23,M,119,2025
1094,CHENGQUAN LI,,SAN JOSE,03:23:33,03:21:44,07:41 min/mile,MARATHON,138,49,8,M,120,2025
1212,BRIAN CHILDS,,PHILADELPHIA,03:22:03,03:21:45,07:42 min/mile,MARATHON,139,41,25,M,121,2025
1526,JEREMY CARTER,,ALAMEDA,03:22:36,03:21:46,07:42 min/mile,MARATHON,140,39,25,M,122,2025
22,KYLE MECHE,,HERMOSA BEACH,03:22:41,03:21:49,07:42 min/mile,MARATHON,141,26,20,M,123,2025
57,NAZZARENO MENEGHINI,,CHIERI,03:22:18,03:22:09,07:42 min/mile,MARATHON,142,55,4,M,124,2025
1840,JANE HOLLANDER,,PALO ALTO,03:22:25,03:22:13,07:43 min/mile,MARATHON,143,23,1,F,19,2025
2852,ALEXIS LORENZANA,,SEASIDE,03:28:51,03:22:17,07:43 min/mile,MARATHON,144,21,12,M,125,2025
1527,MANUEL DE LA ROSA,,SAN BRUNO,03:24:11,03:22:21,07:43 min/mile,MARATHON,145,32,24,M,126,2025
549,TIN PHAM,,CHAPEL HILL,03:22:36,03:22:24,07:43 min/mile,MARATHON,146,55,5,M,127,2025
470,BRENT CLERMONT,,LOS ANGELES,03:22:58,03:22:26,07:43 min/mile,MARATHON,147,41,26,M,128,2025
1008,SEAN BOWEN,,MONTEREY,03:23:04,03:22:30,07:43 min/mile,MARATHON,148,40,27,M,129,2025
959,MEGAN KRAUSE,,BROOKFIELD,03:22:52,03:22:35,07:43 min/mile,MARATHON,149,32,5,F,20,2025
2851,OKKE SCHRIJVERS,,MONTEREY,03:27:48,03:22:39,07:44 min/mile,MARATHON,150,38,26,M,130,2025
1014,DREW MIGNOSA,,MELROSE,03:23:49,03:22:41,07:44 min/mile,MARATHON,151,31,25,M,131,2025
40,LINDSAY BERGMAN,,MONTCLAIR,03:22:48,03:22:43,07:44 min/mile,MARATHON,152,43,4,F,21,2025
51,TIAGO PAIS,,MOUNTAIN VIEW,03:22:52,03:22:44,07:44 min/mile,MARATHON,153,41,28,M,132,2025
481,ADAM DAY,,HOUSTON,03:23:26,03:22:50,07:44 min/mile,MARATHON,154,45,9,M,133,2025
465,STEFAN WAGNER,,MONTABAUR,03:23:16,03:22:51,07:44 min/mile,MARATHON,155,45,10,M,134,2025
35,SAMUEL DE TOLEDO,,MILWAUKEE,03:24:16,03:23:03,07:45 min/mile,MARATHON,156,36,27,M,135,2025
668,LUKE LETOURNEAU,,BARRINGTON,03:23:16,03:23:06,07:45 min/mile,MARATHON,157,26,21,M,136,2025
29,SARA GIBSON,,CHATTANOOGA,03:23:15,03:23:10,07:45 min/mile,MARATHON,158,40,5,F,22,2025
1594,NATHAN JOHNSON,,SANTA CRUZ,03:24:42,03:23:10,07:45 min/mile,MARATHON,159,38,28,M,137,2025
503,ROBYN COX,,KENTVILLE,03:23:40,03:23:25,07:45 min/mile,MARATHON,160,41,6,F,23,2025
1599,ANDREW GURESH,,PLYMOUTH,03:23:55,03:23:36,07:46 min/mile,MARATHON,161,30,26,M,138,2025
1098,MEGAN HETZEL,,SUPERIOR,03:23:46,03:23:39,07:46 min/mile,MARATHON,162,34,6,F,24,2025
92,SEAN SAINT,,CHICAGO,03:23:59,03:23:47,07:46 min/mile,MARATHON,163,31,27,M,139,2025
493,KELSEY ALVES,,SALINAS,03:24:21,03:23:48,07:46 min/mile,MARATHON,164,31,7,F,25,2025
1411,ADAM HERRING,,FRESNO,03:24:15,03:23:56,07:47 min/mile,MARATHON,165,31,28,M,140,2025
24,JEREMY SEGAL,,SUNFISH LAKE,03:24:13,03:24:01,07:47 min/mile,MARATHON,166,39,29,M,141,2025
1089,GEOFFREY TWEED,,ALBUQUERQUE,03:24:21,03:24:01,07:47 min/mile,MARATHON,167,41,29,M,142,2025
460,RICHARD BAKER,,TRAVIS AFB,03:24:25,03:24:18,07:47 min/mile,MARATHON,168,47,11,M,143,2025
1276,ANDREW RICE,,NOVATO,03:25:52,03:24:28,07:48 min/mile,MARATHON,169,23,13,M,144,2025
1214,AMAURY SCHOON,,BERGENFIELD,03:25:54,03:24:30,07:48 min/mile,MARATHON,170,42,30,M,145,2025
1084,JORDAN RITTENBERRY,,SAN FRANCISCO,03:26:25,03:24:35,07:48 min/mile,MARATHON,171,45,12,M,146,2025
510,ASHLEY LEONE,,TORONTO,03:24:52,03:24:37,07:48 min/mile,MARATHON,172,50,2,F,26,2025
810,ERIC WILLIAMSON,,ROCKLIN,03:24:44,03:24:39,07:48 min/mile,MARATHON,173,43,31,M,147,2025
1659,LIVIO DE LUTIO,,SAN FRANCISCO,03:24:53,03:24:41,07:48 min/mile,MARATHON,174,36,30,M,148,2025
1104,NICK LONGAKER,,NEW YORK,03:26:35,03:24:56,07:49 min/mile,MARATHON,175,28,22,M,149,2025
1261,GREGOR DAIRAGHI,,EVANSTON,03:26:03,03:24:57,07:49 min/mile,MARATHON,176,25,23,M,150,2025
944,DAVE DINABURG,,SAN FRANCISCO,03:26:09,03:24:58,07:49 min/mile,MARATHON,177,42,32,M,151,2025
1486,ROBERT KING,,IRVINE,03:25:22,03:25:06,07:49 min/mile,MARATHON,178,27,24,M,152,2025
1894,BILL BURGESS,,BETHESDA,03:25:38,03:25:23,07:50 min/mile,MARATHON,179,45,13,M,153,2025
1611,ERIC DOS SANTOS,,RIO DE JANEIRO,03:27:23,03:25:51,07:51 min/mile,MARATHON,180,32,29,M,154,2025
962,VALERIE THORP,,SANTA CRUZ,03:26:43,03:26:14,07:52 min/mile,MARATHON,181,33,8,F,27,2025
1279,IAN FIELD,,BURIEN,03:27:37,03:26:15,07:52 min/mile,MARATHON,182,38,31,M,155,2025
1268,SHANE KRAVETZ,,SCOTTSDALE,03:26:29,03:26:17,07:52 min/mile,MARATHON,183,31,30,M,156,2025
1702,MICHAEL ROMIZA,,SEASIDE,03:26:36,03:26:23,07:52 min/mile,MARATHON,184,33,31,M,157,2025
473,RACHAEL BANTON,,COLORADO SPGS,03:26:31,03:26:24,07:52 min/mile,MARATHON,185,35,5,F,28,2025
817,CORBIN BECK,,EL MACERO,03:26:50,03:26:25,07:52 min/mile,MARATHON,186,23,14,M,158,2025
1223,GUSTAVO RODRIGUEZ,,HOUSTON,03:26:38,03:26:28,07:52 min/mile,MARATHON,187,32,32,M,159,2025
955,JOHN BUCK,,PACIFIC GROVE,03:26:40,03:26:30,07:52 min/mile,MARATHON,188,27,25,M,160,2025
524,SOPHIE PHILLIPS,,LOS ANGELES,03:26:47,03:26:34,07:53 min/mile,MARATHON,189,26,7,F,29,2025
1082,KEVIN YANG,,PLAYA DEL REY,03:27:10,03:26:43,07:53 min/mile,MARATHON,190,47,14,M,161,2025
521,MICHAEL YU,,ZHUBEI,03:28:37,03:26:55,07:53 min/mile,MARATHON,191,53,6,M,162,2025
2846,HENRIQUE GONCALVES,,BELO HORIZONTE,03:32:08,03:27:04,07:54 min/mile,MARATHON,192,39,32,M,163,2025
497,MAGGIE WEBER,,HARDEEVILLE,03:27:14,03:27:06,07:54 min/mile,MARATHON,193,44,7,F,30,2025
581,KAITLYN CONEY,,AUSTIN,03:27:48,03:27:21,07:54 min/mile,MARATHON,194,36,6,F,31,2025
572,GEORGE LO,,SANTA CLARA,03:27:44,03:27:31,07:55 min/mile,MARATHON,195,55,6,M,164,2025
1889,NICHOLAS KRUEGER,,CARMEL,03:27:41,03:27:31,07:55 min/mile,MARATHON,196,25,26,M,165,2025
1704,JOHN SABOL,,MONTEREY,03:28:00,03:27:34,07:55 min/mile,MARATHON,197,36,33,M,166,2025
940,MARIA DIJKHORST,,LEIDSCHENDAM,03:28:26,03:27:35,07:55 min/mile,MARATHON,198,49,1,F,32,2025
768,ZACH SAWAYA,,SANTA BARBARA,03:27:58,03:27:38,07:55 min/mile,MARATHON,199,30,33,M,167,2025
1711,LUCAS ADRIAN,,MARINA,03:28:48,03:27:42,07:55 min/mile,MARATHON,200,25,27,M,168,2025
979,ERIC DANIELSEN,,PACIFIC GROVE,03:28:49,03:27:42,07:55 min/mile,MARATHON,201,29,28,M,169,2025
665,ALEXIS BAILLIE,,SAN FRANCISCO,03:29:00,03:27:45,07:55 min/mile,MARATHON,202,28,8,F,33,2025
1035,TIMOTHY WALL,,WALNUT CREEK,03:29:17,03:27:47,07:55 min/mile,MARATHON,203,33,34,M,170,2025
726,ELISABETH STOCKING,,SAN FRANCISCO,03:28:39,03:27:50,07:55 min/mile,MARATHON,204,35,7,F,34,2025
1422,AUDREY DURBIN,,HOBOKEN,03:28:06,03:27:53,07:56 min/mile,MARATHON,205,24,2,F,35,2025
1587,JANE RINGROSE,,BOLSOVER,03:27:55,03:27:53,07:56 min/mile,MARATHON,206,51,3,F,36,2025
1530,MIGUEL HIDALGO,,MONTEREY,03:28:04,03:27:58,07:56 min/mile,MARATHON,207,34,35,M,171,2025
1588,EVIN WICK,,SAN FRANCISCO,03:28:31,03:28:15,07:56 min/mile,MARATHON,208,40,33,M,172,2025
1167,MARITZA PADILLA,,ATLANTA,03:28:35,03:28:21,07:57 min/mile,MARATHON,209,31,9,F,37,2025
1018,KAMIL WNUK,,LOS ANGELES,03:28:35,03:28:23,07:57 min/mile,MARATHON,210,41,34,M,173,2025
2106,ALEXI CHRISTAKIS,,SAN FRANCISCO,03:29:03,03:28:26,07:57 min/mile,MARATHON,211,27,29,M,174,2025
1252,GEORGIA TULLY,,PHOENIX,03:28:43,03:28:27,07:57 min/mile,MARATHON,212,24,3,F,38,2025
1297,CODY JOHN,,SANDY,03:28:50,03:28:30,07:57 min/mile,MARATHON,213,40,35,M,175,2025
1083,SHARON RYDER,,BURLEIGH WATERS,03:29:20,03:28:34,07:57 min/mile,MARATHON,214,52,4,F,39,2025
1220,MICAELA AGUE,,CAMPBELL,03:28:51,03:28:43,07:57 min/mile,MARATHON,215,27,9,F,40,2025
1215,SCOTT LARUFFA,,MISSION VIEJO,03:29:11,03:28:48,07:58 min/mile,MARATHON,216,51,7,M,176,2025
449,ANNA STAATS,,ARLINGTON,03:29:06,03:28:50,07:58 min/mile,MARATHON,217,25,10,F,41,2025
1514,JON CLINE,,BROOKLYN,03:29:50,03:28:52,07:58 min/mile,MARATHON,218,35,34,M,177,2025
1534,TRAVIS TAAFFE,,SARASOTA,03:28:58,03:28:52,07:58 min/mile,MARATHON,219,29,30,M,178,2025
754,EMILY DENTINGER,,PHILADELPHIA,03:29:16,03:28:59,07:58 min/mile,MARATHON,220,28,11,F,42,2025
1081,LUKE BRUNS,,HGHLNDS RANCH,03:29:15,03:28:59,07:58 min/mile,MARATHON,221,28,31,M,179,2025
529,LORENZA JIMENEZ,,HUIXQUILUCAN,03:29:45,03:29:04,07:58 min/mile,MARATHON,222,56,1,F,43,2025
169,RYAN KUHN,,LOS ANGELES,03:29:39,03:29:08,07:58 min/mile,MARATHON,223,40,36,M,180,2025
1747,STACY VANDERSCHAAF,,SIMI VALLEY,03:29:49,03:29:12,07:59 min/mile,MARATHON,224,43,8,F,44,2025
826,ALEX PODMORE,,WILLOWICK,03:29:39,03:29:15,07:59 min/mile,MARATHON,225,29,32,M,181,2025
1111,JEFFREY SUER,,SANTA MONICA,03:29:47,03:29:16,07:59 min/mile,MARATHON,226,39,35,M,182,2025
835,ARDY AZADGAN,,CORONA DL MAR,03:29:31,03:29:20,07:59 min/mile,MARATHON,227,43,37,M,183,2025
1547,RUBEN MAGANA,,SALINAS,03:29:31,03:29:22,07:59 min/mile,MARATHON,228,57,7,M,184,2025
733,BRIAN PFEFFER,,LOS ANGELES,03:30:02,03:29:24,07:59 min/mile,MARATHON,229,44,38,M,185,2025
1012,RHETT PEMBER,,HOUSTON,03:30:56,03:29:28,07:59 min/mile,MARATHON,230,39,36,M,186,2025
1256,JIM ERWIN-SVOBODA,,DENVER,03:29:52,03:29:32,07:59 min/mile,MARATHON,231,36,37,M,187,2025
1713,GANG CHEN,,FREMONT,03:29:48,03:29:37,08:00 min/mile,MARATHON,232,54,8,M,188,2025
1107,FRANK MODRUSON IV,,N HOLLYWOOD,03:30:35,03:29:38,08:00 min/mile,MARATHON,233,32,36,M,189,2025
3243,AMBER HIMMLER,,REDONDO BEACH,03:29:57,03:29:44,08:00 min/mile,MARATHON,234,34,10,F,45,2025
1552,ARMANDO NEGRETE-RAMIREZ,,OAKLAND,03:29:53,03:29:44,08:00 min/mile,MARATHON,235,28,33,M,190,2025
827,ROBERT DOWNING,,HERMOSA BEACH,03:30:58,03:29:46,08:00 min/mile,MARATHON,236,46,15,M,191,2025
583,VICKTORIA VELLA,,SAN FRANCISCO,03:31:33,03:29:47,08:00 min/mile,MARATHON,237,37,8,F,46,2025
1085,SAM CHI,,MENLO PARK,03:30:16,03:29:50,08:00 min/mile,MARATHON,238,50,9,M,192,2025
1555,REZA HAJISHEYKHI,,PALO ALTO,03:31:19,03:29:58,08:00 min/mile,MARATHON,239,41,39,M,193,2025
1712,CESAR GUZMAN,,PALMDALE,03:31:11,03:30:08,08:01 min/mile,MARATHON,240,31,37,M,194,2025
624,CYRIL STAPLETON,,RINGWOOD,03:31:04,03:30:10,08:01 min/mile,MARATHON,241,54,10,M,195,2025
2918,MICHAEL BACCI,,SEVERNA PARK,03:35:26,03:30:22,08:01 min/mile,MARATHON,242,35,38,M,196,2025
1101,STEPHANIE MARTINEZ,,SAN FRANCISCO,03:31:46,03:30:22,08:01 min/mile,MARATHON,243,27,12,F,47,2025
1612,NOAH RAPPAHAHN,,PACIFIC GROVE,03:30:40,03:30:25,08:01 min/mile,MARATHON,244,37,39,M,197,2025
853,ANTHONY LUPIAN,,SAN FRANCISCO,03:31:38,03:30:25,08:01 min/mile,MARATHON,245,43,40,M,198,2025
1141,JACOB THAYER,,SAN FRANCISCO,03:31:14,03:30:25,08:01 min/mile,MARATHON,246,24,15,M,199,2025
34,MELISSA LUEBECK,,BOZEMAN,03:31:02,03:30:27,08:01 min/mile,MARATHON,247,44,9,F,48,2025
661,SAIF AMATH,,SAN FRANCISCO,03:31:12,03:30:28,08:01 min/mile,MARATHON,248,37,40,M,200,2025
1416,DANIEL HALL,,DOWNINGTOWN,03:31:44,03:30:33,08:02 min/mile,MARATHON,249,37,41,M,201,2025
834,ERIC DRAKE,,OAKLAND,03:31:57,03:30:37,08:02 min/mile,MARATHON,250,28,34,M,202,2025
1217,JOHNSON LAMWATTHANANON,,PACIFIC GROVE,03:30:54,03:30:49,08:02 min/mile,MARATHON,251,31,38,M,203,2025
1013,AARON PESSAH,,SAN JOSE,03:30:58,03:30:50,08:02 min/mile,MARATHON,252,37,42,M,204,2025
621,LAUREN HAMILTON,,EUGENE,03:31:07,03:30:54,08:02 min/mile,MARATHON,253,45,2,F,49,2025
1511,AKIO MORI,,CARMEL,03:32:36,03:30:55,08:03 min/mile,MARATHON,254,40,41,M,205,2025
976,VIVEK HAJELA,,FREMONT,03:31:31,03:31:10,08:03 min/mile,MARATHON,255,43,42,M,206,2025
643,JOSEPH LETZELTER,,WASHINGTON,03:33:07,03:31:13,08:03 min/mile,MARATHON,256,39,43,M,207,2025
1452,KIERAN SHAW,,NEW YORK,03:32:12,03:31:26,08:04 min/mile,MARATHON,257,26,35,M,208,2025
850,HEATHER HUDAK,,GIBSONIA,03:31:46,03:31:28,08:04 min/mile,MARATHON,258,51,5,F,50,2025
847,TREVOR ALVORD,,LOS ANGELES,03:31:44,03:31:33,08:04 min/mile,MARATHON,259,30,39,M,209,2025
1616,DALLAS HOLVERSON,,NAVARRE,03:31:56,03:31:34,08:04 min/mile,MARATHON,260,57,8,M,210,2025
824,JOHN PHAM,,ALAMEDA,03:32:11,03:31:49,08:05 min/mile,MARATHON,261,39,44,M,211,2025
654,JORDAN WISNIEWSKI,,BROOKLYN,03:32:25,03:31:53,08:05 min/mile,MARATHON,262,37,45,M,212,2025
455,RICHARD DRAVENSTOTT,,WELLESLEY,03:32:18,03:32:03,08:05 min/mile,MARATHON,263,51,11,M,213,2025
1602,KEVIN ELLIS,,CARMEL VALLEY,03:32:31,03:32:03,08:05 min/mile,MARATHON,264,49,16,M,214,2025
859,ANDRES BOLIVAR,,BOCA RATON,03:32:30,03:32:04,08:05 min/mile,MARATHON,265,49,17,M,215,2025
685,LAURA BOWENS,,NASHVILLE,03:33:29,03:32:08,08:05 min/mile,MARATHON,266,31,11,F,51,2025
945,HENRY CHOI,,PEBBLE BEACH,03:32:24,03:32:10,08:05 min/mile,MARATHON,267,30,40,M,216,2025
731,BEN KAPLAN,,MEQUON,03:32:46,03:32:26,08:06 min/mile,MARATHON,268,41,43,M,217,2025
1538,MACKENZIE CAPRINO,,SEASIDE,03:32:55,03:32:32,08:06 min/mile,MARATHON,269,23,4,F,52,2025
1003,CHRISTIAN VARGAS,,RIDGEWOOD,03:32:39,03:32:32,08:06 min/mile,MARATHON,270,37,46,M,218,2025
54,JACK WITZIG,,MERCHANTVILLE,03:32:48,03:32:36,08:06 min/mile,MARATHON,271,48,18,M,219,2025
925,KALA MAUS,,ANCHORAGE,03:34:21,03:32:41,08:07 min/mile,MARATHON,272,35,9,F,53,2025
1029,KEVIN CURREY,,BROOKLYN,03:33:41,03:32:50,08:07 min/mile,MARATHON,273,38,47,M,220,2025
1645,BEN GARDNER,,SAN CLEMENTE,03:33:04,03:32:53,08:07 min/mile,MARATHON,274,40,44,M,221,2025
1728,SCOTT BENNETT,,SAN FRANCISCO,03:33:53,03:32:53,08:07 min/mile,MARATHON,275,31,41,M,222,2025
1109,LUIS TORRES,,ANAHEIM,03:34:01,03:32:54,08:07 min/mile,MARATHON,276,40,45,M,223,2025
504,JORDAN ZIMMERMAN,,PITTSBURGH,03:33:30,03:32:57,08:07 min/mile,MARATHON,277,35,10,F,54,2025
39,RANDY WILLIAMS,,DENVER,03:33:08,03:33:01,08:07 min/mile,MARATHON,278,38,48,M,224,2025
1605,CHELSEA BATSON,,CARMEL,03:33:23,03:33:11,08:08 min/mile,MARATHON,279,40,10,F,55,2025
462,CLAUDIA BRINKRUFF,,GREENFIELD,03:33:42,03:33:11,08:08 min/mile,MARATHON,280,49,3,F,56,2025
1145,TODD MCCLIMANS,,YORK,03:33:53,03:33:14,08:08 min/mile,MARATHON,281,46,19,M,225,2025
1175,STEPHANIE VEZICH,,SAN FRANCISCO,03:33:47,03:33:20,08:08 min/mile,MARATHON,282,36,11,F,57,2025
1764,STEPHANIE TARCZYNSKI,,SEATTLE,03:33:39,03:33:27,08:08 min/mile,MARATHON,283,32,12,F,58,2025
490,ALAINA GEREN,,KANSAS CITY,03:33:55,03:33:31,08:08 min/mile,MARATHON,284,32,13,F,59,2025
1016,ELLA GENASCI SMITH,,PALO ALTO,03:34:02,03:33:32,08:09 min/mile,MARATHON,285,32,14,F,60,2025
819,MATTHEW MORAN,,ORINDA,03:33:54,03:33:37,08:09 min/mile,MARATHON,286,28,36,M,226,2025
3558,JACKSON DE CAMPOS,,SAN FRANCISCO,03:38:42,03:33:40,08:09 min/mile,MARATHON,287,26,37,M,227,2025
1088,ANNA MOROZOV,,BLACKSBURG,03:34:45,03:33:47,08:09 min/mile,MARATHON,288,25,13,F,61,2025
50,TONY LIU,,SAN FRANCISCO,03:33:58,03:33:53,08:09 min/mile,MARATHON,289,32,42,M,228,2025
890,NICOLE DAL CIELO,,NEW YORK,03:34:35,03:33:57,08:09 min/mile,MARATHON,290,26,14,F,62,2025
1918,OSCAR SEGURA SALDANA,,RENO,03:34:28,03:34:06,08:10 min/mile,MARATHON,291,33,43,M,229,2025
849,PEDRO ORTEGA,,MATEHUALA SLP,03:34:53,03:34:06,08:10 min/mile,MARATHON,292,39,49,M,230,2025
66,DANIEL CZAJKOWSKI,,NEW CITY,03:34:38,03:34:22,08:10 min/mile,MARATHON,293,52,12,M,231,2025
772,QUINN MEINHARDT,,CARMEL,03:34:37,03:34:26,08:11 min/mile,MARATHON,294,23,5,F,63,2025
1784,CHRISTIAN VAN DUSER,,HAZEL PARK,03:35:07,03:34:30,08:11 min/mile,MARATHON,295,41,46,M,232,2025
471,CATHERINE BLIZZARD,,NEW YORK,03:34:37,03:34:30,08:11 min/mile,MARATHON,296,26,15,F,64,2025
756,PRENTISS DOUGLASS,,SAN FRANCISCO,03:35:55,03:34:31,08:11 min/mile,MARATHON,297,51,13,M,233,2025
797,JESUS TAITANO,,IRVINE,03:34:56,03:34:35,08:11 min/mile,MARATHON,298,37,50,M,234,2025
2577,PHIL OVERTON,,LANCASTER,03:39:42,03:34:35,08:11 min/mile,MARATHON,299,28,38,M,235,2025
62,BLAIR SPEED,,BOZEMAN,03:35:03,03:34:47,08:11 min/mile,MARATHON,300,39,12,F,65,2025
889,GINO SIGNORACCI,,CARMEL,03:35:06,03:34:47,08:11 min/mile,MARATHON,301,42,47,M,236,2025
645,CHARLES LESAUX,,VICTORIA,03:36:02,03:34:48,08:11 min/mile,MARATHON,302,51,14,M,237,2025
1334,SALVATORE MERCURIO,,MONTEREY,03:35:05,03:34:50,08:11 min/mile,MARATHON,303,34,44,M,238,2025
1831,BRENDAN LINN,,OAKLAND,03:36:28,03:34:59,08:12 min/mile,MARATHON,304,40,48,M,239,2025
506,ALBERTO COLIN,,LONG BEACH,03:36:32,03:35:08,08:12 min/mile,MARATHON,305,59,9,M,240,2025
1282,AVEN SATRE-MELOY,,SAN FRANCISCO,03:36:23,03:35:11,08:12 min/mile,MARATHON,306,34,45,M,241,2025
101,PAUL OCONNELL,,MOULTONBORO,03:35:38,03:35:14,08:12 min/mile,MARATHON,307,54,15,M,242,2025
1469,BRADLEY REICH,,BILLINGS,03:35:52,03:35:15,08:12 min/mile,MARATHON,308,45,20,M,243,2025
505,MICHAEL STEFFENS,,MAYEN,03:35:49,03:35:25,08:13 min/mile,MARATHON,309,46,21,M,244,2025
1439,GLENN BLACKLER,,SANTA CRUZ,03:36:10,03:35:35,08:13 min/mile,MARATHON,310,52,16,M,245,2025
484,PASCAL BESSETTE,,OTTAWA,03:36:41,03:35:38,08:13 min/mile,MARATHON,311,48,22,M,246,2025
526,DIMITAR ALEXANDROV,,LADERA RANCH,03:36:15,03:35:39,08:13 min/mile,MARATHON,312,50,17,M,247,2025
474,ADAM SCHWARTZ-LOWE,,DULUTH,03:36:34,03:35:51,08:14 min/mile,MARATHON,313,52,18,M,248,2025
459,WILLIS STEBBINS,,SAN FRANCISCO,03:35:54,03:35:51,08:14 min/mile,MARATHON,314,34,46,M,249,2025
1866,KEN CAREY,,CORK,03:36:22,03:35:52,08:14 min/mile,MARATHON,315,67,2,M,250,2025
562,LAURA BLISS,,STILLWATER,03:36:28,03:35:55,08:14 min/mile,MARATHON,316,40,11,F,66,2025
635,BRADFORD ANDERSON,,DRAPER,03:37:30,03:36:08,08:14 min/mile,MARATHON,317,28,39,M,251,2025
1118,BRYAN SLOSS,,LOS ANGELES,03:36:10,03:36:10,08:15 min/mile,MARATHON,318,31,47,M,252,2025
56,YOMTOB ACHAR,,MÉXICO CITY,03:36:31,03:36:12,08:15 min/mile,MARATHON,319,37,51,M,253,2025
2381,ROBERT SCHMIDT,,LOS GATOS,03:41:42,03:36:17,08:15 min/mile,MARATHON,320,25,40,M,254,2025
1737,ANDRII SAVCHENKO,,CUPERTINO,03:36:39,03:36:24,08:15 min/mile,MARATHON,321,48,23,M,255,2025
1173,YIFU ZHOU,,LA VERNE,03:36:40,03:36:25,08:15 min/mile,MARATHON,322,31,48,M,256,2025
1105,MARIO LIPINSKI,,MORENO VALLEY,03:36:58,03:36:26,08:15 min/mile,MARATHON,323,44,49,M,257,2025
603,JOSEF SOKOLOVSKY,,ATLANTA,03:37:01,03:36:32,08:15 min/mile,MARATHON,324,33,49,M,258,2025
1143,HOSSEIN SABERI,,SAN JOSE,03:36:53,03:36:45,08:16 min/mile,MARATHON,325,39,52,M,259,2025
1037,ANDREW DAY,,SANTA MONICA,03:37:27,03:36:48,08:16 min/mile,MARATHON,326,40,50,M,260,2025
1247,DANIEL BOECK,,ALBANY,03:37:13,03:36:56,08:16 min/mile,MARATHON,327,35,53,M,261,2025
1624,STANLEY FONG,,LAS VEGAS,03:37:17,03:37:08,08:17 min/mile,MARATHON,328,43,51,M,262,2025
556,ROBERT BERGERON,,TROIS-RIVIÈRES,03:37:56,03:37:10,08:17 min/mile,MARATHON,329,60,3,M,263,2025
1149,JUSTIN SMYTH,,ALBUQUERQUE,03:38:41,03:37:15,08:17 min/mile,MARATHON,330,38,54,M,264,2025
1106,HENNING WEDEMEYER,,LAUREL PARK,03:38:20,03:37:18,08:17 min/mile,MARATHON,331,53,19,M,265,2025
842,AMANDA OHALA,,EUGENE,03:37:30,03:37:19,08:17 min/mile,MARATHON,332,32,15,F,67,2025
507,REJEAN COTE,,ALMA,03:37:53,03:37:25,08:17 min/mile,MARATHON,333,62,4,M,266,2025
880,JOHN PINEDA,,NEW YORK,03:38:11,03:37:26,08:17 min/mile,MARATHON,334,38,55,M,267,2025
443,ANDREW BAKER,,SALINAS,03:37:58,03:37:50,08:18 min/mile,MARATHON,335,40,52,M,268,2025
1417,JARROD MATTINGLY,,SAN JOSE,03:38:14,03:38:00,08:19 min/mile,MARATHON,336,32,50,M,269,2025
857,JONATHAN MATES-MUCHIN,,OAKLAND,03:39:46,03:38:04,08:19 min/mile,MARATHON,337,51,20,M,270,2025
1112,NASH WEISS,,ALMA,03:39:10,03:38:05,08:19 min/mile,MARATHON,338,27,41,M,271,2025
486,BRADLEY FENNER,,CORTE MADERA,03:38:28,03:38:11,08:19 min/mile,MARATHON,339,60,5,M,272,2025
981,MELISSA GOLDEN,,PACIFIC GROVE,03:38:56,03:38:22,08:20 min/mile,MARATHON,340,39,13,F,68,2025
1262,HYUN GI LEE,,NEW YORK,03:38:38,03:38:24,08:20 min/mile,MARATHON,341,30,51,M,273,2025
818,RYAN FLACK,,NEW HAVEN,03:40:14,03:38:31,08:20 min/mile,MARATHON,342,30,52,M,274,2025
749,ROBERT HEUGLY,,HANFORD,03:40:18,03:38:34,08:20 min/mile,MARATHON,343,52,21,M,275,2025
1273,ALEXANDRA ELLIOTT,,MONTEREY,03:38:59,03:38:35,08:20 min/mile,MARATHON,344,28,16,F,69,2025
571,ELIZABETH NEWTON,,EVANSTON,03:40:00,03:38:36,08:20 min/mile,MARATHON,345,43,12,F,70,2025
833,VLADIMIR SUBBOTIN,,SAN FRANCISCO,03:38:47,03:38:38,08:20 min/mile,MARATHON,346,38,56,M,276,2025
939,BRIAN SCHMITZ,,MENLO PARK,03:40:27,03:38:39,08:20 min/mile,MARATHON,347,54,22,M,277,2025
1036,QIANG SONG,,SAN RAMON,03:38:59,03:38:45,08:20 min/mile,MARATHON,348,52,23,M,278,2025
494,RIKKI-LAUREN MENDENHALL,,RALEIGH,03:39:05,03:38:58,08:21 min/mile,MARATHON,349,35,14,F,71,2025
954,FORD KNIPPA,,MONTEREY,03:39:59,03:38:59,08:21 min/mile,MARATHON,350,23,16,M,279,2025
520,MARGARET FLACK,,SEATTLE,03:40:29,03:39:00,08:21 min/mile,MARATHON,351,52,6,F,72,2025
519,SEAN FLACK,,SEATTLE,03:40:30,03:39:00,08:21 min/mile,MARATHON,352,56,10,M,280,2025
81,NATE HOLMES,,DENVER,03:39:21,03:39:00,08:21 min/mile,MARATHON,353,36,57,M,281,2025
949,SPENCER CONTE,,BLACKLICK,03:40:29,03:39:01,08:21 min/mile,MARATHON,354,35,58,M,282,2025
1303,MATTHYS BENEDEK,,BROOKLYN,03:39:36,03:39:05,08:21 min/mile,MARATHON,355,31,53,M,283,2025
951,TOM NGUYEN,,ORLANDO,03:40:23,03:39:06,08:21 min/mile,MARATHON,356,37,59,M,284,2025
1709,RICHARD STILWELL,,PEBBLE BEACH,03:39:13,03:39:07,08:21 min/mile,MARATHON,357,26,42,M,285,2025
1871,REID BERKE,,CARMEL,03:39:55,03:39:10,08:21 min/mile,MARATHON,358,25,43,M,286,2025
73,HARRY DOWNIE,,NEW YORK,03:39:15,03:39:10,08:21 min/mile,MARATHON,359,27,44,M,287,2025
876,ASHLEY LANGLEY,,CARMEL,03:39:55,03:39:11,08:21 min/mile,MARATHON,360,24,6,F,73,2025
1091,KIRK MYERS,,HOUSTON,03:39:37,03:39:13,08:22 min/mile,MARATHON,361,48,24,M,288,2025
1843,ZACHARY HAHN,,SAN FRANCISCO,03:40:27,03:39:15,08:22 min/mile,MARATHON,362,26,45,M,289,2025
495,KYRA WILDER,,VERSOIX,03:39:52,03:39:23,08:22 min/mile,MARATHON,363,41,13,F,74,2025
1114,PHILIP ROSE,,SAN FRANCISCO,03:39:51,03:39:28,08:22 min/mile,MARATHON,364,34,54,M,290,2025
1586,ROSS NEUMANN,,VENICE,03:39:49,03:39:28,08:22 min/mile,MARATHON,365,40,53,M,291,2025
1228,DAVID PRINGLE,,LOS ANGELES,03:41:19,03:39:33,08:22 min/mile,MARATHON,366,39,60,M,292,2025
1990,HAYDN GWYN,,POTOMAC,03:40:10,03:39:34,08:22 min/mile,MARATHON,367,23,17,M,293,2025
1203,JOHN MANION,,WASHINGTON,03:41:07,03:39:36,08:22 min/mile,MARATHON,368,28,46,M,294,2025
642,NICOLE HOOD,,WALNUT CREEK,03:39:53,03:39:44,08:23 min/mile,MARATHON,369,32,16,F,75,2025
851,MEGAN WILLIAMS,,WALNUT CREEK,03:40:06,03:39:45,08:23 min/mile,MARATHON,370,30,17,F,76,2025
846,DANIEL MUCCIOLO,,DOWNERS GROVE,03:40:16,03:39:52,08:23 min/mile,MARATHON,371,47,25,M,295,2025
770,MATTHEW SAMBROOK,,OAKVILLE,03:40:20,03:39:56,08:23 min/mile,MARATHON,372,49,26,M,296,2025
28,DEREK ZAGORT,,ALEDO,03:40:16,03:40:02,08:23 min/mile,MARATHON,373,38,61,M,297,2025
1596,MIKE RASCHILLA,,NEW YORK,03:41:34,03:40:03,08:23 min/mile,MARATHON,374,30,55,M,298,2025
595,HSIANGCHI LEE,,TAICHUNG,03:41:47,03:40:04,08:23 min/mile,MARATHON,375,52,24,M,299,2025
1231,CONRAD ZAMPARELLO,,ARLINGTON,03:40:23,03:40:04,08:23 min/mile,MARATHON,376,29,47,M,300,2025
1275,ZOFIA TILLMAN,,THORNTON,03:41:05,03:40:06,08:24 min/mile,MARATHON,377,30,18,F,77,2025
1664,MADISON KEITH,,LITTLETON,03:40:54,03:40:12,08:24 min/mile,MARATHON,378,27,17,F,78,2025
1176,GENEVIEVE LIDOFF,,SN LUIS OBISP,03:40:51,03:40:12,08:24 min/mile,MARATHON,379,40,14,F,79,2025
1031,GERALD HYNES,,MOORESVILLE,03:40:37,03:40:15,08:24 min/mile,MARATHON,380,59,11,M,301,2025
597,VICKI NILLES,,EAGAN,03:40:42,03:40:19,08:24 min/mile,MARATHON,381,41,15,F,80,2025
1281,VALERIE ROBERT,,CHICAGO,03:41:05,03:40:21,08:24 min/mile,MARATHON,382,29,18,F,81,2025
865,HANS HORN,,GUADALAJARA,03:41:26,03:40:24,08:24 min/mile,MARATHON,383,33,56,M,302,2025
1655,HAYLEY ELLER,,FREMONT,03:41:51,03:40:29,08:24 min/mile,MARATHON,384,32,19,F,82,2025
153,ERIC GRAHAM,,LAKE FOREST,03:41:15,03:40:33,08:25 min/mile,MARATHON,385,50,25,M,303,2025
1431,JOEL TRIPLETT,,SAN LEANDRO,03:41:17,03:40:33,08:25 min/mile,MARATHON,386,38,62,M,304,2025
1430,MARSHALL TRIPLETT,,PUYALLUP,03:41:17,03:40:33,08:25 min/mile,MARATHON,387,36,63,M,305,2025
1245,HUGO OLVERA,,MEXICO DF,03:40:59,03:40:37,08:25 min/mile,MARATHON,388,48,27,M,306,2025
1304,LANCE LI PUMA,,SAN FRANCISCO,03:42:01,03:40:37,08:25 min/mile,MARATHON,389,32,57,M,307,2025
59,FRANK TONG,,NASHVILLE,03:40:54,03:40:39,08:25 min/mile,MARATHON,390,53,26,M,308,2025
867,PETER HALL,,CHICAGO,03:41:51,03:40:44,08:25 min/mile,MARATHON,391,32,58,M,309,2025
1739,CAROLINA MAKOWSKI,,SAN DIEGO,03:41:58,03:40:45,08:25 min/mile,MARATHON,392,32,20,F,83,2025
98,BRADEN FAULKNER,,KITCHENER,03:41:42,03:40:56,08:25 min/mile,MARATHON,393,30,59,M,310,2025
485,JOEL GITTEMEIER,,HOUSTON,03:41:32,03:40:56,08:25 min/mile,MARATHON,394,43,54,M,311,2025
1634,YVONNE TANG,,SAN LORENZO,03:41:21,03:40:58,08:26 min/mile,MARATHON,395,37,15,F,84,2025
811,GERMAN ROLDAN,,NEWARK,03:41:17,03:41:02,08:26 min/mile,MARATHON,396,31,60,M,312,2025
1102,JADE PETERSON,,ANKENY,03:42:57,03:41:04,08:26 min/mile,MARATHON,397,28,19,F,85,2025
1204,HAIXIANG ZHANG,,JERSEY CITY,03:41:54,03:41:13,08:26 min/mile,MARATHON,398,28,48,M,313,2025
1325,MAGGIE LI PUMA,,SAN FRANCISCO,03:42:38,03:41:15,08:26 min/mile,MARATHON,399,32,21,F,86,2025
3343,JOSH BACCEI,,MIDPINES,03:46:23,03:41:16,08:26 min/mile,MARATHON,400,46,28,M,314,2025
1753,MELISSA PETERSON,,SALINAS,03:42:03,03:41:16,08:26 min/mile,MARATHON,401,42,16,F,87,2025
1745,DEREK BOWMAN,,REDMOND,03:42:55,03:41:18,08:26 min/mile,MARATHON,402,47,29,M,315,2025
1213,KYLE HOULTON,,SANTA ANA,03:41:48,03:41:19,08:26 min/mile,MARATHON,403,38,64,M,316,2025
456,TIAGO RESENDE,,NOVA LIMA,03:42:02,03:41:29,08:27 min/mile,MARATHON,404,45,30,M,317,2025
1445,CHRISTIAN JAEKLE,,CINCINNATI,03:42:09,03:41:33,08:27 min/mile,MARATHON,405,32,61,M,318,2025
3903,NAOMI ERRATH,,WABAN,03:47:19,03:41:47,08:27 min/mile,MARATHON,406,30,22,F,88,2025
483,LEONEL NORONHA,,SALVADOR,03:42:04,03:41:50,08:28 min/mile,MARATHON,407,50,27,M,319,2025
108,FREDERIC SAUREL,,TOULOUSE,03:42:02,03:41:50,08:28 min/mile,MARATHON,408,48,31,M,320,2025
1234,MARK BRADICA,,TORONTO,03:43:23,03:41:50,08:28 min/mile,MARATHON,409,28,49,M,321,2025
2457,MARK NISNISAN,,SAN LEANDRO,03:47:35,03:41:52,08:28 min/mile,MARATHON,410,32,62,M,322,2025
1166,AMEEN SALEHITEZANGI,,AUSTIN,03:42:55,03:41:53,08:28 min/mile,MARATHON,411,32,63,M,323,2025
531,DAVID GREENWOOD,,AUCKLAND,03:42:02,03:41:57,08:28 min/mile,MARATHON,412,54,28,M,324,2025
523,MICHAEL KINCAID,,ATLANTA,03:42:32,03:41:59,08:28 min/mile,MARATHON,413,38,65,M,325,2025
3265,ALEJANDRO BARBA,,GONZALES,03:46:47,03:42:10,08:28 min/mile,MARATHON,414,39,66,M,326,2025
1793,PHILLIP SUKKE,,SUNNYVALE,03:42:49,03:42:24,08:29 min/mile,MARATHON,415,38,67,M,327,2025
761,LU WEN CHUANG,,CARMEL,03:42:44,03:42:33,08:29 min/mile,MARATHON,416,17,1,F,89,2025
1233,KELLY LEATHERMAN,,BOWLING GREEN,03:42:53,03:42:40,08:29 min/mile,MARATHON,417,30,23,F,90,2025
934,RYAN TERRY,,MONTEREY,03:43:24,03:42:45,08:30 min/mile,MARATHON,418,43,55,M,328,2025
693,CARSON LEONG,,KOWNLOON,03:43:15,03:42:46,08:30 min/mile,MARATHON,419,38,68,M,329,2025
667,LAUREN COHEN,,CHARLOTTE,03:43:03,03:42:48,08:30 min/mile,MARATHON,420,35,16,F,91,2025
1290,BRAD GLASSCOCK,,MIDLAND,03:43:05,03:42:50,08:30 min/mile,MARATHON,421,45,32,M,330,2025
1458,CHRISTOPHER LLOYD,,PIEDMONT,03:44:03,03:42:56,08:30 min/mile,MARATHON,422,37,69,M,331,2025
2729,DIANA GARCIA CHAVEZ,,SALINAS,03:50:13,03:42:56,08:30 min/mile,MARATHON,423,24,7,F,92,2025
1433,KRISTOFFER STRAUSS,,SAN JOSE,03:43:56,03:42:57,08:30 min/mile,MARATHON,424,37,70,M,332,2025
1127,NICOLE SHIVER,,PURVIS,03:43:16,03:42:59,08:30 min/mile,MARATHON,425,31,24,F,93,2025
1033,MOONSIK KANG,,PLEASANTON,03:43:24,03:43:01,08:30 min/mile,MARATHON,426,45,33,M,333,2025
952,MADDY DENISON,,GROSSE PT WDS,03:44:27,03:43:04,08:30 min/mile,MARATHON,427,28,20,F,94,2025
914,RYAN HARE,,ORCHARD PARK,03:43:45,03:43:07,08:30 min/mile,MARATHON,428,40,56,M,334,2025
2977,KRISTA JOHNSON,,SAN FRANCISCO,03:43:34,03:43:08,08:30 min/mile,MARATHON,429,41,17,F,95,2025
1849,EMILY WELLS,,NASHVILLE,03:43:28,03:43:10,08:31 min/mile,MARATHON,430,38,17,F,96,2025
1601,ERIC GAUDREAULT,,NOTRE-DAME-DE-L’ÎLE-PERROT,03:45:23,03:43:14,08:31 min/mile,MARATHON,431,56,12,M,335,2025
698,DANIELLE SAUNDERS,,THUNDER BAY,03:43:46,03:43:17,08:31 min/mile,MARATHON,432,25,21,F,97,2025
1666,MATTHEW AZEBU,,WALNUT CREEK,03:44:24,03:43:17,08:31 min/mile,MARATHON,433,32,64,M,336,2025
1126,ERIN FRANKLIN,,DALLAS,03:43:58,03:43:19,08:31 min/mile,MARATHON,434,38,18,F,98,2025
554,JENNI TOBIN,,DENVER,03:44:00,03:43:25,08:31 min/mile,MARATHON,435,44,18,F,99,2025
1097,MICHAEL PATERSON,,BUDERIM,03:44:06,03:43:25,08:31 min/mile,MARATHON,436,44,57,M,337,2025
620,KYLE LAFERNEY,,PROSPER,03:44:30,03:43:26,08:31 min/mile,MARATHON,437,43,58,M,338,2025
669,LIAM NIZNICK,,NEW YORK,03:44:01,03:43:27,08:31 min/mile,MARATHON,438,25,50,M,339,2025
1528,MAXWELL FLANAGAN,,MONTEREY,03:44:49,03:43:28,08:31 min/mile,MARATHON,439,32,65,M,340,2025
1519,JACOB REIMERS,,SAN DIEGO,03:43:53,03:43:29,08:31 min/mile,MARATHON,440,30,66,M,341,2025
1225,ISIDORO PEREZ,,BRADENTON,03:43:35,03:43:30,08:31 min/mile,MARATHON,441,49,34,M,342,2025
960,ROSS VEZIN,,BEAUFORT,03:43:40,03:43:31,08:31 min/mile,MARATHON,442,36,71,M,343,2025
1151,LEAMON STANSELL,,TUJUNGA,03:43:53,03:43:38,08:32 min/mile,MARATHON,443,61,6,M,344,2025
1814,TIM POESCHEL,,DOWNERS GROVE,03:43:52,03:43:41,08:32 min/mile,MARATHON,444,51,29,M,345,2025
877,DARL VAN RHEENEN,,PEBBLE BEACH,03:44:49,03:43:43,08:32 min/mile,MARATHON,445,63,7,M,346,2025
47,RICHARD HAALAND,,DECATUR,03:44:02,03:43:44,08:32 min/mile,MARATHON,446,48,35,M,347,2025
1927,MERETE CONLEY,,MONTEREY,03:44:50,03:43:46,08:32 min/mile,MARATHON,447,22,8,F,100,2025
809,RAY ROSALEZ,,CHICAGO,03:50:24,03:43:51,08:32 min/mile,MARATHON,448,25,51,M,348,2025
68,RODRIGO MAYO,,CIUDAD JUAREZ,03:43:57,03:43:51,08:32 min/mile,MARATHON,449,45,36,M,349,2025
3530,CASEY VANSPANKEREN,,LAKE GENEVA,03:50:26,03:43:54,08:32 min/mile,MARATHON,450,24,18,M,350,2025
822,BARRETT HAYNES,,SEATTLE,03:44:25,03:43:59,08:32 min/mile,MARATHON,451,30,25,F,101,2025
3372,JORDAN KOPF,,EL PASO,03:50:52,03:43:59,08:32 min/mile,MARATHON,452,34,26,F,102,2025
2884,ALEXANDRA MAKENZIE,,CINCINNATI,03:50:52,03:43:59,08:32 min/mile,MARATHON,453,34,27,F,103,2025
2104,VICTORIA TOFT,,SACRAMENTO,03:44:29,03:44:00,08:32 min/mile,MARATHON,454,31,28,F,104,2025
1625,SEBASTIAN MUNOZ,,RNCHO CORDOVA,03:44:48,03:44:03,08:33 min/mile,MARATHON,455,34,67,M,351,2025
1653,ARMANDO BELTRAN,,ZAPOPAN,03:45:11,03:44:05,08:33 min/mile,MARATHON,456,55,13,M,352,2025
690,JENN DOANE,,BELLEVUE,03:45:39,03:44:10,08:33 min/mile,MARATHON,457,38,19,F,105,2025
965,JACOB LAWSON,,CRYSTAL LAKE,03:44:58,03:44:11,08:33 min/mile,MARATHON,458,27,52,M,353,2025
958,DAVID QUAN,,SAN FRANCISCO,03:45:03,03:44:14,08:33 min/mile,MARATHON,459,58,14,M,354,2025
528,TOM SURRETTE,,CUPERTINO,03:45:20,03:44:15,08:33 min/mile,MARATHON,460,63,8,M,355,2025
1117,HANYAN WU,,CUPERTINO,03:46:06,03:44:19,08:33 min/mile,MARATHON,461,37,72,M,356,2025
648,PAUL CAPETILLO,,NEW YORK,03:44:57,03:44:19,08:33 min/mile,MARATHON,462,45,37,M,357,2025
615,JOSEPH BRUNO,,TOMBALL,03:44:42,03:44:21,08:33 min/mile,MARATHON,463,42,59,M,358,2025
1758,DEVIN SANDOZ,,BERKELEY,03:45:02,03:44:25,08:33 min/mile,MARATHON,464,44,60,M,359,2025
1322,BRETT LAGERWALL,,SOMERVILLE,03:46:07,03:44:28,08:34 min/mile,MARATHON,465,37,73,M,360,2025
33,NICK HELFERICH,,CINCINNATI,03:44:53,03:44:28,08:34 min/mile,MARATHON,466,44,61,M,361,2025
1603,TAJHA CHAPPELLET-LANIER,,BIG SUR,03:44:58,03:44:31,08:34 min/mile,MARATHON,467,33,29,F,106,2025
575,OLIVA SVOBODA,,BURNABY,03:45:32,03:44:35,08:34 min/mile,MARATHON,468,51,7,F,107,2025
1320,FRANCIS YALDA,,DANBURY,03:45:34,03:44:35,08:34 min/mile,MARATHON,469,28,53,M,362,2025
1072,STEVEN VANDENDRIESSCHE,,LITTLETON,03:46:09,03:44:36,08:34 min/mile,MARATHON,470,40,62,M,363,2025
1389,EMMA ANSPACH,,WASHINGTON,03:45:38,03:44:47,08:34 min/mile,MARATHON,471,35,20,F,108,2025
1746,RUBEN DIAZ,,LOS ANGELES,03:46:40,03:44:48,08:34 min/mile,MARATHON,472,38,74,M,364,2025
1329,PIERRE BOUGEARD,,SAN FRANCISCO,03:46:01,03:44:52,08:34 min/mile,MARATHON,473,27,54,M,365,2025
618,ASLIN CANALS,,SAN JUAN,03:45:33,03:44:57,08:35 min/mile,MARATHON,474,54,8,F,109,2025
1144,MAGGIE BOBBIN,,SAN MATEO,03:46:22,03:44:57,08:35 min/mile,MARATHON,475,36,21,F,110,2025
1241,CURTIS LIM,,OLD GREENWICH,03:46:26,03:44:58,08:35 min/mile,MARATHON,476,32,68,M,366,2025
996,JAMES KUO,,BOSTON,03:46:42,03:45:04,08:35 min/mile,MARATHON,477,31,69,M,367,2025
69,PAYMON ABTAHI,,SAN FRANCISCO,03:45:39,03:45:13,08:35 min/mile,MARATHON,478,32,70,M,368,2025
1387,JESSE GOLDEN,,VENTURA,03:46:34,03:45:18,08:35 min/mile,MARATHON,479,38,75,M,369,2025
1043,SAM MILLER,,SAN FRANCISCO,03:45:57,03:45:23,08:36 min/mile,MARATHON,480,32,71,M,370,2025
2786,FERNANDO MEDRANO,,LOS ANGELES,03:50:34,03:45:25,08:36 min/mile,MARATHON,481,31,72,M,371,2025
3192,JENNIFER RAWLE,,PAR,03:52:00,03:45:27,08:36 min/mile,MARATHON,482,49,4,F,111,2025
602,BANG SOO LEE,,YANGCHEON GU,03:45:50,03:45:27,08:36 min/mile,MARATHON,483,65,3,M,372,2025
2599,DENISE FREER,,SALINAS,03:51:51,03:45:27,08:36 min/mile,MARATHON,484,32,30,F,112,2025
953,ANDREW WARE,,MONTEREY,03:45:40,03:45:28,08:36 min/mile,MARATHON,485,46,38,M,373,2025
1715,CHIHKONG YANG,,PACIFIC PLSDS,03:45:50,03:45:30,08:36 min/mile,MARATHON,486,54,30,M,374,2025
2421,GENEVIEVE BRASSARD,,PALO ALTO,03:50:39,03:45:37,08:36 min/mile,MARATHON,487,32,31,F,113,2025
1673,RYAN HARTUNG,,ROCK HILL,03:45:57,03:45:40,08:36 min/mile,MARATHON,488,45,39,M,375,2025
948,LISA VANDYKE,,VALENCIA,03:45:58,03:45:44,08:36 min/mile,MARATHON,489,49,5,F,114,2025
1791,ORLANDO MORALES,,SEASIDE,03:46:01,03:45:46,08:37 min/mile,MARATHON,490,44,63,M,376,2025
1050,MARK TIMMONS,,MONTEREY,03:45:56,03:45:46,08:37 min/mile,MARATHON,491,35,76,M,377,2025
961,ARTEM SOTNIKOV,,LIMASSOL,03:46:42,03:45:46,08:37 min/mile,MARATHON,492,36,77,M,378,2025
946,VALERIIA DIMITROVA,,MOSCOW,03:46:41,03:45:46,08:37 min/mile,MARATHON,493,31,32,F,115,2025
1312,DAVID CRAVEN,,MONTEREY,03:45:57,03:45:46,08:37 min/mile,MARATHON,494,28,55,M,379,2025
1354,SCOTT MARTINEAU,,NASHVILLE,03:46:11,03:45:56,08:37 min/mile,MARATHON,495,36,78,M,380,2025
254,DAVID LOFTE,,LOS GATOS,03:51:23,03:46:05,08:37 min/mile,MARATHON,496,44,64,M,381,2025
27,DENNIS ALVAREZ,,SAN JOSE,03:46:37,03:46:21,08:38 min/mile,MARATHON,497,47,40,M,382,2025
1418,CHRISTOPHER ELDREDGE,,SAN FRANCISCO,03:47:29,03:46:22,08:38 min/mile,MARATHON,498,36,79,M,383,2025
1903,EMMA KAESER,,SAN FRANCISCO,03:47:51,03:46:25,08:38 min/mile,MARATHON,499,29,22,F,116,2025
1760,RYAN LAWSON,,CRYSTAL LAKE,03:47:29,03:46:41,08:39 min/mile,MARATHON,500,24,19,M,384,2025
1410,CHENG LI,,SANTA CLARA,03:47:00,03:46:46,08:39 min/mile,MARATHON,501,29,56,M,385,2025
1289,JUAN TEJEDA,,HOUSTON,03:47:14,03:46:49,08:39 min/mile,MARATHON,502,42,65,M,386,2025
2035,SAM VAN PEPERSTRAETE,,OAKLAND,03:47:16,03:46:50,08:39 min/mile,MARATHON,503,39,80,M,387,2025
932,BRITTANY LEUENBERGER,,EAST GARRISON,03:47:46,03:46:58,08:39 min/mile,MARATHON,504,38,22,F,117,2025
3611,ANTHONY PALA,,PACIFIC GROVE,03:48:18,03:46:59,08:39 min/mile,MARATHON,505,28,57,M,388,2025
58,NORMAND GUILLEMETTE,,LITCHFIELD PK,03:47:07,03:46:59,08:39 min/mile,MARATHON,506,68,4,M,389,2025
580,CATHERINE BARTA,,MONTEREY,03:48:18,03:46:59,08:39 min/mile,MARATHON,507,25,23,F,118,2025
752,LELAND CHAR,,REDWOOD CITY,03:48:33,03:46:59,08:39 min/mile,MARATHON,508,34,73,M,390,2025
1870,CATHY WEIDEMANN,,CARMEL VALLEY,03:47:48,03:47:01,08:39 min/mile,MARATHON,509,50,9,F,119,2025
545,ELIZABETH TEDFORD,,DURHAM,03:47:47,03:47:09,08:40 min/mile,MARATHON,510,38,23,F,120,2025
866,ROMINA BELTRAN LAZO,,ZAPOPAN,03:48:11,03:47:10,08:40 min/mile,MARATHON,511,25,24,F,121,2025
804,CAMILLA BENNETT,,ATLANTA,03:48:29,03:47:11,08:40 min/mile,MARATHON,512,32,33,F,122,2025
1983,TUCKER SIMPSON,,MOUNTAIN VIEW,03:48:15,03:47:13,08:40 min/mile,MARATHON,513,23,20,M,391,2025
1132,BRANDON CAPERS,,SAN DIEGO,03:47:20,03:47:20,08:40 min/mile,MARATHON,514,28,58,M,392,2025
1048,STEVE OCONNOR,,SHERMAN OAKS,03:48:09,03:47:23,08:40 min/mile,MARATHON,515,58,15,M,393,2025
1133,JOHN PRZYBYLEK,,LONGMONT,03:48:30,03:47:31,08:41 min/mile,MARATHON,516,44,66,M,394,2025
1400,NATHAN MOSES,,STEAMBOAT SPRINGS,03:48:30,03:47:33,08:41 min/mile,MARATHON,517,31,74,M,395,2025
1296,AUSTIN CARON,,STEAMBOAT SPR,03:48:30,03:47:35,08:41 min/mile,MARATHON,518,29,25,F,123,2025
2353,KATALINA HUAZANO,,SANTA CRUZ,03:53:07,03:47:39,08:41 min/mile,MARATHON,519,20,9,F,124,2025
1399,RACHEL CRAIG,,TUMWATER,03:48:50,03:47:43,08:41 min/mile,MARATHON,520,39,24,F,125,2025
875,MELISSA HALL,,BUCKHORN,03:48:54,03:47:45,08:41 min/mile,MARATHON,521,51,10,F,126,2025
2593,MATT NELSON,,LOS ANGELES,03:53:35,03:47:45,08:41 min/mile,MARATHON,522,41,67,M,396,2025
1251,BRENT MCCLOSKEY,,EL DORADO HLS,03:48:49,03:47:47,08:41 min/mile,MARATHON,523,34,75,M,397,2025
1044,MIROSLAW WIKTOR DABROWSKI,,WARSZAWA,03:48:03,03:47:48,08:41 min/mile,MARATHON,524,58,16,M,398,2025
1075,GRACE DOWNING,,LITTLETON,03:48:26,03:47:48,08:41 min/mile,MARATHON,525,22,10,F,127,2025
1955,DANIEL CONSTANTZ,,EAST GARRISON,03:49:04,03:47:53,08:41 min/mile,MARATHON,526,34,76,M,399,2025
1221,ROZALYN CHOK,,MENLO PARK,03:48:35,03:47:54,08:41 min/mile,MARATHON,527,35,25,F,128,2025
4108,DYLAN KOWAL,,SEASIDE,03:58:03,03:47:55,08:41 min/mile,MARATHON,528,33,77,M,400,2025
1853,CAILEIGH LAMPERSBERGER,,NEW YORK,03:48:16,03:47:57,08:42 min/mile,MARATHON,529,26,26,F,129,2025
967,NICHOLAS PURCHASE,,SAN FRANCISCO,03:48:39,03:47:58,08:42 min/mile,MARATHON,530,25,59,M,401,2025
53,SCOTT SCHREIBER,,LOS ANGELES,03:48:11,03:47:58,08:42 min/mile,MARATHON,531,35,81,M,402,2025
3223,ERIC ORTEGA,,SEASIDE,03:53:29,03:48:00,08:42 min/mile,MARATHON,532,32,78,M,403,2025
46,KEVIN OHARE,,LONDON,03:48:12,03:48:01,08:42 min/mile,MARATHON,533,46,41,M,404,2025
1379,LOUIS SIPOWICZ,,BROOKLYN,03:53:50,03:48:02,08:42 min/mile,MARATHON,534,26,60,M,405,2025
559,BRUCE AMES,,NOVATO,03:48:25,03:48:06,08:42 min/mile,MARATHON,535,67,5,M,406,2025
1708,SALAM DEFAR,,SEASIDE,03:48:15,03:48:06,08:42 min/mile,MARATHON,536,43,68,M,407,2025
1125,CHRISTOPHER MOZAK,,PORTLAND,03:49:22,03:48:06,08:42 min/mile,MARATHON,537,48,42,M,408,2025
1137,SHAWN FLORES,,TRACY,03:49:21,03:48:07,08:42 min/mile,MARATHON,538,43,69,M,409,2025
1805,MAXIMILIAN DAME,,SAN FRANCISCO,03:48:49,03:48:07,08:42 min/mile,MARATHON,539,48,43,M,410,2025
1834,REID SENESAC,,FELTON,03:48:50,03:48:08,08:42 min/mile,MARATHON,540,34,79,M,411,2025
892,KELLY LUX,,LOMBARD,03:49:39,03:48:11,08:42 min/mile,MARATHON,541,35,26,F,130,2025
1344,MAREK GARBACZONEK,,MARINA,03:48:42,03:48:13,08:42 min/mile,MARATHON,542,51,31,M,412,2025
152,TIMOHY HENDER,,LAKE FOREST,03:48:56,03:48:13,08:42 min/mile,MARATHON,543,51,32,M,413,2025
1004,MAGNUS BAUER,,SEATTLE,03:48:36,03:48:13,08:42 min/mile,MARATHON,544,36,82,M,414,2025
502,PATRICK FLÜCKIGER,,WOLLERAU,03:48:23,03:48:14,08:42 min/mile,MARATHON,545,58,17,M,415,2025
451,MAX HUDAK,,PITTSBURGH,03:48:35,03:48:17,08:42 min/mile,MARATHON,546,22,21,M,416,2025
778,MARK SNYDER,,EAGLE RIVER,03:48:55,03:48:25,08:43 min/mile,MARATHON,547,34,80,M,417,2025
550,SARAH FORTIER,,UPPER ARLNGTN,03:48:55,03:48:34,08:43 min/mile,MARATHON,548,40,19,F,131,2025
463,SARAH MUCKIAN,,SCOTTSDALE,03:48:47,03:48:38,08:43 min/mile,MARATHON,549,46,6,F,132,2025
2068,ANTHONY CHUNG,,TACOMA,03:49:19,03:48:42,08:43 min/mile,MARATHON,550,36,83,M,418,2025
1474,GREG FESTER,,REDONDO BEACH,03:50:16,03:48:44,08:43 min/mile,MARATHON,551,28,61,M,419,2025
1159,WALTERS HAYNES,,BIRMINGHAM,03:49:06,03:48:46,08:43 min/mile,MARATHON,552,27,27,F,133,2025
1059,JEREMY YOKOGAWA,,OAKLAND,03:50:31,03:48:46,08:43 min/mile,MARATHON,553,36,84,M,420,2025
1041,JAMES DOAN,,SAN DIEGO,03:49:15,03:48:48,08:43 min/mile,MARATHON,554,28,62,M,421,2025
1847,AHLAM QERQEZ,,SAN FRANCISCO,03:49:40,03:48:49,08:44 min/mile,MARATHON,555,32,34,F,134,2025
757,JASON STAWISKI,,SAN RAFAEL,03:49:00,03:48:51,08:44 min/mile,MARATHON,556,41,70,M,422,2025
1423,JOELLE BERANEK,,LEMONT,03:50:30,03:48:51,08:44 min/mile,MARATHON,557,39,27,F,135,2025
737,SEAN GOODWIN,,LOS ANGELES,03:49:20,03:48:51,08:44 min/mile,MARATHON,558,31,81,M,423,2025
2321,WESTON KALLENS,,SANTA YNEZ,03:54:01,03:48:55,08:44 min/mile,MARATHON,559,27,63,M,424,2025
2581,CAROLINE CORASANITI,,CHATHAM,03:55:20,03:48:56,08:44 min/mile,MARATHON,560,35,28,F,136,2025
719,JOSHUA ENGMAN,,ROCHESTER,03:54:06,03:48:57,08:44 min/mile,MARATHON,561,19,1,M,425,2025
1009,CONNOR WALTERS,,WESTFIELD,03:49:47,03:48:58,08:44 min/mile,MARATHON,562,32,82,M,426,2025
1287,NATALIA JARVIS,,BALTIMORE,03:49:27,03:48:58,08:44 min/mile,MARATHON,563,29,28,F,137,2025
194,TABITHA KIRKLAND,,SEATTLE,03:54:08,03:49:01,08:44 min/mile,MARATHON,564,40,20,F,138,2025
784,KATHRYN LOGAN,,WASHINGTON,03:50:49,03:49:03,08:44 min/mile,MARATHON,565,33,35,F,139,2025
1796,JOHN WEED,,CARMEL,03:50:02,03:49:04,08:44 min/mile,MARATHON,566,52,33,M,427,2025
1039,KATHERINE XIE,,MINNEAPOLIS,03:50:27,03:49:05,08:44 min/mile,MARATHON,567,28,29,F,140,2025
1546,ALAN CHAPIRO,,MÉXICO,03:49:15,03:49:10,08:44 min/mile,MARATHON,568,59,18,M,428,2025
845,JEREMY THERIOT,,BATON ROUGE,03:49:37,03:49:11,08:44 min/mile,MARATHON,569,46,44,M,429,2025
894,NATE HUFNAGEL,,BRIGHTON,03:50:32,03:49:12,08:44 min/mile,MARATHON,570,35,85,M,430,2025
625,ROBERT GATTO,,BROOKLYN,03:49:48,03:49:12,08:44 min/mile,MARATHON,571,49,45,M,431,2025
1593,CHRISTOPHER LUHRS,,ASTORIA,03:49:43,03:49:18,08:45 min/mile,MARATHON,572,41,71,M,432,2025
1300,LAUREN SCHMIEGEL,,BOSTON,03:50:25,03:49:18,08:45 min/mile,MARATHON,573,34,36,F,141,2025
1277,ANN MOYER,,ROCHESTER,03:49:42,03:49:19,08:45 min/mile,MARATHON,574,45,7,F,142,2025
1330,TIM MULDOON,,SHEBOYGAN FLS,03:49:47,03:49:19,08:45 min/mile,MARATHON,575,35,86,M,433,2025
1158,DAVID BUSE,,SAN DIEGO,03:49:47,03:49:20,08:45 min/mile,MARATHON,576,47,46,M,434,2025
517,LORI FITZGERALD,,LAKE FOREST,03:49:41,03:49:23,08:45 min/mile,MARATHON,577,49,8,F,143,2025
1207,BRADLEY HARRIS,,SOMERVILLE,03:49:30,03:49:24,08:45 min/mile,MARATHON,578,47,47,M,435,2025
2143,JESSICA MCNEILL,,SN LUIS OBISP,03:55:12,03:49:24,08:45 min/mile,MARATHON,579,29,30,F,144,2025
42,AIDAN MARTIN,,KENILWORTH,03:49:28,03:49:24,08:45 min/mile,MARATHON,580,24,22,M,436,2025
978,SARINA GONZALEZ,,EAST ROCKAWAY,03:50:52,03:49:25,08:45 min/mile,MARATHON,581,26,31,F,145,2025
2458,ZOE ANSELL,,HOUSTON,03:49:53,03:49:25,08:45 min/mile,MARATHON,582,31,37,F,146,2025
3193,EMMA BERRY,,BROOKLYN,03:54:30,03:49:26,08:45 min/mile,MARATHON,583,33,38,F,147,2025
878,STACIA WILKINS,,CASTLE PINES,03:50:38,03:49:26,08:45 min/mile,MARATHON,584,59,2,F,148,2025
862,BRANDON LEE,,SAN RAFAEL,03:50:18,03:49:32,08:45 min/mile,MARATHON,585,33,83,M,437,2025
1517,DAVID ROJAS,,N HIGHLANDS,03:49:49,03:49:45,08:46 min/mile,MARATHON,586,33,84,M,438,2025
1243,ALEX FLORES,,NEW ORLEANS,03:51:29,03:49:51,08:46 min/mile,MARATHON,587,38,87,M,439,2025
913,MIA CARROLL,,BOSTON,03:54:55,03:49:51,08:46 min/mile,MARATHON,588,26,32,F,149,2025
716,JORDAN TUCKMAN,,SANTA CRUZ,03:51:05,03:49:52,08:46 min/mile,MARATHON,589,19,2,M,440,2025
856,LINDSEY LEWIS,,DEL MAR,03:50:04,03:49:53,08:46 min/mile,MARATHON,590,44,21,F,150,2025
795,JULIE YAEGER,,OAK FOREST,03:50:50,03:49:56,08:46 min/mile,MARATHON,591,29,33,F,151,2025
1338,MARISSA TRUSKOT,,LORAIN,03:51:15,03:49:56,08:46 min/mile,MARATHON,592,37,29,F,152,2025
2748,JUAN VIDAL,,CUENCA,03:55:26,03:49:56,08:46 min/mile,MARATHON,593,27,64,M,441,2025
1776,JEFFREY WACHTER,,FOLSOM,03:56:14,03:50:04,08:46 min/mile,MARATHON,594,42,72,M,442,2025
793,CLAUDIA BARNETT,,MCKINNEY,03:51:41,03:50:27,08:47 min/mile,MARATHON,595,32,39,F,153,2025
2493,ALLISON MAKER,,SAN FRANCISCO,03:57:52,03:50:29,08:47 min/mile,MARATHON,596,31,40,F,154,2025
670,ALMA COOPER,,REDWOOD CITY,03:50:59,03:50:30,08:47 min/mile,MARATHON,597,23,11,F,155,2025
136,ANNA SANDLER,,WHEELING,03:51:16,03:50:31,08:47 min/mile,MARATHON,598,27,34,F,156,2025
138,MATTHEW NOVAK,,AURORA,03:51:16,03:50:32,08:47 min/mile,MARATHON,599,35,88,M,443,2025
85,TYLER MITCHELL,,SAN FRANCISCO,03:51:00,03:50:32,08:47 min/mile,MARATHON,600,33,85,M,444,2025
1177,ANNIKA MORSE,,SANTA BARBARA,03:55:40,03:50:32,08:47 min/mile,MARATHON,601,23,12,F,157,2025
3388,ELSA BATES,,SN LUIS OBISP,03:55:40,03:50:33,08:47 min/mile,MARATHON,602,23,13,F,158,2025
542,JUNICHIRO SAGESHIMA,,DAVIS,03:51:12,03:50:34,08:48 min/mile,MARATHON,603,60,9,M,445,2025
1536,KELLY STRULL,,PASADENA,03:51:00,03:50:42,08:48 min/mile,MARATHON,604,42,73,M,446,2025
3361,FRANNY VALOUR,,MONTEREY,03:51:10,03:50:44,08:48 min/mile,MARATHON,605,30,41,F,159,2025
567,NEELAM KAHLON-PFISTER,,HIGHLAND,03:51:26,03:50:49,08:48 min/mile,MARATHON,606,44,22,F,160,2025
2580,GINA PENNISI,,OAKDALE,03:57:43,03:50:51,08:48 min/mile,MARATHON,607,33,42,F,161,2025
775,JEAN-PAUL THEROUX,,LOVETTSVILLE,03:51:40,03:50:54,08:48 min/mile,MARATHON,608,38,89,M,447,2025
587,INGRID GIRSTLOVA,,SARASOTA,03:51:26,03:50:57,08:48 min/mile,MARATHON,609,52,11,F,162,2025
920,JON ZINK,,CHICAGO,03:51:32,03:50:58,08:48 min/mile,MARATHON,610,25,65,M,448,2025
1897,PRAFULL CHORDIYA,,UNION CITY,03:51:20,03:50:59,08:48 min/mile,MARATHON,611,51,34,M,449,2025
836,MONIKA REYNOLDS,,BELLINGHAM,03:51:53,03:51:01,08:49 min/mile,MARATHON,612,36,30,F,163,2025
1932,KELLY REYNOLDS,,BEND,03:52:00,03:51:04,08:49 min/mile,MARATHON,613,46,9,F,164,2025
492,ELVISTO RESTAINO,,LOS ANGELES,03:52:38,03:51:08,08:49 min/mile,MARATHON,614,59,19,M,450,2025
95,MIKE HANEY,,SAN DIEGO,03:51:41,03:51:09,08:49 min/mile,MARATHON,615,49,48,M,451,2025
3342,PHOEBE WHITWELL,,SOMERVILLE,03:56:33,03:51:11,08:49 min/mile,MARATHON,616,32,43,F,165,2025
1414,DOMINIK BECKMANN,,MUELHEIM AN DER RUHR,03:51:36,03:51:12,08:49 min/mile,MARATHON,617,40,74,M,452,2025
1139,CARLOS ANAYA,,ASTORIA,03:53:03,03:51:12,08:49 min/mile,MARATHON,618,37,90,M,453,2025
984,DEANNE BLAS,,SIMPSONVILLE,03:51:35,03:51:14,08:49 min/mile,MARATHON,619,61,1,F,166,2025
2094,ARMANDO BANUELOS,,WATSONVILLE,03:51:28,03:51:17,08:49 min/mile,MARATHON,620,27,66,M,454,2025
744,JESS HARDING,,WASHINGTON,03:51:31,03:51:18,08:49 min/mile,MARATHON,621,26,35,F,167,2025
950,ROBERT WIGGINS,,CHARLOTTE,03:52:27,03:51:30,08:50 min/mile,MARATHON,622,36,91,M,455,2025
564,EUNG LIM,,VALLEY GLEN,03:56:38,03:51:30,08:50 min/mile,MARATHON,623,60,10,M,456,2025
710,JAMES KOPPERT,,AUBURN,03:53:25,03:51:34,08:50 min/mile,MARATHON,624,34,86,M,457,2025
552,ASHLEY HEBARD,,PASADENA,03:52:15,03:51:36,08:50 min/mile,MARATHON,625,30,44,F,168,2025
2250,GINA PENA,,TOMBALL,03:56:47,03:51:37,08:50 min/mile,MARATHON,626,39,31,F,169,2025
3508,ALLIE KING,,SAN DIEGO,03:56:42,03:51:37,08:50 min/mile,MARATHON,627,32,45,F,170,2025
72,DAWN BERGSTRESSER,,STANLEY,03:57:17,03:51:42,08:50 min/mile,MARATHON,628,40,23,F,171,2025
1566,CHRISTOPHER SMITH,,AURORA,03:52:09,03:51:44,08:50 min/mile,MARATHON,629,26,67,M,458,2025
1788,JONATHAN KASPRISIN,,MONTEREY,03:53:26,03:51:47,08:50 min/mile,MARATHON,630,34,87,M,459,2025
673,JODY JOYNER,,LOS ANGELES,03:52:44,03:51:48,08:50 min/mile,MARATHON,631,37,32,F,172,2025
813,MAX SACCONE,,PALO ALTO,03:53:09,03:51:55,08:51 min/mile,MARATHON,632,30,88,M,460,2025
1363,URSULA PARKER,,CHICO,03:53:32,03:51:56,08:51 min/mile,MARATHON,633,55,3,F,173,2025
2882,LUIS RENE TELLEZ PAEZ,,HOUSTON,03:58:18,03:51:58,08:51 min/mile,MARATHON,634,40,75,M,461,2025
2133,JONNA MAAS,,SPICER,03:53:26,03:51:59,08:51 min/mile,MARATHON,635,37,33,F,174,2025
675,KONRAD BRAUCKMEYER,,SANTA CLARA,03:53:36,03:52:01,08:51 min/mile,MARATHON,636,24,23,M,462,2025
1218,NICHOLAS PINGITORE,,SAN FRANCISCO,03:53:06,03:52:08,08:51 min/mile,MARATHON,637,27,68,M,463,2025
2850,CONNOR ERWIN,,MONTEREY,03:53:40,03:52:09,08:51 min/mile,MARATHON,638,23,24,M,464,2025
1556,SIMONE ANGELA WINKLER,,SANTA CRUZ,03:52:14,03:52:09,08:51 min/mile,MARATHON,639,42,24,F,175,2025
771,LOUIS BRASSARD,,SHERBROOKE,03:57:13,03:52:11,08:51 min/mile,MARATHON,640,64,11,M,465,2025
1045,BETH MORLEY,,ELMHURST,03:52:55,03:52:12,08:51 min/mile,MARATHON,641,31,46,F,176,2025
86,JUSTIN COHEN,,CASTLE ROCK,03:52:44,03:52:18,08:51 min/mile,MARATHON,642,41,76,M,466,2025
2395,LESLIE ZABALA,,CARMEL VALLEY,03:57:27,03:52:18,08:51 min/mile,MARATHON,643,35,34,F,177,2025
2215,COLM HOMAN,,HAMILTON PARISH,03:57:27,03:52:24,08:52 min/mile,MARATHON,644,52,35,M,467,2025
1446,ROBERT KIRK,,CHANDLER,03:52:48,03:52:26,08:52 min/mile,MARATHON,645,42,77,M,468,2025
514,CARLA COIRA,,CAROLINA PUERTO RICO,03:53:02,03:52:26,08:52 min/mile,MARATHON,646,45,10,F,178,2025
52,BEEREND CEULEMANS,,EDEGEM,03:57:37,03:52:26,08:52 min/mile,MARATHON,647,35,92,M,469,2025
154,DRIES HENDRIKX,,ANTWERPEN,03:57:37,03:52:27,08:52 min/mile,MARATHON,648,30,89,M,470,2025
800,ERIN MCCLAM,,CAMBRIDGE,03:54:12,03:52:30,08:52 min/mile,MARATHON,649,46,49,M,471,2025
512,JULIE BRUNET,,MONTREAL,03:53:58,03:52:31,08:52 min/mile,MARATHON,650,42,25,F,179,2025
1115,SU PANG,,ANCHORAGE,03:52:47,03:52:37,08:52 min/mile,MARATHON,651,38,93,M,472,2025
837,GOUTHAM MOODLUBYLE,,SANTA CLARA,03:52:42,03:52:39,08:52 min/mile,MARATHON,652,39,94,M,473,2025
158,GUILLAUME CHARRON,,SAN JOSE,03:57:58,03:52:40,08:52 min/mile,MARATHON,653,47,50,M,474,2025
617,VLADYSLAV KOLODYAZHNIY,,KYIV,03:53:28,03:52:48,08:53 min/mile,MARATHON,654,49,51,M,475,2025
616,VIKTORIIA KOLODIAZHNA,,KYIV,03:53:28,03:52:48,08:53 min/mile,MARATHON,655,41,26,F,180,2025
546,RICHARD POND,,SARASOTA,03:53:23,03:52:53,08:53 min/mile,MARATHON,656,69,6,M,476,2025
1263,THOMAS KENNY,,NEW YORK,03:54:26,03:52:54,08:53 min/mile,MARATHON,657,29,69,M,477,2025
1631,CAITLIN VAN DEN BERG,,KALK BAY,03:53:12,03:52:57,08:53 min/mile,MARATHON,658,56,4,F,181,2025
2100,REGAN MUTH,,AURORA,03:53:54,03:53:01,08:53 min/mile,MARATHON,659,26,36,F,182,2025
2367,DOUG YALE,,RAMONA,03:58:14,03:53:01,08:53 min/mile,MARATHON,660,54,36,M,478,2025
1757,RACHEL CLAYTON,,RESTON,03:53:31,03:53:02,08:53 min/mile,MARATHON,661,42,27,F,183,2025
990,KATE LAWSON,,CRYSTAL LAKE,03:53:50,03:53:02,08:53 min/mile,MARATHON,662,24,14,F,184,2025
3612,PRESTON LUCE,,GREENVILLE,03:58:42,03:53:03,08:53 min/mile,MARATHON,663,33,90,M,479,2025
619,KEVIN CASEY,,SANTA BARBARA,03:54:16,03:53:05,08:53 min/mile,MARATHON,664,49,52,M,480,2025
909,JAEHYUNG CHOI,,SAN FRANCISCO,03:55:00,03:53:06,08:53 min/mile,MARATHON,665,37,95,M,481,2025
658,HECTOR BARRAGAN,,SAN JOSE,03:53:22,03:53:09,08:53 min/mile,MARATHON,666,35,96,M,482,2025
508,NICHOLAS FINDANIS,,BONDI JUNCTION,03:54:55,03:53:24,08:54 min/mile,MARATHON,667,50,37,M,483,2025
1308,ERIN VIRGINT,,OTTAWA,03:55:05,03:53:27,08:54 min/mile,MARATHON,668,38,35,F,185,2025
975,JESSE NOBLE,,NEW YORK,03:54:22,03:53:29,08:54 min/mile,MARATHON,669,35,97,M,484,2025
1590,NICHOLAS HAYECK,,NEW YORK,03:54:06,03:53:29,08:54 min/mile,MARATHON,670,24,25,M,485,2025
957,JOHANNA GUZMAN,,NEW YORK,03:54:23,03:53:29,08:54 min/mile,MARATHON,671,34,47,F,186,2025
2844,CHRISTINE EDEN,,EAGLE,04:00:31,03:53:30,08:54 min/mile,MARATHON,672,39,36,F,187,2025
776,RICHARD WAINES,,SAN FRANCISCO,03:54:33,03:53:32,08:54 min/mile,MARATHON,673,25,70,M,486,2025
1108,DONALD HAMMER,,FORKED RIVER,03:55:30,03:53:35,08:54 min/mile,MARATHON,674,43,78,M,487,2025
1913,DAVID SORENSON,,TORRANCE,03:53:59,03:53:37,08:55 min/mile,MARATHON,675,42,79,M,488,2025
3363,HANUL CHO,,PACIFIC GROVE,03:58:33,03:53:37,08:55 min/mile,MARATHON,676,22,26,M,489,2025
168,NICK WELLS,,SANTA MONICA,03:54:00,03:53:41,08:55 min/mile,MARATHON,677,41,80,M,490,2025
2060,LINDSEY PARHAM,,FALLS CHURCH,04:01:03,03:53:41,08:55 min/mile,MARATHON,678,36,37,F,188,2025
632,ISAAC PEARCE,,SAN DIEGO,03:54:33,03:53:43,08:55 min/mile,MARATHON,679,27,71,M,491,2025
2849,SYDNEY MILLER,,MONTEREY,04:00:55,03:53:45,08:55 min/mile,MARATHON,680,30,48,F,189,2025
71,JOSHUA SOLERA,,HOUSTON,03:54:03,03:53:45,08:55 min/mile,MARATHON,681,40,81,M,492,2025
1340,ALLISON GERMOLUS,,BISMARCK,03:55:11,03:53:48,08:55 min/mile,MARATHON,682,59,5,F,190,2025
1904,KAIZAD TARAPOREVALA,,SANTA CRUZ,03:55:17,03:53:48,08:55 min/mile,MARATHON,683,27,72,M,493,2025
1079,PATRICK MCCARTHY,,NEW YORK,03:55:21,03:53:50,08:55 min/mile,MARATHON,684,30,91,M,494,2025
3768,MILES RINEHART,,ELMHURST,03:59:50,03:53:53,08:55 min/mile,MARATHON,685,43,82,M,495,2025
2225,JEFFREY KAPLAN,,AUBURNDALE,03:59:04,03:53:59,08:55 min/mile,MARATHON,686,33,92,M,496,2025
2318,KELLI STAVAST,,LAS VEGAS,03:59:47,03:54:02,08:55 min/mile,MARATHON,687,45,11,F,191,2025
678,GABRIEL CISNEROS,,PITTSBURGH,03:54:57,03:54:07,08:56 min/mile,MARATHON,688,42,83,M,497,2025
1047,KENDRA KNOPP,,BOYDS,03:55:15,03:54:09,08:56 min/mile,MARATHON,689,26,37,F,192,2025
626,WALTER SHELLMAN,,MARIETTA,03:55:06,03:54:11,08:56 min/mile,MARATHON,690,68,7,M,498,2025
1148,PATRICK MERRILL,,BIRMINGHAM,03:54:31,03:54:11,08:56 min/mile,MARATHON,691,47,53,M,499,2025
1315,HANNAH ROESLER,,SPRING LAKE,03:54:55,03:54:15,08:56 min/mile,MARATHON,692,31,49,F,193,2025
2265,SYDNEY CROCKETT,,PRAIRIE VLG,04:01:07,03:54:18,08:56 min/mile,MARATHON,693,28,38,F,194,2025
2972,CLAIRE OBRIEN,,SAINT LOUIS,03:59:39,03:54:30,08:57 min/mile,MARATHON,694,38,38,F,195,2025
1629,REINER GUEVARA,,ALAJUELA,03:54:52,03:54:30,08:57 min/mile,MARATHON,695,47,54,M,500,2025
3293,MICHAEL JESTER,,MIAMI SHORES,03:59:57,03:54:31,08:57 min/mile,MARATHON,696,39,98,M,501,2025
1692,KATHRYN WEHRLE,,TORONTO,03:55:32,03:54:31,08:57 min/mile,MARATHON,697,46,12,F,196,2025
1264,RYAN RUSSO,,ROSEVILLE,03:55:04,03:54:32,08:57 min/mile,MARATHON,698,37,99,M,502,2025
2391,PETER LERSCH,,RICHMOND,04:00:25,03:54:38,08:57 min/mile,MARATHON,699,38,100,M,503,2025
1906,ROBERT MACHANIC,,GREENVILLE,03:55:14,03:54:39,08:57 min/mile,MARATHON,700,32,93,M,504,2025
1459,WARD KELVIN VENTANILLA,,VALENCIA,03:55:50,03:54:40,08:57 min/mile,MARATHON,701,22,27,M,505,2025
2088,RICHARD WHITTLE,,DAVIS,03:55:15,03:54:43,08:57 min/mile,MARATHON,702,35,101,M,506,2025
1236,CLEBER SOUZA,,BRASÍLIA,03:56:07,03:54:43,08:57 min/mile,MARATHON,703,47,55,M,507,2025
3281,REMY HAURY,,SAN FRANCISCO,04:00:48,03:54:43,08:57 min/mile,MARATHON,704,31,94,M,508,2025
1719,GABRIELLA ZEPEDA,,CIBOLO,03:55:33,03:54:44,08:57 min/mile,MARATHON,705,32,50,F,197,2025
551,JANINE GRINAGE,,WELLINGTON,03:55:51,03:54:44,08:57 min/mile,MARATHON,706,59,6,F,198,2025
2731,SOPHIE GARDEPHE,,NEW ROCHELLE,04:00:54,03:54:49,08:57 min/mile,MARATHON,707,29,39,F,199,2025
3104,KAREN THURSTON,,SEATTLE,04:01:13,03:54:50,08:57 min/mile,MARATHON,708,39,39,F,200,2025
2702,DAMIEN MADY,,PARIS,04:00:01,03:54:50,08:57 min/mile,MARATHON,709,35,102,M,509,2025
2253,ALFREDO MONTELONGO,,CHANTILLY,04:00:07,03:54:50,08:57 min/mile,MARATHON,710,43,84,M,510,2025
3623,C. LAINE JULIAN,,SEASIDE,04:00:18,03:54:51,08:57 min/mile,MARATHON,711,43,85,M,511,2025
1681,KEVIN PINKLEY,,OKEMOS,03:55:04,03:54:54,08:57 min/mile,MARATHON,712,23,28,M,512,2025
548,STACY FERGUSON,,SPRINGBORO,03:56:09,03:54:55,08:57 min/mile,MARATHON,713,39,40,F,201,2025
1874,DANIEL OFLAHERTY,,MARINA,03:55:55,03:54:56,08:58 min/mile,MARATHON,714,23,29,M,513,2025
873,BERENICE STINGLEY,,MURRIETA,03:55:46,03:54:57,08:58 min/mile,MARATHON,715,38,41,F,202,2025
226,ANTOON DE CLEEN,,DIEST,04:00:10,03:54:59,08:58 min/mile,MARATHON,716,29,73,M,514,2025
2535,ALEXA CARLSON,,SAN JOSE,04:00:15,03:55:00,08:58 min/mile,MARATHON,717,24,15,F,203,2025
2255,CHRISTINA MONTELONGO,,CHANTILLY,04:00:21,03:55:04,08:58 min/mile,MARATHON,718,37,42,F,204,2025
1015,AZIZ RUBAKOVIC,,LOS ANGELES,03:55:44,03:55:06,08:58 min/mile,MARATHON,719,31,95,M,515,2025
537,LINDSEY PALMER,,LINCOLN,03:56:51,03:55:09,08:58 min/mile,MARATHON,720,42,28,F,205,2025
539,JACKIE LOENSER,,LINCOLN,03:56:51,03:55:10,08:58 min/mile,MARATHON,721,41,29,F,206,2025
1767,JAKE SONNENBERG,,SAN FRANCISCO,03:56:41,03:55:14,08:58 min/mile,MARATHON,722,32,96,M,516,2025
1732,TODD WEINGER,,LOS ANGELES,03:56:38,03:55:22,08:59 min/mile,MARATHON,723,46,56,M,517,2025
1638,ALEXANDER LITUEV,,CONCORD,03:57:08,03:55:23,08:59 min/mile,MARATHON,724,53,38,M,518,2025
1473,HANLIN HE,,SAN JOSE,03:57:18,03:55:26,08:59 min/mile,MARATHON,725,34,97,M,519,2025
1038,TERRENCE HUEY,,SAN FRANCISCO,03:57:12,03:55:26,08:59 min/mile,MARATHON,726,47,57,M,520,2025
1056,LIEUWE JAN HIEMSTRA,,MONTEREY,03:55:35,03:55:27,08:59 min/mile,MARATHON,727,46,58,M,521,2025
1142,PATRICK BRANAGAN,,MUNSTER,03:56:08,03:55:28,08:59 min/mile,MARATHON,728,48,59,M,522,2025
1960,MATTHEW HUSAR,,MIAMI,03:56:46,03:55:29,08:59 min/mile,MARATHON,729,37,103,M,523,2025
1928,VIOLET CAVICCHI MUÑOZ,,MARINA,03:56:43,03:55:34,08:59 min/mile,MARATHON,730,34,51,F,207,2025
1249,YVES BOUCHER,,LAVAL,03:57:29,03:55:34,08:59 min/mile,MARATHON,731,61,12,M,524,2025
1817,MICHAEL OROZCO,,MANTECA,03:57:01,03:55:36,08:59 min/mile,MARATHON,732,37,104,M,525,2025
1116,MAN LAI LEUNG,,COLUMBUS,03:57:27,03:55:38,08:59 min/mile,MARATHON,733,32,98,M,526,2025
64,CHRISTOPHER PAPAI,,SOUTH BEND,03:56:00,03:55:38,08:59 min/mile,MARATHON,734,54,39,M,527,2025
2164,M. NAME,,,03:55:46,03:55:40,08:59 min/mile,MARATHON,735,0,0,X,0,2025
765,CHRISTOPHER NOH,,LOS ANGELES,03:55:55,03:55:42,08:59 min/mile,MARATHON,736,23,30,M,528,2025
4152,BREANNA MAURER,,SEASIDE,04:05:56,03:55:49,09:00 min/mile,MARATHON,737,34,52,F,208,2025
3238,TAYLOR THOMPSON,,SEATTLE,04:02:51,03:55:51,09:00 min/mile,MARATHON,738,36,105,M,529,2025
518,YUTING ZHANG,,FOSTER CITY,03:57:42,03:55:51,09:00 min/mile,MARATHON,739,52,12,F,209,2025
2267,TERESA PELAYO,,LAKEWOOD RCH,04:02:48,03:55:53,09:00 min/mile,MARATHON,740,42,30,F,210,2025
3110,BENJAMIN LANMAN,,JERSEY CITY,04:02:22,03:55:53,09:00 min/mile,MARATHON,741,34,99,M,530,2025
1319,MICHAEL GREEN,,BROOKLYN,03:56:46,03:55:57,09:00 min/mile,MARATHON,742,39,106,M,531,2025
852,JOSEPH NERI,,LINCOLN,03:56:58,03:56:03,09:00 min/mile,MARATHON,743,44,86,M,532,2025
1869,THELMA PLEW-HEARNE,,KING CITY,03:56:35,03:56:07,09:00 min/mile,MARATHON,744,51,13,F,211,2025
1259,BEN ALLEN,,LOS ANGELES,03:56:52,03:56:08,09:00 min/mile,MARATHON,745,43,87,M,533,2025
1189,ELIZABETH JOHNSON,,WASHINGTON,03:57:35,03:56:08,09:00 min/mile,MARATHON,746,25,40,F,212,2025
4085,MITCHELL LIENEMANN,,CARMEL,04:06:15,03:56:12,09:00 min/mile,MARATHON,747,35,107,M,534,2025
3231,MACALA FIFIELD,,MONTEREY,03:57:32,03:56:13,09:00 min/mile,MARATHON,748,30,53,F,213,2025
1525,RYAN COLLINGS,,CHESTERFIELD,03:57:30,03:56:15,09:01 min/mile,MARATHON,749,43,88,M,535,2025
1440,SAMAR EMAMI,,CHICAGO,03:57:21,03:56:16,09:01 min/mile,MARATHON,750,41,31,F,214,2025
705,AARON PALMER,,NEWBURYPORT,03:56:39,03:56:21,09:01 min/mile,MARATHON,751,32,100,M,536,2025
592,TERRI TESSIER,,UPLAND,03:56:43,03:56:23,09:01 min/mile,MARATHON,752,55,7,F,215,2025
593,TERENCE TESSIER,,UPLAND,03:56:44,03:56:23,09:01 min/mile,MARATHON,753,60,13,M,537,2025
2063,MICHELLE FUNG,,SAN JOSE,03:58:13,03:56:25,09:01 min/mile,MARATHON,754,29,41,F,216,2025
657,JOSH MOORE,,ARLINGTON,03:56:54,03:56:27,09:01 min/mile,MARATHON,755,41,89,M,538,2025
1703,FRANCISCO BENITO,,SALINAS,03:57:57,03:56:34,09:01 min/mile,MARATHON,756,45,60,M,539,2025
566,ANNE SAVAGE,,MILWAUKIE,03:57:48,03:56:36,09:01 min/mile,MARATHON,757,48,13,F,217,2025
741,KARIS YANG,,MILPITAS,03:57:44,03:56:36,09:01 min/mile,MARATHON,758,27,42,F,218,2025
2093,GAMALIEL GOMEZ,,STREAMWOOD,03:57:15,03:56:36,09:01 min/mile,MARATHON,759,40,90,M,540,2025
2876,KENNETH JARVIS,,BALTIMORE,04:01:43,03:56:37,09:01 min/mile,MARATHON,760,30,101,M,541,2025
1299,DANIELLE BERASI,,CHICAGO,04:01:47,03:56:37,09:01 min/mile,MARATHON,761,38,43,F,219,2025
1571,ALEX NELSON,,SAN DIEGO,03:56:52,03:56:39,09:01 min/mile,MARATHON,762,33,102,M,542,2025
858,STEPHEN FROST,,CARMEL-BY-THE-SEA,03:57:41,03:56:40,09:01 min/mile,MARATHON,763,23,31,M,543,2025
105,SUJIN PARK,,NEW YORK,03:57:30,03:56:40,09:01 min/mile,MARATHON,764,31,54,F,220,2025
1924,LAURA JONES,,HALIFAX,04:01:47,03:56:40,09:01 min/mile,MARATHON,765,26,43,F,221,2025
106,MICHAEL GAROFALO,,NEW YORK,03:57:30,03:56:40,09:01 min/mile,MARATHON,766,29,74,M,544,2025
755,ALISSA ZHANG,,WEST VANCOUVER,04:01:47,03:56:41,09:02 min/mile,MARATHON,767,26,44,F,222,2025
2664,CRISTELO JUAREZ,,SAN ANTONIO,04:02:22,03:56:47,09:02 min/mile,MARATHON,768,50,40,M,545,2025
1172,MANOJKUMAR JHA,,SAN JOSE,03:57:07,03:56:48,09:02 min/mile,MARATHON,769,53,41,M,546,2025
1294,KATEY FADLER,,ANTIOCH,03:57:20,03:56:51,09:02 min/mile,MARATHON,770,37,44,F,223,2025
1986,DAVIS LARKIN,,PACIFIC GROVE,03:57:40,03:56:52,09:02 min/mile,MARATHON,771,31,103,M,547,2025
968,JAMES MCAULIFFE,,AUSTIN,03:57:46,03:56:58,09:02 min/mile,MARATHON,772,26,75,M,548,2025
4264,SAHAN PALISKARA,,SAN FRANCISCO,04:02:05,03:57:00,09:02 min/mile,MARATHON,773,26,76,M,549,2025
558,PRZEMYSLAW LISIECKI,,ZAROW,03:58:39,03:57:01,09:02 min/mile,MARATHON,774,46,61,M,550,2025
717,SARAH ROBINETTE,,FORT COLLINS,03:57:42,03:57:05,09:02 min/mile,MARATHON,775,47,14,F,224,2025
1255,MICHELLE PAXTON,,LINCOLN,03:58:14,03:57:07,09:03 min/mile,MARATHON,776,48,15,F,225,2025
144,JOSEPH NACSON,,LEXINGTON,03:58:09,03:57:07,09:03 min/mile,MARATHON,777,45,62,M,551,2025
1447,CARSON TWISS,,CORVALLIS,04:04:00,03:57:07,09:03 min/mile,MARATHON,778,32,104,M,552,2025
886,JOSEPH SHIELDS,,CHICAGO,03:57:25,03:57:08,09:03 min/mile,MARATHON,779,43,91,M,553,2025
871,DAMON FRENN,,FAIRVIEW,03:57:43,03:57:10,09:03 min/mile,MARATHON,780,53,42,M,554,2025
1157,RAMJI KOTHAI NAYAGAM,,ELK GROVE VLG,03:57:53,03:57:17,09:03 min/mile,MARATHON,781,44,92,M,555,2025
1622,NICHOLAS FLEMING,,SAN FRANCISCO,03:57:50,03:57:18,09:03 min/mile,MARATHON,782,58,20,M,556,2025
1441,MATTHEW REED,,WOODLAND,03:58:42,03:57:20,09:03 min/mile,MARATHON,783,43,93,M,557,2025
2084,RYAN OWEN,,FORT COLLINS,03:58:02,03:57:21,09:03 min/mile,MARATHON,784,32,105,M,558,2025
1328,MARK HANSON,,PACIFIC GROVE,03:57:31,03:57:21,09:03 min/mile,MARATHON,785,29,77,M,559,2025
1311,OWEN FIREBAUGH,,MONTEREY,03:57:32,03:57:22,09:03 min/mile,MARATHON,786,29,78,M,560,2025
1253,HAGAN BREWER,,PALMETTO BAY,03:57:32,03:57:22,09:03 min/mile,MARATHON,787,27,79,M,561,2025
622,LESLIE LUCIANO,,SAN JUAN,03:58:00,03:57:23,09:03 min/mile,MARATHON,788,54,43,M,562,2025
1134,CAROLINE HANDSCHUH,,BROOKLYN,03:58:13,03:57:26,09:03 min/mile,MARATHON,789,46,16,F,226,2025
1485,KATHARINE ZEGLEN,,GLENSHAW,03:57:42,03:57:27,09:03 min/mile,MARATHON,790,40,32,F,227,2025
3247,EMMA KUEHL,,SAN FRANCISCO,04:02:39,03:57:34,09:04 min/mile,MARATHON,791,29,45,F,228,2025
3132,SAIGE MANIER,,SAN FRANCISCO,04:02:39,03:57:35,09:04 min/mile,MARATHON,792,29,46,F,229,2025
1306,CHRIS RHINEHART,,RIVERVIEW,04:04:11,03:57:36,09:04 min/mile,MARATHON,793,34,106,M,563,2025
2399,JENNIFER EYERMAN,,CARMEL VALLEY,04:03:56,03:57:37,09:04 min/mile,MARATHON,794,48,17,F,230,2025
532,LUCIE NOEL,,ALMA,03:58:04,03:57:38,09:04 min/mile,MARATHON,795,60,2,F,231,2025
3179,JULIA ZHANG,,COSTA MESA,04:02:48,03:57:41,09:04 min/mile,MARATHON,796,27,47,F,232,2025
588,MARCUS OH,,GLENDALE,03:59:13,03:57:41,09:04 min/mile,MARATHON,797,56,21,M,564,2025
2210,CARRIE SCHNEIDER,,SOUTH ELGIN,04:02:59,03:57:52,09:04 min/mile,MARATHON,798,44,33,F,233,2025
706,BRIAN MILLER,,LOS ANGELES,03:58:16,03:57:52,09:04 min/mile,MARATHON,799,39,108,M,565,2025
2138,ABBY BLACK,,GRAND RAPIDS,03:58:56,03:57:59,09:05 min/mile,MARATHON,800,28,48,F,234,2025
1522,KEVIN BLACK,,GRAND RAPIDS,03:58:56,03:57:59,09:05 min/mile,MARATHON,801,28,80,M,566,2025
1816,COLLEEN CARGILL,,BURLINGTON,03:58:50,03:58:00,09:05 min/mile,MARATHON,802,37,45,F,235,2025
735,DAVID ALLEN,,TAMPA,03:58:44,03:58:01,09:05 min/mile,MARATHON,803,40,94,M,567,2025
2805,SASHRIKA PANDEY,,NEW YORK,04:03:11,03:58:02,09:05 min/mile,MARATHON,804,22,16,F,236,2025
553,SHELLY AMBROSE,,BUCYRUS,03:59:04,03:58:04,09:05 min/mile,MARATHON,805,51,14,F,237,2025
1456,MICHELLE HO,,SEATTLE,03:59:52,03:58:06,09:05 min/mile,MARATHON,806,34,55,F,238,2025
1049,AUSTIN MAYER,,PORTLAND,03:59:23,03:58:07,09:05 min/mile,MARATHON,807,39,109,M,568,2025
2856,SCOTT GENET,,TIMARU,04:04:09,03:58:08,09:05 min/mile,MARATHON,808,50,44,M,569,2025
777,WILLIAM WILSON,,TONAWANDA,03:59:25,03:58:11,09:05 min/mile,MARATHON,809,49,63,M,570,2025
121,YUDONG GAO,,MISSOURI CITY,03:58:15,03:58:11,09:05 min/mile,MARATHON,810,37,110,M,571,2025
2967,CARLY TUDOR,,SN LUIS OBISP,04:04:01,03:58:12,09:05 min/mile,MARATHON,811,25,49,F,239,2025
779,CHRISTINA THOM,,ANCHORAGE,03:58:46,03:58:16,09:05 min/mile,MARATHON,812,38,46,F,240,2025
1053,HELEN LEVENSON,,LOS ANGELES,04:00:03,03:58:17,09:05 min/mile,MARATHON,813,32,56,F,241,2025
1674,JULIE IMHOFF,,FAIRFIELD,03:58:42,03:58:19,09:05 min/mile,MARATHON,814,33,57,F,242,2025
3257,BRIAN LAMBERT,,ELMHURST,04:03:25,03:58:19,09:05 min/mile,MARATHON,815,40,95,M,572,2025
3300,SERGEI KOROLEV,,PLAYA VISTA,04:04:12,03:58:21,09:05 min/mile,MARATHON,816,32,107,M,573,2025
1435,JAMES DESANTIS,,OAK RUN,03:58:54,03:58:21,09:05 min/mile,MARATHON,817,64,14,M,574,2025
2750,LAUREN TEAGUE,,DENVER,04:04:34,03:58:25,09:05 min/mile,MARATHON,818,30,58,F,243,2025
1766,CESAR FUENTES-ORTEGA,,IRVINE,03:59:56,03:58:25,09:05 min/mile,MARATHON,819,38,111,M,575,2025
1682,KELVIN LIM,,PALO ALTO,04:00:06,03:58:30,09:06 min/mile,MARATHON,820,47,64,M,576,2025
3077,PRANAB NEPAL,,OAKLAND,04:05:51,03:58:34,09:06 min/mile,MARATHON,821,32,108,M,577,2025
870,CHRISTOPHER VAN LEEUWEN,,SAN FRANCISCO,03:59:12,03:58:36,09:06 min/mile,MARATHON,822,38,112,M,578,2025
1475,MICHAEL PETERSON,,OAK PARK,03:59:23,03:58:36,09:06 min/mile,MARATHON,823,39,113,M,579,2025
2733,SERGIO GARCIA,,ATLANTA,04:03:46,03:58:38,09:06 min/mile,MARATHON,824,36,114,M,580,2025
2062,DENNIS PAI,,MOUNTAIN VIEW,04:00:38,03:58:39,09:06 min/mile,MARATHON,825,54,45,M,581,2025
1792,HEATHER BRIGHT HOFFMEYER,,BOULDER,03:59:57,03:58:41,09:06 min/mile,MARATHON,826,50,15,F,244,2025
720,TODD ROTH,,GLADWYNE,03:59:17,03:58:42,09:06 min/mile,MARATHON,827,37,115,M,582,2025
1717,JULIE NASH,,BOULDER,03:59:57,03:58:42,09:06 min/mile,MARATHON,828,44,34,F,245,2025
1181,REILLY BOYLE,,WELLS,04:03:50,03:58:46,09:06 min/mile,MARATHON,829,27,50,F,246,2025
732,CHRISTIAN BALANZAR,,SAN FRANCISCO,04:00:16,03:58:46,09:06 min/mile,MARATHON,830,36,116,M,583,2025
2716,JACQUELYN SCHNEIDER,,WEYMOUTH,04:03:50,03:58:46,09:06 min/mile,MARATHON,831,27,51,F,247,2025
511,THOMAS SCHMID,,DONAUSTAUF,03:59:09,03:58:47,09:06 min/mile,MARATHON,832,56,22,M,584,2025
2110,ROBYN THORSON,,OMAHA,04:00:36,03:58:47,09:06 min/mile,MARATHON,833,36,47,F,248,2025
2375,MICHELLE PAFF,,HUNTINGTN BCH,04:04:27,03:58:47,09:06 min/mile,MARATHON,834,42,35,F,249,2025
1465,MAX ZELLNER,,LOS ANGELES,04:00:04,03:58:48,09:06 min/mile,MARATHON,835,36,117,M,585,2025
4124,SIENA OKEEFE,,MINNEAPOLIS,04:00:22,03:58:49,09:06 min/mile,MARATHON,836,16,2,F,250,2025
2074,JOHN CARLSON,,CHICAGO,03:59:28,03:58:49,09:06 min/mile,MARATHON,837,33,109,M,586,2025
3317,SARA LEE,,LITTLETON,04:04:25,03:58:54,09:07 min/mile,MARATHON,838,44,36,F,251,2025
3434,ETHAN GRAHAM,,CUMMING,04:04:18,03:58:57,09:07 min/mile,MARATHON,839,26,81,M,587,2025
2683,HAYDEN LAHREN,,MONTEREY,04:04:07,03:59:03,09:07 min/mile,MARATHON,840,34,110,M,588,2025
2595,EMILY VIRANT,,SAINT PAUL,04:04:41,03:59:07,09:07 min/mile,MARATHON,841,39,48,F,252,2025
1067,ADRIAN BAUTISTA,,ISELIN,04:00:45,03:59:08,09:07 min/mile,MARATHON,842,41,96,M,589,2025
1153,PHILLIP STAWSKI,,ASHLAND,04:00:26,03:59:09,09:07 min/mile,MARATHON,843,46,65,M,590,2025
714,BRYCE MCKIBBIN,,NEW YORK,04:04:15,03:59:10,09:07 min/mile,MARATHON,844,29,82,M,591,2025
911,LIZABETH PAULINO,,COLFAX,03:59:36,03:59:11,09:07 min/mile,MARATHON,845,31,59,F,253,2025
655,SHEPPARD JERNIGAN,,SANTA CLARA,04:00:40,03:59:11,09:07 min/mile,MARATHON,846,23,32,M,592,2025
2875,ELIZA STEIN,,ANN ARBOR,04:04:17,03:59:12,09:07 min/mile,MARATHON,847,29,52,F,254,2025
1381,COLLEEN MASSE,,WEST HARTFORD,04:00:42,03:59:13,09:07 min/mile,MARATHON,848,54,16,F,255,2025
1481,KEVIN PATTERSON,,MILPITAS,04:00:10,03:59:14,09:07 min/mile,MARATHON,849,31,111,M,593,2025
974,SUSANA HAYES,,SUMMIT,04:00:42,03:59:14,09:07 min/mile,MARATHON,850,49,18,F,256,2025
2722,IDALIYA GRIGORYEVA,,LA JOLLA,04:04:41,03:59:14,09:07 min/mile,MARATHON,851,32,60,F,257,2025
229,PIETER IEVEN,,GENK,04:04:24,03:59:14,09:07 min/mile,MARATHON,852,30,112,M,594,2025
1633,MCKAY SEVERANCE,,MADERA,04:00:56,03:59:15,09:07 min/mile,MARATHON,853,25,83,M,595,2025
2285,SCOTT REUTTER,,DALLAS,04:04:22,03:59:17,09:07 min/mile,MARATHON,854,36,118,M,596,2025
652,ROGER HINE,,PORTOLA VALLY,04:00:39,03:59:19,09:08 min/mile,MARATHON,855,53,46,M,597,2025
918,MICHAEL RILEY,,PLAYA VISTA,04:00:13,03:59:19,09:08 min/mile,MARATHON,856,34,113,M,598,2025
1353,DAVE CUTFORTH,,TRACY,04:00:54,03:59:23,09:08 min/mile,MARATHON,857,48,66,M,599,2025
2161,GRACE BARLIANT,,SANTA FE,04:00:24,03:59:24,09:08 min/mile,MARATHON,858,27,53,F,258,2025
1193,CALLUM JONES,,NEW YORK,03:59:59,03:59:26,09:08 min/mile,MARATHON,859,30,114,M,600,2025
41,IAIN MACGREGOR,,LAKEWAY,04:00:30,03:59:26,09:08 min/mile,MARATHON,860,50,47,M,601,2025
1150,MAYRA LOPEZ,,PALMDALE,03:59:55,03:59:29,09:08 min/mile,MARATHON,861,37,49,F,259,2025
1121,STEVEN KNOPF,,MARINA,03:59:46,03:59:29,09:08 min/mile,MARATHON,862,35,119,M,602,2025
1421,IVAN REAL,,SAN JOSE,04:00:36,03:59:30,09:08 min/mile,MARATHON,863,33,115,M,603,2025
1390,RICHARD KILFOYLE,,CAMDEN,04:00:35,03:59:37,09:08 min/mile,MARATHON,864,46,67,M,604,2025
2025,BUDDY WALTON,,CHOCTAW,04:00:39,03:59:38,09:08 min/mile,MARATHON,865,58,23,M,605,2025
2027,ASHLEY PETERSON,,OAK PARK,04:00:26,03:59:40,09:08 min/mile,MARATHON,866,38,50,F,260,2025
1027,TYLER HARMATZ,,SAN JOSE,03:59:59,03:59:45,09:09 min/mile,MARATHON,867,33,116,M,606,2025
2005,JULIO PEREZ-DOWNES,,JACKSONVILLE,04:00:05,03:59:47,09:09 min/mile,MARATHON,868,36,120,M,607,2025
684,BRIAN ANDERSON,,BLUFFDALE,04:01:10,03:59:49,09:09 min/mile,MARATHON,869,36,121,M,608,2025
1055,CHRISTOPHER LOUIE,,VALENCIA,04:04:55,03:59:52,09:09 min/mile,MARATHON,870,55,24,M,609,2025
1309,SARA WARD-PAIGE,,MIDHURST,04:00:34,03:59:54,09:09 min/mile,MARATHON,871,45,19,F,261,2025
1740,DOUGLAS RAPPOPORT,,REDWOOD CITY,04:00:19,03:59:57,09:09 min/mile,MARATHON,872,50,48,M,610,2025
49,KATHRYN ACKROYD,,HOUSTON,04:05:11,04:00:00,09:09 min/mile,MARATHON,873,39,51,F,262,2025
2150,KELLEY PETERSEN,,LOMPOC,04:05:10,04:00:04,09:09 min/mile,MARATHON,874,36,52,F,263,2025
762,JOHN BARKOWSKI,,PACIFIC GROVE,04:06:25,04:00:09,09:09 min/mile,MARATHON,875,30,117,M,611,2025
1741,WERNER DOEHLA,,GEFREES,04:00:42,04:00:12,09:10 min/mile,MARATHON,876,64,15,M,612,2025
1489,ELISE TURNER,,AVON,04:00:53,04:00:12,09:10 min/mile,MARATHON,877,31,61,F,264,2025
148,SIMON KERKHOFS,,ZONHOVEN,04:05:26,04:00:15,09:10 min/mile,MARATHON,878,37,122,M,613,2025
792,CHRISTOPHER CLARKE,,KENSINGTON,04:00:51,04:00:23,09:10 min/mile,MARATHON,879,47,68,M,614,2025
2216,ELSE GREEN,,APTOS,04:05:42,04:00:23,09:10 min/mile,MARATHON,880,56,8,F,265,2025
1827,ALEXANDRA BARON,,SAN JOSE,04:00:58,04:00:24,09:10 min/mile,MARATHON,881,26,54,F,266,2025
1642,EDWARD MAJORS,,UPLAND,04:00:52,04:00:25,09:10 min/mile,MARATHON,882,50,49,M,615,2025
1887,ANTONELLA CHISPE,,SANTA CLARITA,04:00:50,04:00:25,09:10 min/mile,MARATHON,883,37,53,F,267,2025
1348,ERIC CORDOVER,,CHICAGO,04:01:42,04:00:27,09:10 min/mile,MARATHON,884,23,33,M,616,2025
3414,PAUL ROGERS,,MONTEREY,04:05:58,04:00:32,09:10 min/mile,MARATHON,885,33,118,M,617,2025
1195,HEMANTH PAMIDIMUKALA,,JOHNS CREEK,04:02:29,04:00:33,09:10 min/mile,MARATHON,886,40,97,M,618,2025
2283,ISABEL CHAMBERLAIN,,OAKLAND,04:07:01,04:00:39,09:11 min/mile,MARATHON,887,34,62,F,268,2025
157,LINDSAY BRUBAKER,,DENVER,04:05:48,04:00:42,09:11 min/mile,MARATHON,888,40,37,F,269,2025
2273,CHRISTY REVELS,,RALEIGH,04:06:56,04:00:47,09:11 min/mile,MARATHON,889,41,38,F,270,2025
1130,ANDREW BREWER,,LOS GATOS,04:01:53,04:00:55,09:11 min/mile,MARATHON,890,54,50,M,619,2025
1844,DANNA FREEDMAN-SHARA,,RIVERSIDE,04:01:57,04:01:00,09:11 min/mile,MARATHON,891,41,39,F,271,2025
38,BRYCE BELL,,KANSAS CITY,04:01:19,04:01:05,09:12 min/mile,MARATHON,892,47,69,M,620,2025
1313,NICHOLAS CHARD,,MONTEREY,04:02:41,04:01:09,09:12 min/mile,MARATHON,893,23,34,M,621,2025
2596,JORDAN PACKER,,MONTEREY,04:06:42,04:01:09,09:12 min/mile,MARATHON,894,27,84,M,622,2025
2772,ERICKA FLORES,,FAIRFIELD,04:08:17,04:01:13,09:12 min/mile,MARATHON,895,45,20,F,272,2025
855,CRAIG DOLEZEL,,ASTORIA,04:02:50,04:01:14,09:12 min/mile,MARATHON,896,40,98,M,623,2025
1343,MICHAEL UNGARO,,KELOWNA,04:02:38,04:01:15,09:12 min/mile,MARATHON,897,42,99,M,624,2025
560,DEBBIE BRALEY,,DUBLIN,04:02:54,04:01:26,09:12 min/mile,MARATHON,898,48,21,F,273,2025
299,CARRIE DUTCHER,,WYNNEWOOD,04:03:33,04:01:32,09:13 min/mile,MARATHON,899,50,17,F,274,2025
262,NICOLAS FUNES,,KATY,04:06:44,04:01:35,09:13 min/mile,MARATHON,900,41,100,M,625,2025
2783,PATRICK LII,,MOUNTAIN VIEW,04:07:16,04:01:36,09:13 min/mile,MARATHON,901,38,123,M,626,2025
1335,CHRISTOPHER DUMINDIN,,MINEOLA,04:02:40,04:01:41,09:13 min/mile,MARATHON,902,48,70,M,627,2025
2206,IAN SULLIVAN,,MERTHYR TYDFIL,04:08:48,04:01:46,09:13 min/mile,MARATHON,903,60,16,M,628,2025
1278,WILLIAM KELLY,,CALGARY,04:03:39,04:01:46,09:13 min/mile,MARATHON,904,40,101,M,629,2025
789,BRYAN ADAMS,,CHICAGO,04:02:02,04:01:46,09:13 min/mile,MARATHON,905,37,124,M,630,2025
1943,DIETER KEMPF,,MOUNTAIN VIEW,04:03:27,04:01:48,09:13 min/mile,MARATHON,906,59,25,M,631,2025
1476,JOLIOT CHU,,KENT,04:02:34,04:01:49,09:13 min/mile,MARATHON,907,37,125,M,632,2025
2149,NATALIA LAGUTOCHKINA,,SACRAMENTO,04:03:41,04:01:49,09:13 min/mile,MARATHON,908,36,54,F,275,2025
882,ANDREW WELHOUSE,,SALT LAKE CTY,04:03:16,04:01:51,09:13 min/mile,MARATHON,909,43,102,M,633,2025
2162,LIZZIE FERGUSON,,DALLAS,04:02:45,04:01:52,09:13 min/mile,MARATHON,910,33,63,F,276,2025
2708,JOSE AGUILAR,,DOWNEY,04:08:08,04:01:55,09:14 min/mile,MARATHON,911,44,103,M,634,2025
2080,DENNIS BARTLETT,,WOODSIDE,04:03:50,04:01:57,09:14 min/mile,MARATHON,912,38,126,M,635,2025
688,DEAN BOWKER,,BURLINGAME,04:02:37,04:01:58,09:14 min/mile,MARATHON,913,38,127,M,636,2025
600,JESSICA LYN ZALL,,NEW YORK,04:02:58,04:02:00,09:14 min/mile,MARATHON,914,50,18,F,277,2025
1113,BRANDON PENAFIEL,,FORT WORTH,04:02:22,04:02:03,09:14 min/mile,MARATHON,915,28,85,M,637,2025
263,JESSE LAPOINTE,,LA CROSSE,04:08:06,04:02:04,09:14 min/mile,MARATHON,916,42,104,M,638,2025
1380,BRIAN CLARKE,,NORTHPORT,04:03:22,04:02:09,09:14 min/mile,MARATHON,917,65,8,M,639,2025
1394,FILIPE LEBRE,,FALL RIVER,04:04:02,04:02:13,09:14 min/mile,MARATHON,918,44,105,M,640,2025
801,ZACHARY WOOD,,SALT LAKE CTY,04:02:45,04:02:16,09:14 min/mile,MARATHON,919,41,106,M,641,2025
1396,SETH KATZ,,CULVER CITY,04:03:40,04:02:19,09:14 min/mile,MARATHON,920,41,107,M,642,2025
541,ROBERT MUHL,,SYKESVILLE,04:03:43,04:02:20,09:14 min/mile,MARATHON,921,61,17,M,643,2025
1267,DANIEL SCHUSTER,,GLENDALE,04:03:18,04:02:20,09:14 min/mile,MARATHON,922,34,119,M,644,2025
2384,JANA SIPKOVA,,PACIFIC GROVE,04:08:37,04:02:22,09:15 min/mile,MARATHON,923,29,55,F,278,2025
469,STEWART GAILEY,,KILMACOLM,04:04:19,04:02:25,09:15 min/mile,MARATHON,924,55,26,M,645,2025
482,DANIEL NORDIGARDEN,,TORONTO,04:02:59,04:02:26,09:15 min/mile,MARATHON,925,46,71,M,646,2025
2122,ALONDRA GUZMAN,,CHINO HILLS,04:04:02,04:02:28,09:15 min/mile,MARATHON,926,42,40,F,279,2025
1969,REBECCA BALLINGER,,SAN JOSE,04:03:33,04:02:30,09:15 min/mile,MARATHON,927,40,41,F,280,2025
1271,JANEEN WALLACE,,CAMPBELL,04:03:33,04:02:30,09:15 min/mile,MARATHON,928,41,42,F,281,2025
1750,KAMDEN WATSON,,TORRANCE,04:04:20,04:02:33,09:15 min/mile,MARATHON,929,39,128,M,647,2025
3393,MATHEMORN LAN,,NEW YORK,04:07:42,04:02:37,09:15 min/mile,MARATHON,930,31,64,F,282,2025
1237,JAMES CHESTNUT,,PASADENA,04:04:05,04:02:37,09:15 min/mile,MARATHON,931,36,129,M,648,2025
189,EDWARD DUCKWORTH,,BOISE,04:07:59,04:02:38,09:15 min/mile,MARATHON,932,52,51,M,649,2025
1224,MICHEL ANDERMANN,,HUIXQUILUCAN,04:02:43,04:02:38,09:15 min/mile,MARATHON,933,51,52,M,650,2025
893,CHARLES LITTLE,,LUTZ,04:04:33,04:02:40,09:15 min/mile,MARATHON,934,58,27,M,651,2025
1170,JAE JOON LEE,,LOS ANGELES,04:03:40,04:02:42,09:15 min/mile,MARATHON,935,29,86,M,652,2025
1471,CAMIE RODAN,,EL SEGUNDO,04:04:06,04:02:42,09:15 min/mile,MARATHON,936,42,43,F,283,2025
2648,DAVID LUU,,GAITHERSBURG,04:10:05,04:02:43,09:15 min/mile,MARATHON,937,38,130,M,653,2025
606,SHARA ANNE POPPE,,SAN JOSE,04:03:55,04:02:44,09:15 min/mile,MARATHON,938,43,44,F,284,2025
883,SARAH SMITH,,THREE RIVERS,04:03:18,04:02:49,09:16 min/mile,MARATHON,939,41,45,F,285,2025
487,SALMAN KHAN,,DALLAS,04:04:35,04:03:02,09:16 min/mile,MARATHON,940,47,72,M,654,2025
1030,BABAR GHIAS,,CHICAGO,04:04:35,04:03:03,09:16 min/mile,MARATHON,941,46,73,M,655,2025
988,RICK QUAN,,TORRANCE,04:03:46,04:03:04,09:16 min/mile,MARATHON,942,40,108,M,656,2025
884,ERIN BERESINI,,REDONDO BEACH,04:03:44,04:03:05,09:16 min/mile,MARATHON,943,41,46,F,286,2025
1902,JIMMY WILLS,,REDONDO BEACH,04:03:44,04:03:05,09:16 min/mile,MARATHON,944,43,109,M,657,2025
1156,MARK OCONNOR,,HERMOSA BEACH,04:04:53,04:03:06,09:16 min/mile,MARATHON,945,41,110,M,658,2025
1487,LISA MORRISSEY,,BLUE ASH,04:04:37,04:03:13,09:16 min/mile,MARATHON,946,44,47,F,287,2025
3131,JOSEPH MCGLONE,,SAN FRANCISCO,04:09:38,04:03:21,09:17 min/mile,MARATHON,947,46,74,M,659,2025
1524,OLIVIA MCGOFFIN,,SAN FRANCISCO,04:04:09,04:03:22,09:17 min/mile,MARATHON,948,34,65,F,288,2025
2831,EDUARDO MANZANAREZ,,SEASIDE,04:09:37,04:03:22,09:17 min/mile,MARATHON,949,24,35,M,660,2025
1888,CORRINE FOULK,,YUCAIPA,04:04:07,04:03:30,09:17 min/mile,MARATHON,950,53,19,F,289,2025
2903,JAKE WHEELER,,REDSTONE,04:03:30,04:03:30,09:17 min/mile,MARATHON,951,34,120,M,661,2025
1266,GABE BENROTH,,CROTON HDSN,04:03:58,04:03:31,09:17 min/mile,MARATHON,952,48,75,M,662,2025
1795,SUNNY MILLER,,TRAVERSE CITY,04:04:05,04:03:32,09:17 min/mile,MARATHON,953,46,22,F,290,2025
1802,REBECCA MACBRIDE,,HARWICH,04:04:12,04:03:34,09:17 min/mile,MARATHON,954,47,23,F,291,2025
769,NANCY PERCY,,ORLANDO,04:04:32,04:03:37,09:17 min/mile,MARATHON,955,45,24,F,292,2025
1051,ALEXIA CABRERA,,SAN JOSE,04:04:10,04:03:41,09:18 min/mile,MARATHON,956,24,17,F,293,2025
1425,SARAH AMOS,,FAIRMONT,04:05:07,04:03:43,09:18 min/mile,MARATHON,957,32,66,F,294,2025
743,LEAH EGGERS,,SAINT PAUL,04:04:53,04:03:45,09:18 min/mile,MARATHON,958,37,55,F,295,2025
3411,ESTEBAN ORTEGA,,SEASIDE,04:09:15,04:03:46,09:18 min/mile,MARATHON,959,56,28,M,663,2025
1164,PAT BREW,,PACIFIC GROVE,04:04:58,04:03:49,09:18 min/mile,MARATHON,960,69,9,M,664,2025
74,ELAINE BORGES,,BRASILIA,04:05:15,04:03:49,09:18 min/mile,MARATHON,961,43,48,F,296,2025
1883,SURESH KUMAR,,MILTON,04:05:04,04:03:50,09:18 min/mile,MARATHON,962,58,29,M,665,2025
3074,NATHAN LUTZ,,MONTEREY,04:09:13,04:03:52,09:18 min/mile,MARATHON,963,38,131,M,666,2025
1442,WILLIAM SOUDER,,ARDEN,04:04:08,04:03:54,09:18 min/mile,MARATHON,964,41,111,M,667,2025
1100,MARTIN MENDEZ,,SALINAS,04:04:10,04:03:59,09:18 min/mile,MARATHON,965,26,87,M,668,2025
803,ADAM ZHENG,,NEW YORK,04:04:36,04:03:59,09:18 min/mile,MARATHON,966,23,36,M,669,2025
543,MARCOS HASEGAWA,,SAO PAULO,04:04:14,04:04:01,09:18 min/mile,MARATHON,967,61,18,M,670,2025
722,AMBER GRAZIANO,,SN LUIS OBISP,04:04:48,04:04:06,09:19 min/mile,MARATHON,968,43,49,F,297,2025
724,VINNY WOOD,,SAN LUIS OBISPO,04:04:48,04:04:06,09:19 min/mile,MARATHON,969,58,30,M,671,2025
2462,BETTY KWONG,,WATSONVILLE,04:09:24,04:04:07,09:19 min/mile,MARATHON,970,47,25,F,298,2025
1342,MEGAN VAN RULER,,HILMAR,04:05:47,04:04:17,09:19 min/mile,MARATHON,971,24,18,F,299,2025
3650,NATALIE BROWN,,SAN FRANCISCO,04:11:03,04:04:29,09:19 min/mile,MARATHON,972,27,56,F,300,2025
3229,JAKOB CAYA,,KYLE,04:11:40,04:04:35,09:20 min/mile,MARATHON,973,16,3,M,672,2025
2655,CHELSEA ACKERMAN,,NEW BRAUNFELS,04:10:35,04:04:53,09:20 min/mile,MARATHON,974,40,50,F,301,2025
2370,NICOLE DALESIO,,LOS GATOS,04:10:14,04:04:55,09:20 min/mile,MARATHON,975,52,20,F,302,2025
1861,HERNAN SEGURADO,,TEGUCIGALPA,04:06:42,04:04:59,09:21 min/mile,MARATHON,976,42,112,M,673,2025
1771,TEALIN KELEMEN,,LAFAYETTE,04:06:14,04:04:59,09:21 min/mile,MARATHON,977,43,51,F,303,2025
2480,KAITLIN HIGHSTREET,,SAN FRANCISCO,04:11:51,04:05:00,09:21 min/mile,MARATHON,978,31,67,F,304,2025
1985,RAIMUND SCHNEIDER,,ROTTWEIL - NEUKIRCH,04:06:27,04:05:01,09:21 min/mile,MARATHON,979,44,113,M,674,2025
3128,DMITRIY RADOSTEV,,MOUNTAIN VIEW,04:11:11,04:05:01,09:21 min/mile,MARATHON,980,37,132,M,675,2025
2268,KELSEY PEARSON,,CARMEL VALLEY,04:10:19,04:05:04,09:21 min/mile,MARATHON,981,36,56,F,305,2025
4513,THERESA BLUHM,,MCKINNEY,04:15:08,04:05:04,09:21 min/mile,MARATHON,982,25,57,F,306,2025
786,KATHRYN IWASAKI,,CHAMBLEE,04:06:09,04:05:10,09:21 min/mile,MARATHON,983,30,68,F,307,2025
4708,KATIE PISCOPO,,MARINA,04:10:32,04:05:11,09:21 min/mile,MARATHON,984,26,58,F,308,2025
1690,AIDAN SOPER,,BROOKLYN,04:05:32,04:05:11,09:21 min/mile,MARATHON,985,32,121,M,676,2025
1800,ANGELO CRISTANTE,,PITTSBURGH,04:06:24,04:05:16,09:21 min/mile,MARATHON,986,35,133,M,677,2025
2843,MICHAELA WILCOX,,SEATTLE,04:11:09,04:05:20,09:21 min/mile,MARATHON,987,43,52,F,309,2025
1626,BRUCE GREER,,CHARLOTTE,04:07:19,04:05:26,09:22 min/mile,MARATHON,988,44,114,M,678,2025
1982,DANIEL PLASCENCIA,,SAN JOSE,04:06:13,04:05:30,09:22 min/mile,MARATHON,989,28,88,M,679,2025
1472,WALTER LOVATO,,SUN VALLEY,04:10:39,04:05:33,09:22 min/mile,MARATHON,990,62,19,M,680,2025
2009,SEMBHAYYA GOLLAKOTA,,SUNNYVALE,04:06:52,04:05:34,09:22 min/mile,MARATHON,991,49,76,M,681,2025
691,DAVID AROZ,,FRESNO,04:06:59,04:05:34,09:22 min/mile,MARATHON,992,48,77,M,682,2025
2287,BERNARD MOKAM,,NEW YORK,04:12:37,04:05:36,09:22 min/mile,MARATHON,993,30,122,M,683,2025
118,SYDNEY JOHNSTON,,NEWPORT COAST,04:06:29,04:05:37,09:22 min/mile,MARATHON,994,30,69,F,310,2025
3560,LUKE COLE,,SAN DIEGO,04:10:59,04:05:41,09:22 min/mile,MARATHON,995,32,123,M,684,2025
1724,JOSE SALVADOR,,SALINAS,04:07:32,04:05:44,09:22 min/mile,MARATHON,996,45,78,M,685,2025
2886,GEORGE KILBOURNE,,TIMONIUM,04:10:53,04:05:44,09:22 min/mile,MARATHON,997,51,53,M,686,2025
2633,CLAIRE DANGELO,,PEBBLE BEACH,04:10:53,04:05:47,09:22 min/mile,MARATHON,998,31,70,F,311,2025
91,RYN MANBY,,CHICAGO,04:06:19,04:05:51,09:23 min/mile,MARATHON,999,35,57,F,312,2025
2793,LAI SAECHAO-BAZEMORE,,VALRICO,04:11:07,04:05:52,09:23 min/mile,MARATHON,1000,37,58,F,313,2025
1945,MICHAEL NAVONE,,CUPERTINO,04:06:16,04:06:02,09:23 min/mile,MARATHON,1001,59,31,M,687,2025
3191,SARAH OLIVER,,DENVER,04:06:07,04:06:07,09:23 min/mile,MARATHON,1002,24,19,F,314,2025
2603,CHASE HOLT,,DRAPER,04:12:05,04:06:10,09:23 min/mile,MARATHON,1003,26,89,M,688,2025
2601,ANDREW EVDOKIMOV,,MOUNTAIN VIEW,04:11:58,04:06:17,09:24 min/mile,MARATHON,1004,36,134,M,689,2025
3248,ROSS HOLCOMB,,VENTURA,04:12:56,04:06:24,09:24 min/mile,MARATHON,1005,32,124,M,690,2025
1821,EWELINA LUCOW,,LOS GATOS,04:08:03,04:06:28,09:24 min/mile,MARATHON,1006,48,26,F,315,2025
3408,RON BAXTER,,MONTEREY,04:12:32,04:06:29,09:24 min/mile,MARATHON,1007,61,20,M,691,2025
1449,JOEY SCHMIT,,OAKLAND,04:07:42,04:06:29,09:24 min/mile,MARATHON,1008,45,79,M,692,2025
1359,WILLIAM WEST,,BAY VILLAGE,04:07:12,04:06:30,09:24 min/mile,MARATHON,1009,49,80,M,693,2025
515,BENJAMIN KERN,,FRISCO,04:07:38,04:06:31,09:24 min/mile,MARATHON,1010,55,32,M,694,2025
734,CHRIS ALLISON,,JAX BCH,04:07:31,04:06:32,09:24 min/mile,MARATHON,1011,42,115,M,695,2025
742,RHEA PERALTA,,JAX BCH,04:07:30,04:06:33,09:24 min/mile,MARATHON,1012,38,59,F,316,2025
1630,CLARA EVERETT,,BROOKLYN,04:08:20,04:06:33,09:24 min/mile,MARATHON,1013,25,59,F,317,2025
891,CHRISTINE LARROUCAU,,LOS ANGELES,04:08:02,04:06:36,09:24 min/mile,MARATHON,1014,35,60,F,318,2025
2960,ALEX CHANG,,SAN FRANCISCO,04:12:55,04:06:39,09:24 min/mile,MARATHON,1015,25,90,M,696,2025
2899,ANNA WINHAM,,BROOKLYN,04:13:25,04:06:40,09:24 min/mile,MARATHON,1016,31,71,F,319,2025
3461,NORPHEL DINGPONTSAWA,,PALO ALTO,04:11:49,04:06:43,09:25 min/mile,MARATHON,1017,55,33,M,697,2025
2894,MELANIE WASSERMAN,,SANTA MONICA,04:13:57,04:06:51,09:25 min/mile,MARATHON,1018,39,61,F,320,2025
2004,JIM CASSIOPPI,,WILLOW SPGS,04:08:05,04:06:53,09:25 min/mile,MARATHON,1019,60,21,M,698,2025
1429,THOMAS BERKHOLTZ,,PEWAUKEE,04:08:03,04:07:07,09:25 min/mile,MARATHON,1020,29,91,M,699,2025
1285,LUKE LABORDE,,SAN ANTONIO,04:08:20,04:07:09,09:25 min/mile,MARATHON,1021,33,125,M,700,2025
2915,JACQUELINE EDWARDS,,HILLSBORO,04:12:51,04:07:10,09:26 min/mile,MARATHON,1022,63,3,F,321,2025
1765,JASON LIN,,BOSTON,04:07:44,04:07:11,09:26 min/mile,MARATHON,1023,35,135,M,701,2025
1046,RINO DIZON,,W SACRAMENTO,04:08:09,04:07:12,09:26 min/mile,MARATHON,1024,46,81,M,702,2025
1453,NICHOLAS CHEE,,SALINAS,04:08:25,04:07:14,09:26 min/mile,MARATHON,1025,59,34,M,703,2025
3269,PAUL TEMPLETON,,ARVADA,04:09:21,04:07:14,09:26 min/mile,MARATHON,1026,44,116,M,704,2025
764,BOB CALLAHAN,,SAN JOSE,04:08:50,04:07:16,09:26 min/mile,MARATHON,1027,65,10,M,705,2025
2718,ASHLEY MAYFIELD,,DENVER,04:13:15,04:07:16,09:26 min/mile,MARATHON,1028,35,62,F,322,2025
122,AIDAN ROBERTS,,SCOTTS VALLEY,04:07:41,04:07:24,09:26 min/mile,MARATHON,1029,40,117,M,706,2025
4432,WHITNEY PHILLIPS,,HENDERSONVLLE,04:17:48,04:07:27,09:26 min/mile,MARATHON,1030,34,72,F,323,2025
2461,TIA BOTTGER,,DAVIS,04:12:36,04:07:27,09:26 min/mile,MARATHON,1031,22,20,F,324,2025
1427,SEBASTIAN GONZALEZ,,SALINAS,04:07:57,04:07:27,09:26 min/mile,MARATHON,1032,17,4,M,707,2025
4012,JENNIFER KLIMEK,,BROWN DEER,04:17:38,04:07:31,09:26 min/mile,MARATHON,1033,52,21,F,325,2025
2396,BRADY JACKSON,,SANTA MONICA,04:12:56,04:07:34,09:26 min/mile,MARATHON,1034,34,126,M,708,2025
112,KATE CLAYTON,,SAINT PAUL,04:08:27,04:07:42,09:27 min/mile,MARATHON,1035,42,53,F,326,2025
3125,KAILEY WILLIAMS,,CHICAGO,04:13:12,04:07:42,09:27 min/mile,MARATHON,1036,28,60,F,327,2025
1756,BENJAMIN CHANG,,EMERYVILLE,04:09:46,04:07:46,09:27 min/mile,MARATHON,1037,26,92,M,709,2025
623,ROBIN LAFERNEY,,PROSPER,04:08:52,04:07:47,09:27 min/mile,MARATHON,1038,41,54,F,328,2025
1401,ALEX T,,SAN DIEGO,04:09:46,04:07:49,09:27 min/mile,MARATHON,1039,34,127,M,710,2025
794,JOHN VANTINE,,SANTA CRUZ,04:08:42,04:07:49,09:27 min/mile,MARATHON,1040,41,118,M,711,2025
204,KRISTA WATSON,,HIAWATHA,04:12:55,04:07:50,09:27 min/mile,MARATHON,1041,36,63,F,329,2025
1804,MIKAELA HAMREN,,PACIFICA,04:08:16,04:08:01,09:27 min/mile,MARATHON,1042,41,55,F,330,2025
1900,SKY BRUBAKER,,DENVER,04:13:08,04:08:02,09:28 min/mile,MARATHON,1043,41,119,M,712,2025
903,YUMAN XU,,LONG IS CITY,04:08:48,04:08:05,09:28 min/mile,MARATHON,1044,29,61,F,331,2025
3102,EMILY DOUGHTY-WOOD,,SANTA CRUZ,04:13:33,04:08:06,09:28 min/mile,MARATHON,1045,28,62,F,332,2025
1893,BROOKE LEWY,,LARCHMONT,04:13:49,04:08:08,09:28 min/mile,MARATHON,1046,42,56,F,333,2025
430,TOMINA SCHWENKE,,DECATUR,04:09:22,04:08:11,09:28 min/mile,MARATHON,1047,54,22,F,334,2025
3216,DORI ANDERSON,,CARMEL BY THE,04:08:55,04:08:17,09:28 min/mile,MARATHON,1048,28,63,F,335,2025
1163,CÉSAR LOBATO,,GAM,04:08:39,04:08:18,09:28 min/mile,MARATHON,1049,40,120,M,713,2025
4769,JACOB DIRYAWUSH,,MODESTO,04:18:43,04:08:20,09:28 min/mile,MARATHON,1050,26,93,M,714,2025
94,JEANETTE GOOCH,,SPRINGFIELD,04:08:41,04:08:22,09:28 min/mile,MARATHON,1051,42,57,F,336,2025
2109,BRIDGET HOLLOWAY,,KANSAS CITY,04:13:56,04:08:22,09:28 min/mile,MARATHON,1052,35,64,F,337,2025
1930,WILLIAM BEDDOW,,SAN FRANCISCO,04:10:09,04:08:25,09:28 min/mile,MARATHON,1053,24,37,M,715,2025
1777,CHARLES WHITFIELD,,SAN FRANCISCO,04:08:53,04:08:32,09:29 min/mile,MARATHON,1054,35,136,M,716,2025
544,KIMBERLY GILL,,PARADISE,04:10:29,04:08:34,09:29 min/mile,MARATHON,1055,34,73,F,338,2025
2559,JESSICA CONNALLY,,CARMEL,04:14:46,04:08:34,09:29 min/mile,MARATHON,1056,45,27,F,339,2025
1147,DANIEL BARRENECHEA,,TIJUANA,04:09:13,04:08:37,09:29 min/mile,MARATHON,1057,41,121,M,717,2025
2166,PIERRE COTE,,SAINT LAURENT DE L’ÎLE D’ORLÉANS,04:10:06,04:08:38,09:29 min/mile,MARATHON,1058,70,1,M,718,2025
869,SAMI LEE,,SEATTLE,04:09:30,04:08:39,09:29 min/mile,MARATHON,1059,29,64,F,340,2025
840,OLIVIA CARLSON,,LIVERMORE,04:09:30,04:08:40,09:29 min/mile,MARATHON,1060,29,65,F,341,2025
1326,BROOKE ROBERTS,,INDIANAPOLIS,04:14:05,04:08:40,09:29 min/mile,MARATHON,1061,43,58,F,342,2025
758,CHRISTOPHER EDWARDS,,ANCHORAGE,04:09:15,04:08:45,09:29 min/mile,MARATHON,1062,37,137,M,719,2025
306,KATIE RAMMEL,,GREENVILLE,04:14:08,04:08:49,09:29 min/mile,MARATHON,1063,47,28,F,343,2025
310,ASHLEY STULL,,GREENVILLE,04:14:08,04:08:49,09:29 min/mile,MARATHON,1064,44,59,F,344,2025
1966,MADYSON HOUSEMAN,,LOS ANGELES,04:15:16,04:08:53,09:29 min/mile,MARATHON,1066,26,66,F,345,2025
1773,ANKUR PATEL,,SALISBURY,04:10:38,04:08:53,09:29 min/mile,MARATHON,1065,48,82,M,720,2025
1892,MARILEE BARKER,,HIGHLAND,04:09:20,04:08:55,09:30 min/mile,MARATHON,1067,49,29,F,346,2025
2863,MEGHAN BOYLAN,,WASHINGTON,04:14:41,04:08:57,09:30 min/mile,MARATHON,1068,50,23,F,347,2025
279,ANDREW BANTHAM,,JOHNSTOWN,04:14:36,04:08:59,09:30 min/mile,MARATHON,1069,58,35,M,721,2025
1896,JITEN GORE,,SANTA CLARA,04:09:15,04:09:00,09:30 min/mile,MARATHON,1070,59,36,M,722,2025
2588,HECTOR ESTRADA,,STOCKTON,04:14:25,04:09:05,09:30 min/mile,MARATHON,1071,57,37,M,723,2025
1378,MATTHEW MALONE,,GREENWICH,04:10:45,04:09:06,09:30 min/mile,MARATHON,1072,38,138,M,724,2025
3306,JOE FLOYD,,SANTA MONICA,04:15:09,04:09:10,09:30 min/mile,MARATHON,1073,33,128,M,725,2025
2497,DAVID FROYLAN,,PALOS PARK,04:15:44,04:09:11,09:30 min/mile,MARATHON,1074,45,83,M,726,2025
1162,RYAN JACKSON,,WESTON,04:10:21,04:09:19,09:30 min/mile,MARATHON,1075,45,84,M,727,2025
2709,ALAINA MARIANO,,SAND CITY,04:19:26,04:09:20,09:30 min/mile,MARATHON,1076,35,65,F,348,2025
4290,RITA OSHEA,,MONTEREY,04:19:26,04:09:20,09:30 min/mile,MARATHON,1077,29,67,F,349,2025
3227,JONATHAN ANDRADE,,WINNETKA,04:14:40,04:09:29,09:31 min/mile,MARATHON,1078,35,139,M,728,2025
1386,ANDREW PETKUS,,LONG BEACH,04:10:41,04:09:31,09:31 min/mile,MARATHON,1079,40,122,M,729,2025
3529,ALANA FLORES,,CORP CHRISTI,04:15:01,04:09:33,09:31 min/mile,MARATHON,1080,32,74,F,350,2025
2853,ALLIE BURTON,,ROSEVILLE,04:16:22,04:09:36,09:31 min/mile,MARATHON,1081,35,66,F,351,2025
898,KIMBERLY SCHAEFER,,PORTLAND,04:11:03,04:09:38,09:31 min/mile,MARATHON,1082,31,75,F,352,2025
964,JACOB MARSHALL,,SAN DIEGO,04:10:55,04:09:39,09:31 min/mile,MARATHON,1083,33,129,M,730,2025
1483,TREVOR SCHWERTFEGER,,GRASS VALLEY,04:09:52,04:09:40,09:31 min/mile,MARATHON,1084,30,130,M,731,2025
1607,PAUL ARMIJO,,MONTEREY,04:10:55,04:09:40,09:31 min/mile,MARATHON,1085,38,140,M,732,2025
2426,ADAM CAUSEY,,SALINAS,04:14:58,04:09:40,09:31 min/mile,MARATHON,1086,41,123,M,733,2025
2012,JASON RAHN,,SOUTHLAKE,04:11:02,04:09:43,09:31 min/mile,MARATHON,1087,50,54,M,734,2025
759,KYLE SIEGEL,,SAN MATEO,04:10:48,04:09:43,09:31 min/mile,MARATHON,1088,29,94,M,735,2025
3336,JUSTIN CHIU,,MONTEREY PARK,04:20:02,04:09:43,09:31 min/mile,MARATHON,1089,29,95,M,736,2025
1136,JENNIFER CURTIS,,NEW YORK,04:09:51,04:09:46,09:31 min/mile,MARATHON,1090,35,67,F,353,2025
2030,ABBY PERASSO,,CHICAGO,04:10:42,04:09:50,09:32 min/mile,MARATHON,1091,27,68,F,354,2025
1778,ANDREW GRANTZ,,SAN DIEGO,04:10:55,04:09:51,09:32 min/mile,MARATHON,1092,38,141,M,737,2025
708,MADDIE GEE,,LA GRANGE,04:11:26,04:09:51,09:32 min/mile,MARATHON,1093,20,21,F,355,2025
1099,RUSSELL HAMMERSMITH,,SALINAS,04:10:32,04:10:08,09:32 min/mile,MARATHON,1094,45,85,M,738,2025
1017,KAROLINA TARNACKI,,NEW YORK,04:11:37,04:10:12,09:32 min/mile,MARATHON,1095,24,22,F,356,2025
2727,SAMUEL CASTANEDA,,WINTON,04:15:53,04:10:16,09:33 min/mile,MARATHON,1096,36,142,M,739,2025
2706,MATTHEW LUKE,,MONTEREY,04:15:53,04:10:17,09:33 min/mile,MARATHON,1097,36,143,M,740,2025
2300,RACHEL MILLER,,PACIFIC GROVE,04:15:30,04:10:21,09:33 min/mile,MARATHON,1098,30,76,F,357,2025
1810,MICHAEL HUTT,,SAN RAMON,04:11:22,04:10:28,09:33 min/mile,MARATHON,1099,54,55,M,741,2025
3594,TIM MALUEG,,BIG SUR,04:16:47,04:10:29,09:33 min/mile,MARATHON,1100,26,96,M,742,2025
160,CHARLES BROWN,,MOORPARK,04:15:38,04:10:29,09:33 min/mile,MARATHON,1101,68,11,M,743,2025
2623,MICHELLE OH,,MARINA,04:16:41,04:10:37,09:33 min/mile,MARATHON,1102,33,77,F,358,2025
2495,ERICA PARRILLA,,HATBORO,04:17:00,04:10:42,09:34 min/mile,MARATHON,1103,33,78,F,359,2025
3094,DIVINA BIBAT,,ROCKLIN,04:16:04,04:10:44,09:34 min/mile,MARATHON,1104,48,30,F,360,2025
2014,CHRISTEN CONNELL,,CHARLOTTESVLE,04:11:33,04:10:47,09:34 min/mile,MARATHON,1105,44,60,F,361,2025
4214,KENN LINK,,DENVER,04:21:08,04:10:49,09:34 min/mile,MARATHON,1106,29,97,M,744,2025
2272,JANELLE NELSON,,ALEXANDRIA,04:16:50,04:10:52,09:34 min/mile,MARATHON,1107,36,68,F,362,2025
1182,KRISTIN HERNANDEZ,,BOISE,04:12:25,04:10:57,09:34 min/mile,MARATHON,1108,35,69,F,363,2025
1721,JON WILMOT,,SPOKANE,04:11:19,04:11:03,09:34 min/mile,MARATHON,1109,54,56,M,745,2025
3522,MATTHEW STEPHENSON,,SAN DIEGO,04:16:29,04:11:04,09:34 min/mile,MARATHON,1110,40,124,M,746,2025
956,JOHN ALVAREZ,,PRUNEDALE,04:12:05,04:11:04,09:34 min/mile,MARATHON,1111,26,98,M,747,2025
78,JESSICA HAINES,,DALLAS,04:11:30,04:11:06,09:35 min/mile,MARATHON,1112,32,79,F,364,2025
899,KRISTEN HANNAFORD,,W HOLLYWOOD,04:12:31,04:11:08,09:35 min/mile,MARATHON,1113,31,80,F,365,2025
3564,DAVID FILGAS,,NEWBURY PARK,04:16:34,04:11:09,09:35 min/mile,MARATHON,1114,57,38,M,748,2025
874,ALEXANDER SWEET,,ALEXANDRIA,04:12:14,04:11:09,09:35 min/mile,MARATHON,1115,34,131,M,749,2025
1541,ANDREW RICH,,SAN FRANCISCO,04:12:15,04:11:12,09:35 min/mile,MARATHON,1116,47,86,M,750,2025
2728,ANTONIA SESTAK,,BATTERY HILL,04:12:58,04:11:17,09:35 min/mile,MARATHON,1117,46,31,F,366,2025
2278,CHARLES HILL,,SPRING,04:17:59,04:11:23,09:35 min/mile,MARATHON,1118,25,99,M,751,2025
2924,JOHN KURKA,,GLENDORA,04:16:30,04:11:26,09:35 min/mile,MARATHON,1119,47,87,M,752,2025
1684,SHAY GRIMLEY,,BROOKLYN,04:12:54,04:11:27,09:35 min/mile,MARATHON,1120,31,132,M,753,2025
137,ERIC SIMONS,,MILLBRAE,04:11:49,04:11:27,09:35 min/mile,MARATHON,1121,33,133,M,754,2025
3090,BOBBIE SALEEBY,,RALEIGH,04:17:31,04:11:31,09:35 min/mile,MARATHON,1122,35,70,F,367,2025
1923,EDER RODRIGUEZ OROPEZA,,AGUASCALIENTES,04:12:19,04:11:32,09:36 min/mile,MARATHON,1123,42,125,M,755,2025
65,ROSANNA CAMPOS,,PEARLAND,04:11:41,04:11:37,09:36 min/mile,MARATHON,1124,51,24,F,368,2025
2614,TZU HAO CHOW,,SAN JOSE,04:17:33,04:11:39,09:36 min/mile,MARATHON,1125,47,88,M,756,2025
3764,MAGGIE CALONGE,,ORINDA,04:22:10,04:11:40,09:36 min/mile,MARATHON,1126,42,61,F,369,2025
156,SERGIO HUERTA,,DALLAS,04:16:49,04:11:40,09:36 min/mile,MARATHON,1127,58,39,M,757,2025
2703,BRIANA RYAN,,MONTEREY,04:17:09,04:11:42,09:36 min/mile,MARATHON,1128,35,71,F,370,2025
2790,CHRISTOPHER GONG,,FOLSOM,04:17:55,04:11:45,09:36 min/mile,MARATHON,1129,52,57,M,758,2025
4350,MACKENZIE LANE,,CHARLOTTE,04:22:20,04:11:45,09:36 min/mile,MARATHON,1130,26,69,F,371,2025
3260,SHELLEY FRITCH,,OKLAHOMA CITY,04:17:09,04:11:46,09:36 min/mile,MARATHON,1131,43,62,F,372,2025
1451,WILLIAM JOHNSON,,NEW YORK,04:12:38,04:11:46,09:36 min/mile,MARATHON,1132,45,89,M,759,2025
2578,WALKER LEE,,MONTEREY,04:17:02,04:11:47,09:36 min/mile,MARATHON,1133,22,38,M,760,2025
3337,KRISTEN MENDICK,,ALEXANDRIA,04:17:32,04:11:52,09:36 min/mile,MARATHON,1134,37,72,F,373,2025
2091,LOUIS LU,,UNION CITY,04:12:35,04:11:52,09:36 min/mile,MARATHON,1135,33,134,M,761,2025
2866,MIKE ATHERTON,,SF,04:17:32,04:11:53,09:36 min/mile,MARATHON,1136,37,144,M,762,2025
681,ERIN HOWE,,MOUNTAIN VLG,04:12:39,04:11:54,09:36 min/mile,MARATHON,1137,23,23,F,374,2025
1437,ABIGAIL PALIN,,DENVER,04:12:38,04:11:54,09:36 min/mile,MARATHON,1138,24,24,F,375,2025
1613,CRISTOBAL FORNO,,SANTIAGO,04:12:03,04:11:56,09:36 min/mile,MARATHON,1139,43,126,M,763,2025
3305,PETER TORTORA,,SEATTLE,04:22:02,04:11:56,09:36 min/mile,MARATHON,1140,31,135,M,764,2025
3209,CAYLEY LAMBUR,,BIG SUR,04:17:07,04:11:58,09:37 min/mile,MARATHON,1141,40,63,F,376,2025
1480,ERIC SPITZ,,LANSING,04:12:33,04:11:58,09:37 min/mile,MARATHON,1142,33,136,M,765,2025
3275,NATHAN DENNEY,,SALINAS,04:17:34,04:12:03,09:37 min/mile,MARATHON,1143,34,137,M,766,2025
3079,KONSTANTIN TYURIN,,BELMONT,04:19:15,04:12:07,09:37 min/mile,MARATHON,1144,57,40,M,767,2025
103,ANDREW HAMPSHIRE,,DEL MAR,04:12:29,04:12:07,09:37 min/mile,MARATHON,1145,54,58,M,768,2025
2284,KAYLA THOMAS,,SAN FRANCISCO,04:18:02,04:12:09,09:37 min/mile,MARATHON,1146,25,70,F,377,2025
3671,JULIA HU,,SAN FRANCISCO,04:17:55,04:12:11,09:37 min/mile,MARATHON,1147,25,71,F,378,2025
1987,ALEXANDRE MOHA,,CARMEL,04:13:49,04:12:12,09:37 min/mile,MARATHON,1148,52,59,M,769,2025
1028,AKIKO PRINCE,,WOLVERINE LK,04:16:51,04:12:13,09:37 min/mile,MARATHON,1149,48,32,F,379,2025
2997,ALEEM DAMJI,,NEW YORK,04:17:39,04:12:18,09:37 min/mile,MARATHON,1150,27,100,M,770,2025
1884,NABILA PIPER,,CHARLESTON,04:13:14,04:12:22,09:37 min/mile,MARATHON,1151,42,64,F,380,2025
2878,MEGAN LACHNER,,COLUMBUS,04:18:01,04:12:24,09:38 min/mile,MARATHON,1152,28,72,F,381,2025
3003,STEVEN NISHIMOTO,,SUNNYVALE,04:18:05,04:12:24,09:38 min/mile,MARATHON,1153,36,145,M,771,2025
1323,BECCA ROACH,,SEATTLE,04:13:30,04:12:30,09:38 min/mile,MARATHON,1154,32,81,F,382,2025
1670,SYDNEY WOODHOUSE,,SAN DIEGO,04:13:00,04:12:30,09:38 min/mile,MARATHON,1155,31,82,F,383,2025
2392,JESSICA KIM,,GREENVILLE,04:18:39,04:12:32,09:38 min/mile,MARATHON,1156,43,65,F,384,2025
2087,MICAELA MCGLONE,,HOUSTON,04:13:15,04:12:32,09:38 min/mile,MARATHON,1157,38,73,F,385,2025
1040,TOMOKO GNODTKE,,OKEMOS,04:16:50,04:12:41,09:38 min/mile,MARATHON,1158,52,25,F,386,2025
2460,SCOTT HICKEY,,ORINDA,04:18:06,04:12:41,09:38 min/mile,MARATHON,1159,38,146,M,772,2025
2961,ZACH LINSEY,,WASHINGTON,04:18:50,04:12:46,09:38 min/mile,MARATHON,1160,38,147,M,773,2025
2082,BRIAN GILGER,,RALEIGH,04:13:51,04:12:54,09:39 min/mile,MARATHON,1161,63,22,M,774,2025
1852,AMY MACIEJEWSKI,,HAMMOND,04:13:13,04:12:57,09:39 min/mile,MARATHON,1162,35,74,F,387,2025
2430,MIA ARTHUR,,CHICAGO,04:18:52,04:12:58,09:39 min/mile,MARATHON,1163,26,73,F,388,2025
448,PAUL CARTER,,SOUTHSIDE,04:13:45,04:12:59,09:39 min/mile,MARATHON,1164,43,127,M,775,2025
3030,JESSICA RUBIO,,WHITTIER,04:19:13,04:13:00,09:39 min/mile,MARATHON,1165,29,74,F,389,2025
116,MICHAEL CHIN,,SAN JOSE,04:14:19,04:13:02,09:39 min/mile,MARATHON,1166,40,128,M,776,2025
2469,JESSICA LEY,,NEW ORLEANS,04:18:12,04:13:02,09:39 min/mile,MARATHON,1167,40,66,F,390,2025
2472,JONATHAN LEY,,NEW ORLEANS,04:18:13,04:13:03,09:39 min/mile,MARATHON,1168,45,90,M,777,2025
2454,IWONA KARDAS,,WARSAW,04:19:44,04:13:09,09:39 min/mile,MARATHON,1169,38,75,F,391,2025
750,MATTHEW MARTINEZ,,CARMEL VALLEY,04:14:09,04:13:10,09:39 min/mile,MARATHON,1170,20,39,M,778,2025
1723,EMILY KAISER,,TEWKSBURY,04:13:31,04:13:15,09:39 min/mile,MARATHON,1171,40,67,F,392,2025
513,JIE TAN,,BEIJING,04:14:44,04:13:16,09:40 min/mile,MARATHON,1172,55,41,M,779,2025
4545,EMILY THOMAS,,SAN FRANCISCO,04:23:46,04:13:21,09:40 min/mile,MARATHON,1173,27,75,F,393,2025
3222,OMAR PELAYO,,MARINA,04:18:58,04:13:24,09:40 min/mile,MARATHON,1174,33,138,M,780,2025
3182,SARAH TAFOYA,,WEST HOLLYWOOD,04:18:36,04:13:24,09:40 min/mile,MARATHON,1175,40,68,F,394,2025
536,TRACY PHAM,,SAN MARINO,04:15:10,04:13:27,09:40 min/mile,MARATHON,1176,45,33,F,395,2025
1959,MARIA PETATE,,DUARTE,04:13:56,04:13:30,09:40 min/mile,MARATHON,1177,50,0,X,0,2025
1839,REBECCA HESTER,,COLUMBUS,04:14:43,04:13:31,09:40 min/mile,MARATHON,1178,50,26,F,396,2025
578,BOB COSMAN,,MELROSE,04:13:41,04:13:33,09:40 min/mile,MARATHON,1179,70,2,M,781,2025
2526,CRAIG DOMANSKI,,ATLANTIC HLDS,04:20:50,04:13:40,09:40 min/mile,MARATHON,1180,45,91,M,782,2025
2726,JOSH FANGMEIER,,SAINT PAUL,04:19:22,04:13:42,09:40 min/mile,MARATHON,1181,40,129,M,783,2025
3086,CATHERINE MAHONY,,NEW YORK,04:19:40,04:13:44,09:41 min/mile,MARATHON,1182,33,83,F,397,2025
589,SHAWN WEIDMANN,,CARMEL BY THE SEA,04:15:10,04:13:44,09:41 min/mile,MARATHON,1183,61,23,M,784,2025
3452,HANOCH RAVIV,,CUPERTINO,04:19:03,04:13:45,09:41 min/mile,MARATHON,1184,63,24,M,785,2025
861,EMMANUEL VAZQUEZ,,CONCORD,04:14:33,04:13:47,09:41 min/mile,MARATHON,1185,40,130,M,786,2025
3208,KEVIN THAYER,,SALINAS,04:19:15,04:13:48,09:41 min/mile,MARATHON,1186,59,42,M,787,2025
666,CHRIS DUBUQUE,,PORTLAND,04:19:17,04:13:52,09:41 min/mile,MARATHON,1187,53,60,M,788,2025
2269,TRACY CAO,,SAN JOSE,04:19:31,04:13:52,09:41 min/mile,MARATHON,1188,32,84,F,398,2025
2235,EMILY PROMISE,,MARBLEHEAD,04:20:00,04:13:57,09:41 min/mile,MARATHON,1189,27,76,F,399,2025
3707,CASSIDY SMITH,,WEST HILLS,04:20:11,04:14:03,09:41 min/mile,MARATHON,1190,27,77,F,400,2025
2759,JOSEPH COHN,,MARINA,04:20:06,04:14:05,09:41 min/mile,MARATHON,1191,54,61,M,789,2025
2855,NICOLE FAHRENFELD,,HIGHLAND PARK,04:19:37,04:14:06,09:41 min/mile,MARATHON,1192,41,69,F,401,2025
533,AMY SITAR,,BROOKLYN,04:19:45,04:14:16,09:42 min/mile,MARATHON,1193,48,34,F,402,2025
1909,LAUREN HABER,,BROOKLYN,04:15:05,04:14:17,09:42 min/mile,MARATHON,1194,42,70,F,403,2025
1463,DYLAN FOREMAN,,MONTEREY,04:15:40,04:14:18,09:42 min/mile,MARATHON,1195,36,148,M,790,2025
1265,CLAUDIU FATU,,ROSEDALE,04:14:56,04:14:22,09:42 min/mile,MARATHON,1196,43,131,M,791,2025
2214,CARRIE MILLER,,DE PERE,04:20:00,04:14:25,09:42 min/mile,MARATHON,1197,47,35,F,404,2025
2732,AMANDA SONNENBERG,,SUAMICO,04:20:01,04:14:25,09:42 min/mile,MARATHON,1198,39,76,F,405,2025
1196,KUMAR RAMASWAMY,,HILLSBOROUGH,04:14:53,04:14:26,09:42 min/mile,MARATHON,1199,54,62,M,792,2025
3309,PENNY PARTCH,,PACIFIC GROVE,04:19:54,04:14:28,09:42 min/mile,MARATHON,1200,72,1,F,406,2025
1922,LEILANI DUNMOYER,,SACRAMENTO,04:15:00,04:14:39,09:43 min/mile,MARATHON,1201,60,4,F,407,2025
2251,SIAK LEE,,PORT MELBOURNE,04:19:53,04:14:45,09:43 min/mile,MARATHON,1202,36,149,M,793,2025
887,ALEX GRANTZ,,SAN DIEGO,04:15:51,04:14:47,09:43 min/mile,MARATHON,1203,37,150,M,794,2025
4084,JOEL SILVERMAN,,APTOS,04:25:15,04:14:52,09:43 min/mile,MARATHON,1204,48,92,M,795,2025
2715,MARK SORENSEN,,WESTMINSTER,04:20:14,04:15:01,09:44 min/mile,MARATHON,1205,37,151,M,796,2025
2626,CHRIS HALL,,FREMONT,04:22:16,04:15:03,09:44 min/mile,MARATHON,1206,43,132,M,797,2025
1398,CHRISTIAN INCOGNITO,,OLNEY,04:15:37,04:15:05,09:44 min/mile,MARATHON,1207,36,152,M,798,2025
2919,JENNI HICKEY,,MONTEREY,04:22:00,04:15:08,09:44 min/mile,MARATHON,1208,31,85,F,408,2025
2985,MELISSA GONZALES,,REDONDO BEACH,04:21:39,04:15:11,09:44 min/mile,MARATHON,1209,29,78,F,409,2025
1283,ADAM MILLERS,,COLORADO SPGS,04:16:38,04:15:11,09:44 min/mile,MARATHON,1210,31,139,M,799,2025
2402,LARA DIENEMANN,,STANFORD,04:21:06,04:15:18,09:44 min/mile,MARATHON,1211,29,79,F,410,2025
1317,KYLE BANG,,CHICAGO,04:16:15,04:15:24,09:44 min/mile,MARATHON,1212,44,133,M,800,2025
1022,DANIEL ANDREWS,,SEATTLE,04:16:12,04:15:24,09:44 min/mile,MARATHON,1213,34,140,M,801,2025
3277,ANGELINE LIU,,COSTA MESA,04:20:52,04:15:29,09:45 min/mile,MARATHON,1214,24,25,F,411,2025
995,MICHELLE DU,,SAN FRANCISCO,04:20:52,04:15:30,09:45 min/mile,MARATHON,1215,23,26,F,412,2025
2281,LAURA SALEEBY,,MENLO PARK,04:21:31,04:15:31,09:45 min/mile,MARATHON,1216,33,86,F,413,2025
2211,THERESE SEELY,,GREENVILLE,04:21:14,04:15:35,09:45 min/mile,MARATHON,1217,60,5,F,414,2025
868,PAULO DEREZENDE,,LOS ANGELES,04:16:25,04:15:39,09:45 min/mile,MARATHON,1218,56,43,M,802,2025
2237,LAURA HINGLE,,MONTVILLE,04:21:09,04:15:41,09:45 min/mile,MARATHON,1219,60,6,F,415,2025
1382,BRIDGID CODY,,SALT LAKE CTY,04:17:38,04:15:43,09:45 min/mile,MARATHON,1220,33,87,F,416,2025
2888,JANE SANDERS,,BOULDER,04:21:07,04:15:52,09:45 min/mile,MARATHON,1221,60,7,F,417,2025
1336,ALLISON FRISBIE,,SAN JOSE,04:16:30,04:15:52,09:45 min/mile,MARATHON,1222,35,77,F,418,2025
1316,SERGEY KOHAN,,PLAYA VISTA,04:16:44,04:15:55,09:46 min/mile,MARATHON,1223,42,134,M,803,2025
2338,ALEX NOLEN,,CHICAGO,04:22:26,04:15:55,09:46 min/mile,MARATHON,1224,31,88,F,419,2025
1025,MONTSERRAT CABALLERO OLIVERA,,MONTEREY,04:16:14,04:15:58,09:46 min/mile,MARATHON,1225,36,78,F,420,2025
2397,MICHAEL SOSNOWSKI,,CARMEL VALLEY,04:22:00,04:16:02,09:46 min/mile,MARATHON,1226,76,1,M,804,2025
3095,DAANA MASUMI,,CAMBRIDGE,04:22:44,04:16:11,09:46 min/mile,MARATHON,1227,25,80,F,421,2025
888,GRACE KUNKEL,,BOYNTON BEACH,04:17:53,04:16:19,09:46 min/mile,MARATHON,1228,36,79,F,422,2025
1925,KARL MAYER,,CARMEL VALLEY,04:17:59,04:16:21,09:47 min/mile,MARATHON,1229,57,44,M,805,2025
1026,RAYMUNDO MORALES,,EAST GARRISON,04:16:38,04:16:22,09:47 min/mile,MARATHON,1230,53,63,M,806,2025
631,ELIZABETH VARGA,,COLUMBUS,04:17:27,04:16:22,09:47 min/mile,MARATHON,1231,46,36,F,423,2025
3422,KIRSTEN REDDING,,MONTEREY,04:22:38,04:16:26,09:47 min/mile,MARATHON,1232,40,71,F,424,2025
3280,MELENA MENDIVE,,SAN FRANCISCO,04:22:16,04:16:29,09:47 min/mile,MARATHON,1233,32,89,F,425,2025
183,ERIC LEVY,,MILTON,04:21:41,04:16:29,09:47 min/mile,MARATHON,1234,60,25,M,807,2025
2756,NOAH GRATIAS,,MONTEREY,04:22:47,04:16:32,09:47 min/mile,MARATHON,1235,28,101,M,808,2025
2896,KEVIN DING,,CUPERTINO,04:22:25,04:16:33,09:47 min/mile,MARATHON,1236,61,26,M,809,2025
3446,LAURA WENDELBERGER,,PLEASANTON,04:22:06,04:16:34,09:47 min/mile,MARATHON,1237,30,90,F,426,2025
478,ANDREW NGUYEN,,WESTMINSTER,04:18:18,04:16:35,09:47 min/mile,MARATHON,1238,49,93,M,810,2025
3055,TANVI DUTTA GUPTA,,PORTOLA VALLY,04:22:08,04:16:39,09:47 min/mile,MARATHON,1239,24,27,F,427,2025
3412,RYAN ENGELHARD,,MONTEREY,04:21:56,04:16:41,09:47 min/mile,MARATHON,1240,23,40,M,811,2025
570,NICOLE VARNELL,,SAN JOSE,04:17:59,04:16:45,09:47 min/mile,MARATHON,1241,51,27,F,428,2025
2796,JACKIE ROCHE,,MOUNTAIN VIEW,04:22:30,04:16:47,09:48 min/mile,MARATHON,1242,23,28,F,429,2025
2658,MOLLY SUN,,SAN FRANCISCO,04:23:06,04:16:48,09:48 min/mile,MARATHON,1243,32,91,F,430,2025
535,JANINE SANTIMAURO,,CAMBRIDGE,04:17:39,04:16:50,09:48 min/mile,MARATHON,1244,47,37,F,431,2025
692,DAVID DEMING,,CAMBRIDGE,04:17:38,04:16:50,09:48 min/mile,MARATHON,1245,46,94,M,812,2025
3754,CONOR HOGAN,,PACIFIC GROVE,04:22:31,04:16:50,09:48 min/mile,MARATHON,1246,34,141,M,813,2025
781,TIM SCHNEIDER,,DRESDEN,04:17:39,04:16:51,09:48 min/mile,MARATHON,1247,37,153,M,814,2025
969,BRIANNA LECKIE,,LOS ANGELES,04:17:02,04:16:53,09:48 min/mile,MARATHON,1248,24,29,F,432,2025
2126,CASEY ALDRIDGE,,SEATTLE,04:17:36,04:16:53,09:48 min/mile,MARATHON,1249,28,102,M,815,2025
2627,MONIKA KWOLEK,,STATEN ISLAND,04:18:51,04:17:01,09:48 min/mile,MARATHON,1250,45,38,F,433,2025
2988,JENNY SING,,RUTHERFORD,04:22:56,04:17:06,09:48 min/mile,MARATHON,1251,55,9,F,434,2025
2500,DAVID GLUSIC,,SONOMA,04:23:56,04:17:06,09:48 min/mile,MARATHON,1252,37,154,M,816,2025
885,JAMES BARKER,,EL SEGUNDO,04:17:51,04:17:11,09:48 min/mile,MARATHON,1253,60,27,M,817,2025
2587,FABRICIO FERNANDEZ,,GARCIA,04:23:24,04:17:16,09:49 min/mile,MARATHON,1254,38,155,M,818,2025
500,RENATO ALVARENGA,,NOVA LIMA,04:17:49,04:17:16,09:49 min/mile,MARATHON,1255,51,64,M,819,2025
3322,JENNEFER RHODES,,SANTA CRUZ,04:22:30,04:17:19,09:49 min/mile,MARATHON,1256,45,39,F,435,2025
4215,MARSHALL TODD,,DALLAS,04:26:38,04:17:19,09:49 min/mile,MARATHON,1257,27,103,M,820,2025
1293,JENNA LRPISTO,,WATERFORD,04:18:14,04:17:19,09:49 min/mile,MARATHON,1258,50,28,F,436,2025
3318,CINTHYA GONZALEZ,,ESCONDIDO,04:23:57,04:17:20,09:49 min/mile,MARATHON,1259,26,81,F,437,2025
3329,MARGARET HUDSON,,ENGLEWOOD,04:22:53,04:17:21,09:49 min/mile,MARATHON,1260,41,72,F,438,2025
2912,PEDRO DE LA ROSA,,RIO RANCHO,04:24:21,04:17:21,09:49 min/mile,MARATHON,1261,29,104,M,821,2025
3285,ERIC FUGE,,PETALUMA,04:22:43,04:17:26,09:49 min/mile,MARATHON,1262,66,12,M,822,2025
3096,KATELYN HARROP,,SOMERVILLE,04:23:20,04:17:28,09:49 min/mile,MARATHON,1263,31,92,F,439,2025
2910,BRENDAN FOURNIE,,BALTIMORE,04:23:10,04:17:29,09:49 min/mile,MARATHON,1264,32,142,M,823,2025
109,ANGELINE DEISANTI,,SAINT LOUIS,04:22:42,04:17:33,09:49 min/mile,MARATHON,1265,48,40,F,440,2025
1867,GRZEGORZ KRAWCZYK,,RADOM,04:19:26,04:17:33,09:49 min/mile,MARATHON,1266,49,95,M,824,2025
63,JULIE ECONOMOS,,BROOKHAVEN,04:22:49,04:17:36,09:49 min/mile,MARATHON,1267,44,73,F,441,2025
2582,BRIAN SLENTZ,,AURORA,04:24:18,04:17:37,09:49 min/mile,MARATHON,1268,41,135,M,825,2025
2075,CHARLES ALLEN,,BROOKLYN,04:19:38,04:17:44,09:50 min/mile,MARATHON,1269,39,156,M,826,2025
3287,GABRIEL BRADLEY,,LOS ANGELES,04:24:04,04:17:47,09:50 min/mile,MARATHON,1270,40,136,M,827,2025
1933,MARIA SERVIN,,GREENVILLE,04:18:08,04:17:47,09:50 min/mile,MARATHON,1271,34,93,F,442,2025
2366,MEGAN MIKOLAJCZYK,,LINCOLN,04:24:40,04:17:51,09:50 min/mile,MARATHON,1272,39,80,F,443,2025
283,ALYSE GOLDEN,,PONTE VEDRA,04:23:06,04:17:52,09:50 min/mile,MARATHON,1273,38,81,F,444,2025
1467,NIKI TSCHIDERER,,ROCHESTER,04:19:27,04:17:55,09:50 min/mile,MARATHON,1274,32,94,F,445,2025
2393,DANIEL BURCH,,SIX MILE,04:23:21,04:17:56,09:50 min/mile,MARATHON,1275,29,105,M,828,2025
3080,CLAIRE SATTERFIELD,,BROOKLYN,04:23:17,04:18:01,09:50 min/mile,MARATHON,1276,29,82,F,446,2025
3270,RAYMUNDO FLORES,,SAN DIEGO,04:24:43,04:18:08,09:51 min/mile,MARATHON,1277,44,137,M,829,2025
785,ANDREA JACKSON,,MILPITAS,04:18:37,04:18:09,09:51 min/mile,MARATHON,1278,32,95,F,447,2025
1722,SARA BREEZE,,SAN FRANCISCO,04:19:24,04:18:17,09:51 min/mile,MARATHON,1279,44,74,F,448,2025
2920,KEITH HEISLER,,EL SEGUNDO,04:25:17,04:18:19,09:51 min/mile,MARATHON,1280,28,106,M,830,2025
2652,YOUNG LIU,,LOS ANGELES,04:24:52,04:18:20,09:51 min/mile,MARATHON,1281,32,96,F,449,2025
3430,RYAN RADEMACHER,,BOULDER CREEK,04:24:11,04:18:25,09:51 min/mile,MARATHON,1282,43,138,M,831,2025
3205,MONICA HSU,,VANCOUVER,04:23:31,04:18:25,09:51 min/mile,MARATHON,1283,26,83,F,450,2025
2734,DAISY PATUN-OG,,SUNNYVALE,04:23:29,04:18:27,09:51 min/mile,MARATHON,1284,43,75,F,451,2025
3636,AMY BRYANT,,SALINAS,04:23:57,04:18:27,09:51 min/mile,MARATHON,1285,26,84,F,452,2025
2298,JOHN ROSS,,PRESIDIO OF MONTEREY,04:24:48,04:18:28,09:51 min/mile,MARATHON,1286,27,107,M,832,2025
563,WENDI JOSEPH,,LAS VEGAS,04:19:04,04:18:28,09:51 min/mile,MARATHON,1287,56,10,F,453,2025
375,JEANNE LEE,,FOSTER CITY,04:23:57,04:18:28,09:51 min/mile,MARATHON,1288,39,82,F,454,2025
2223,KIM GIANG,,MILLBRAE,04:23:57,04:18:28,09:51 min/mile,MARATHON,1289,50,29,F,455,2025
2398,ALAN SHAFFER,,PACIFIC GROVE,04:24:15,04:18:30,09:51 min/mile,MARATHON,1290,61,28,M,833,2025
702,HONOR MCCARTHY,,OLD GREENWICH,04:19:15,04:18:38,09:52 min/mile,MARATHON,1291,25,85,F,456,2025
672,WILLIAM GOODMAN,,NEW YORK,04:19:15,04:18:38,09:52 min/mile,MARATHON,1292,25,108,M,834,2025
2511,MADELINE CARROLL,,SEAL BEACH,04:24:19,04:18:41,09:52 min/mile,MARATHON,1293,29,86,F,457,2025
2036,ADAM SMITH,,CORONADO,04:19:13,04:18:41,09:52 min/mile,MARATHON,1294,51,65,M,835,2025
1357,JOHN RIGGS,,LITTLE ROCK,04:19:16,04:18:47,09:52 min/mile,MARATHON,1295,38,157,M,836,2025
2746,PAUL MCNEIL,,SEASIDE,04:24:02,04:18:48,09:52 min/mile,MARATHON,1296,42,139,M,837,2025
2521,MIRANDA GIBBS,,COTO DE CAZA,04:24:33,04:18:50,09:52 min/mile,MARATHON,1297,36,83,F,458,2025
2571,JEFFREY XI,,CHERRY HILL,04:24:06,04:18:52,09:52 min/mile,MARATHON,1298,22,41,M,838,2025
1461,CHIH-HUNG CHOU,,CAMBRIDGE,04:19:43,04:18:53,09:52 min/mile,MARATHON,1299,39,158,M,839,2025
989,JESSE FOURT,,MENLO PARK,04:19:46,04:18:54,09:52 min/mile,MARATHON,1300,48,96,M,840,2025
2958,VANESSA LITTLEJOHN,,SACRAMENTO,04:24:59,04:18:55,09:52 min/mile,MARATHON,1301,37,84,F,459,2025
79,ALLEN JACOBS,,CHARLOTTE,04:19:15,04:18:57,09:53 min/mile,MARATHON,1302,64,29,M,841,2025
3532,SAMANTHA QUATHAMER,,LAKEWOOD,04:24:37,04:19:00,09:53 min/mile,MARATHON,1303,33,97,F,460,2025
2666,SCOTT BRUBAKER,,PACIFIC GROVE,04:25:06,04:19:03,09:53 min/mile,MARATHON,1304,45,97,M,842,2025
879,RACHEL HILDIE,,SPOKANE,04:20:37,04:19:03,09:53 min/mile,MARATHON,1305,31,98,F,461,2025
1604,YASSER CASTILLO,,SEASIDE,04:19:37,04:19:05,09:53 min/mile,MARATHON,1306,40,140,M,843,2025
3084,MITCH HOFFMAN,,ABERDEEN,04:24:37,04:19:07,09:53 min/mile,MARATHON,1307,36,159,M,844,2025
1393,WEI HAN,,SAN JOSE,04:19:56,04:19:07,09:53 min/mile,MARATHON,1308,41,141,M,845,2025
3116,HOPE THORNTON,,SAN DIEGO,04:26:15,04:19:07,09:53 min/mile,MARATHON,1309,51,30,F,462,2025
3145,CARLEIGH STIRLING,,PONTE VEDRA,04:23:12,04:19:13,09:53 min/mile,MARATHON,1310,32,99,F,463,2025
2313,LYNNETTE BLOMQUIST,,PACHECO,04:25:12,04:19:14,09:53 min/mile,MARATHON,1311,57,11,F,464,2025
671,KEVIN REBER,,S SAN FRAN,04:19:41,04:19:20,09:53 min/mile,MARATHON,1312,34,143,M,846,2025
2868,PARKER MARTIN,,LA MESA,04:24:58,04:19:21,09:53 min/mile,MARATHON,1313,34,144,M,847,2025
1683,DAVE WADE,,OCEANSIDE,04:19:56,04:19:21,09:53 min/mile,MARATHON,1314,59,45,M,848,2025
947,CHLOE WADE,,FALLBROOK,04:19:57,04:19:22,09:53 min/mile,MARATHON,1315,23,30,F,465,2025
1404,IRENE YUAN,,SANTA CRUZ,04:19:57,04:19:23,09:54 min/mile,MARATHON,1316,49,41,F,466,2025
2333,JACLYN CONNOLLY,,COSTA MESA,04:25:49,04:19:23,09:54 min/mile,MARATHON,1317,39,85,F,467,2025
1254,PATRICK ENRIGHT,,MONTEREY,04:19:36,04:19:24,09:54 min/mile,MARATHON,1318,27,109,M,849,2025
1190,RACHEL DROGOSZEWSKI,,NEW YORK,04:21:18,04:19:25,09:54 min/mile,MARATHON,1319,38,86,F,468,2025
3252,BRANDY SLAGLE,,SPRINGFIELD,04:24:46,04:19:27,09:54 min/mile,MARATHON,1320,35,87,F,469,2025
1184,JILL BREWER,,LOS GATOS,04:20:28,04:19:30,09:54 min/mile,MARATHON,1321,47,42,F,470,2025
2464,NOEL TETREAULT,,MANASSAS,04:25:48,04:19:32,09:54 min/mile,MARATHON,1322,60,30,M,850,2025
683,LIAM BARTIE,,SAN FRANCISCO,04:21:25,04:19:37,09:54 min/mile,MARATHON,1323,27,110,M,851,2025
501,KEVIN HOEY,,MADISON,04:21:30,04:19:39,09:54 min/mile,MARATHON,1324,62,31,M,852,2025
1967,GABRIELLE COSTABILE,,ST AUGUSTINE,04:20:25,04:19:43,09:54 min/mile,MARATHON,1325,28,87,F,471,2025
3416,ADAM WRIGHT,,BEAVERCREEK,04:27:12,04:19:47,09:54 min/mile,MARATHON,1326,40,142,M,853,2025
630,NICK EGLEVSKY,,NEW YORK,04:20:52,04:19:48,09:54 min/mile,MARATHON,1327,53,66,M,854,2025
2828,KARLA YANES,,CENTERVILLE,04:27:12,04:19:48,09:54 min/mile,MARATHON,1328,31,100,F,472,2025
2432,THEODORE CHANG,,IRVINE,04:25:41,04:19:50,09:55 min/mile,MARATHON,1329,55,46,M,855,2025
3377,KEITH PARKS,,SOUTH SURREY,04:25:43,04:19:51,09:55 min/mile,MARATHON,1330,64,0,X,0,2025
1832,WILLIAM FINK,,KANSAS CITY,04:20:56,04:19:54,09:55 min/mile,MARATHON,1331,26,111,M,856,2025
2713,RICCEL KOUNS GIFFARD,,IRVINE,04:25:01,04:19:55,09:55 min/mile,MARATHON,1332,29,88,F,473,2025
922,ANNA ZIELINSKA,,HUDSON,04:20:38,04:19:58,09:55 min/mile,MARATHON,1333,54,31,F,474,2025
1403,SCOTT HOANG,,GRAND PRAIRIE,04:21:07,04:19:58,09:55 min/mile,MARATHON,1334,42,143,M,857,2025
420,EILEEN GREEN,,LAKE GENEVA,04:30:06,04:20:02,09:55 min/mile,MARATHON,1335,42,76,F,475,2025
277,TOMMY STORY,,JENKS,04:25:15,04:20:02,09:55 min/mile,MARATHON,1336,35,160,M,858,2025
281,WILLIAM WOODRING,,TULSA,04:25:15,04:20:03,09:55 min/mile,MARATHON,1337,39,161,M,859,2025
767,STEVE PRICE,,OAKLAND,04:22:02,04:20:04,09:55 min/mile,MARATHON,1338,37,162,M,860,2025
774,MATTHEW KORDUNER,,BROOKLYN,04:22:02,04:20:04,09:55 min/mile,MARATHON,1339,35,163,M,861,2025
2589,WES SMITH,,PEBBLE BEACH,04:26:14,04:20:05,09:55 min/mile,MARATHON,1340,62,32,M,862,2025
3098,VICTORIA MELCHER,,SEASIDE,04:25:39,04:20:17,09:56 min/mile,MARATHON,1341,37,88,F,476,2025
983,JAKE WATKINS,,SAN MARCOS,04:21:33,04:20:21,09:56 min/mile,MARATHON,1342,25,112,M,863,2025
2959,THOMAS FINN,,SANTA CRUZ,04:26:15,04:20:29,09:56 min/mile,MARATHON,1343,33,145,M,864,2025
1123,KEVIN PELLEY,,SALINAS,04:22:21,04:20:30,09:56 min/mile,MARATHON,1344,35,164,M,865,2025
1466,KELLY COUGHLIN,,LOCKPORT,04:22:17,04:20:32,09:56 min/mile,MARATHON,1345,38,89,F,477,2025
902,DEREL SMITH,,DAVIS,04:22:20,04:20:32,09:56 min/mile,MARATHON,1346,38,165,M,866,2025
2656,PAUL FIRTH,,BELMONT,04:26:43,04:20:40,09:56 min/mile,MARATHON,1347,57,47,M,867,2025
4428,CORI SPARKS,,CORP CHRISTI,04:26:10,04:20:41,09:56 min/mile,MARATHON,1348,30,101,F,478,2025
2054,MALLORY RYAN,,NOBLESVILLE,04:21:21,04:20:43,09:57 min/mile,MARATHON,1349,17,3,F,479,2025
2142,BRIDGET RYAN,,NOBLESVILLE,04:21:22,04:20:43,09:57 min/mile,MARATHON,1350,49,43,F,480,2025
540,ASHLEY HINCKLEY,,SOMERS,04:21:14,04:20:44,09:57 min/mile,MARATHON,1351,27,89,F,481,2025
267,MIA VISCONTI,,CENTENNIAL,04:25:56,04:20:45,09:57 min/mile,MARATHON,1352,44,77,F,482,2025
1735,THOMAS PARKER,,CHICO,04:22:25,04:20:49,09:57 min/mile,MARATHON,1353,55,48,M,868,2025
3105,SIMENG WANG,,MENLO PARK,04:26:26,04:20:53,09:57 min/mile,MARATHON,1354,35,166,M,869,2025
1034,MEGHAN BROWN,,SEATTLE,04:22:47,04:20:58,09:57 min/mile,MARATHON,1355,41,78,F,483,2025
2204,TRICIA CHAN,,HENRICO,04:27:38,04:20:59,09:57 min/mile,MARATHON,1356,53,32,F,484,2025
4655,KATIE ROSE RICE,,CARMEL,04:31:13,04:21:06,09:57 min/mile,MARATHON,1357,28,90,F,485,2025
907,CAROL MENDIOLA,,SAN FRANCISCO,04:22:16,04:21:09,09:58 min/mile,MARATHON,1358,27,91,F,486,2025
2594,KAYA MONSEN,,SAINT LOUIS,04:26:34,04:21:10,09:58 min/mile,MARATHON,1359,29,92,F,487,2025
61,WILLIAM WEBSTER,,NEW YORK,04:21:43,04:21:11,09:58 min/mile,MARATHON,1360,26,113,M,870,2025
4328,WILLIAM POMYKAL,,BELTON,04:32:00,04:21:16,09:58 min/mile,MARATHON,1361,52,67,M,871,2025
1730,ERIC DIXON,,CASTROVILLE,04:22:46,04:21:17,09:58 min/mile,MARATHON,1362,43,144,M,872,2025
3755,MICHELLE FARB,,CHICAGO,04:27:48,04:21:25,09:58 min/mile,MARATHON,1363,34,102,F,488,2025
906,JENNIFER HAMILTON,,WICHITA,04:22:11,04:21:25,09:58 min/mile,MARATHON,1364,38,90,F,489,2025
344,NOAH DELOS SANTOS,,MTN HOUSE,04:31:52,04:21:32,09:58 min/mile,MARATHON,1365,29,114,M,873,2025
3263,STEPHANIE WILEY,,GARFIELD HTS,04:27:33,04:21:37,09:59 min/mile,MARATHON,1366,39,91,F,490,2025
2864,NICOLE REAM,,LIVERMORE,04:27:33,04:21:37,09:59 min/mile,MARATHON,1367,39,92,F,491,2025
1901,LENORA SAMPSON,,BETHESDA,04:23:13,04:21:38,09:59 min/mile,MARATHON,1368,49,44,F,492,2025
1350,SHERRY MINKIEWICZ,,HILLSBORO,04:23:13,04:21:39,09:59 min/mile,MARATHON,1369,47,45,F,493,2025
1349,SHARON HANKS,,DAVIS,04:23:13,04:21:39,09:59 min/mile,MARATHON,1370,47,46,F,494,2025
2867,ANA ROLAND,,FORT WORTH,04:27:58,04:21:39,09:59 min/mile,MARATHON,1371,44,79,F,495,2025
1068,JOELLEN KOHLMAN-PETRICK,,FERGUS FALLS,04:22:38,04:21:43,09:59 min/mile,MARATHON,1372,47,47,F,496,2025
3417,CARA LEVIN,,PORTLAND,04:28:11,04:21:45,09:59 min/mile,MARATHON,1373,40,80,F,497,2025
1376,LAURYN HAYASHI,,PLEASANTON,04:22:40,04:21:46,09:59 min/mile,MARATHON,1374,30,103,F,498,2025
4038,SABRINA PENA,,HOUSTON,04:32:26,04:21:49,09:59 min/mile,MARATHON,1375,26,93,F,499,2025
2907,MEREDITH PARNELL,,WASHINGTON,04:27:30,04:21:49,09:59 min/mile,MARATHON,1376,43,81,F,500,2025
1331,NATALIE PASSMORE,,SALINA,04:23:11,04:21:50,09:59 min/mile,MARATHON,1377,36,93,F,501,2025
2047,MATTHEW FENTON,,MILFORD,04:24:00,04:21:51,09:59 min/mile,MARATHON,1378,45,98,M,874,2025
2798,DANIELLE RODMAN,,LITTLETON,04:28:02,04:21:52,09:59 min/mile,MARATHON,1379,38,94,F,502,2025
534,YOUSSRA ABOUELNAGA,,KATY,04:22:09,04:21:52,09:59 min/mile,MARATHON,1380,46,48,F,503,2025
697,MEGHAN AMBROSE,,PONTE VEDRA,04:22:23,04:21:58,09:59 min/mile,MARATHON,1381,44,82,F,504,2025
3690,JON GUTIERREZ,,SALINAS,04:29:34,04:22:03,10:00 min/mile,MARATHON,1382,37,167,M,875,2025
1965,CARY THOMPSON,,CORVALLIS,04:23:57,04:22:05,10:00 min/mile,MARATHON,1383,59,49,M,876,2025
120,STEPHANIE JONES,,NICEVILLE,04:23:30,04:22:12,10:00 min/mile,MARATHON,1384,43,83,F,505,2025
4087,HANK DUNCAN,,PACIFIC GROVE,04:29:21,04:22:13,10:00 min/mile,MARATHON,1385,32,146,M,877,2025
1860,COBUS VAN DEN BERG,,KALK BAY,04:22:50,04:22:14,10:00 min/mile,MARATHON,1386,56,50,M,878,2025
1347,CRISTIAN NORWOOD,,SAN JOSE,04:24:09,04:22:14,10:00 min/mile,MARATHON,1387,26,115,M,879,2025
128,SAVANNAH MARTIN,,HERMOSA BEACH,04:23:07,04:22:15,10:00 min/mile,MARATHON,1388,24,31,F,506,2025
2512,LINDSAY SUGG,,SAN CARLOS,04:28:53,04:22:18,10:00 min/mile,MARATHON,1389,31,104,F,507,2025
982,ITSEN CHEN,,CARMEL,04:23:59,04:22:21,10:00 min/mile,MARATHON,1390,44,84,F,508,2025
211,SUSAN SCHUCHMAN,,SCOTTSDALE,04:27:35,04:22:24,10:00 min/mile,MARATHON,1391,52,33,F,509,2025
2917,ERIKA HARMS,,HOUSTON,04:28:28,04:22:29,10:01 min/mile,MARATHON,1392,53,34,F,510,2025
145,MARA HORWITZ,,TACOMA,04:23:40,04:22:39,10:01 min/mile,MARATHON,1393,39,95,F,511,2025
2572,AMY BRENNEMAN,,MONTEREY,04:29:49,04:22:41,10:01 min/mile,MARATHON,1394,30,105,F,512,2025
2618,GREG NICHOLS,,PITTSBURGH,04:29:19,04:22:41,10:01 min/mile,MARATHON,1395,45,99,M,880,2025
977,DANIEL SANCHEZ,,WHITTIER,04:23:27,04:22:42,10:01 min/mile,MARATHON,1396,42,145,M,881,2025
4288,CONRAD URBAN,,MONTEREY,04:32:55,04:22:46,10:01 min/mile,MARATHON,1397,38,168,M,882,2025
1971,EDWARD NEIGHBOUR,,SPARTA,04:22:55,04:22:46,10:01 min/mile,MARATHON,1398,62,33,M,883,2025
1949,BRYAN CALDWELL,,SEATTLE,04:24:05,04:22:48,10:01 min/mile,MARATHON,1399,48,100,M,884,2025
1637,RASHAD BROWN,,MONTEREY,04:32:58,04:22:48,10:01 min/mile,MARATHON,1400,28,116,M,885,2025
2376,JENNA SINGER,,SAN FRANCISCO,04:28:38,04:22:51,10:01 min/mile,MARATHON,1401,35,96,F,513,2025
1531,JASON TOLENTINO,,SAN JOSE,04:23:28,04:22:52,10:01 min/mile,MARATHON,1402,38,169,M,886,2025
1110,BENJAMIN BITNER,,IRVINE,04:23:29,04:22:53,10:02 min/mile,MARATHON,1403,33,147,M,887,2025
838,MIKE MULLIGAN,,SAINT PAUL,04:24:34,04:22:56,10:02 min/mile,MARATHON,1404,41,146,M,888,2025
3598,JESSICA LIGHTSEY,,PACIFIC GROVE,04:28:27,04:23:00,10:02 min/mile,MARATHON,1405,52,35,F,514,2025
928,DEVON GIBBS,,COTO DE CAZA,04:28:46,04:23:02,10:02 min/mile,MARATHON,1406,39,170,M,889,2025
2887,SHANNON SWARTZ,,PHOENIX,04:28:16,04:23:07,10:02 min/mile,MARATHON,1407,48,49,F,515,2025
701,NICKY HIDALGO,,MIAMI,04:24:29,04:23:08,10:02 min/mile,MARATHON,1408,25,117,M,890,2025
1825,BRIAN MELLOR,,SACRAMENTO,04:23:37,04:23:09,10:02 min/mile,MARATHON,1409,54,68,M,891,2025
2277,NICOLE ATTAS,,WESTPORT IS,04:30:10,04:23:11,10:02 min/mile,MARATHON,1410,25,94,F,516,2025
2881,MARIE-FRANCE BUSSIERE,,LAVAL,04:28:37,04:23:13,10:02 min/mile,MARATHON,1411,40,85,F,517,2025
972,MARK WESTMAN,,MONTEREY,04:25:02,04:23:14,10:02 min/mile,MARATHON,1412,26,118,M,892,2025
2885,ANDREA BAILEY,,LOUISVILLE,04:29:24,04:23:15,10:02 min/mile,MARATHON,1413,35,97,F,518,2025
3580,NATALIE ANGELOPOULOS,,HULL,04:30:18,04:23:15,10:02 min/mile,MARATHON,1414,39,98,F,519,2025
4431,SAM CASTRO,,BOTHELL,04:33:00,04:23:16,10:02 min/mile,MARATHON,1415,29,119,M,893,2025
2880,PHILIPPE BOIVIN,,LAVAL,04:28:42,04:23:18,10:02 min/mile,MARATHON,1416,41,147,M,894,2025
828,CONNOR HAYNES,,NEW HAVEN,04:25:06,04:23:24,10:03 min/mile,MARATHON,1417,27,95,F,520,2025
2023,EDWARD SHANKS,,LOS ALTOS,04:24:39,04:23:24,10:03 min/mile,MARATHON,1418,43,148,M,895,2025
390,JOACHIM VAN DER PERRE,,HOUTHALEN,04:28:43,04:23:26,10:03 min/mile,MARATHON,1419,39,171,M,896,2025
916,LAUREN TEEUWS,,AUSTIN,04:25:17,04:23:26,10:03 min/mile,MARATHON,1420,27,96,F,521,2025
3901,BETH CASEY,,VIENNA,04:24:58,04:23:33,10:03 min/mile,MARATHON,1421,56,12,F,522,2025
3569,RAE HAN,,SEATTLE,04:30:31,04:23:33,10:03 min/mile,MARATHON,1422,29,0,N,1,2025
2563,ISABELLA GRIFFEY,,CARMEL-BY-THE-SEA,04:29:38,04:23:35,10:03 min/mile,MARATHON,1423,23,32,F,523,2025
173,PATRICK TARASIEWICZ,,WASHINGTON,04:28:56,04:23:35,10:03 min/mile,MARATHON,1424,30,148,M,897,2025
1062,MEGAN STORM,,LONG BEACH,04:25:06,04:23:36,10:03 min/mile,MARATHON,1425,38,99,F,524,2025
3729,SAMANTHA BELL,,HUDSON,04:29:35,04:23:37,10:03 min/mile,MARATHON,1426,36,100,F,525,2025
2510,KATHLEEN CORUM,,SEATTLE,04:29:57,04:23:38,10:03 min/mile,MARATHON,1427,37,101,F,526,2025
839,NATE JACKMAN,,LEHI,04:25:01,04:23:41,10:03 min/mile,MARATHON,1428,41,149,M,898,2025
3204,RYAN KIRSH,,TORONTO,04:28:52,04:23:43,10:03 min/mile,MARATHON,1429,29,120,M,899,2025
2389,SEEYUEN CHUANG,,CARMEL,04:28:45,04:23:44,10:03 min/mile,MARATHON,1430,53,69,M,900,2025
4183,NICHOLAS POKRAJAC,,SAN FRANCISCO,04:34:08,04:23:46,10:04 min/mile,MARATHON,1431,38,172,M,901,2025
1146,BRIAN STANLEY,,BALTIMORE,04:25:31,04:23:46,10:04 min/mile,MARATHON,1432,26,121,M,902,2025
3908,HUNTER GANOTE,,GEORGETOWN,04:28:55,04:23:50,10:04 min/mile,MARATHON,1433,25,122,M,903,2025
3176,VINCENT SANTONASTASIO,,NEW YORK,04:29:51,04:23:50,10:04 min/mile,MARATHON,1434,32,149,M,904,2025
1073,ETHAN DEAN,,ALAMEDA,04:24:11,04:23:51,10:04 min/mile,MARATHON,1435,33,150,M,905,2025
2254,IMRE ROLAND VARGA,,COLUMBUS,04:24:57,04:23:53,10:04 min/mile,MARATHON,1436,48,101,M,906,2025
4212,MADISON SAENZ,,DALLAS,04:34:33,04:23:56,10:04 min/mile,MARATHON,1437,25,97,F,527,2025
908,MADDY SCHIER,,NEW YORK,04:25:19,04:23:56,10:04 min/mile,MARATHON,1438,28,98,F,528,2025
3397,AMY SALTER,,STERLING HTS,04:30:04,04:23:57,10:04 min/mile,MARATHON,1439,27,99,F,529,2025
2315,TIM ROESSLER,,SANTA CRUZ,04:30:53,04:24:08,10:04 min/mile,MARATHON,1440,56,51,M,907,2025
2923,STEPHEN BROUSSARD,,WASHINGTON,04:31:21,04:24:14,10:05 min/mile,MARATHON,1441,30,151,M,908,2025
2628,JAMES TURLEY,,OAKLAND,04:30:09,04:24:15,10:05 min/mile,MARATHON,1442,34,152,M,909,2025
2914,TAMMY PATHRIA,,SAN JOSE,04:30:52,04:24:18,10:05 min/mile,MARATHON,1443,37,102,F,530,2025
3344,VICTORIA MAISEY,,WASHINGTON,04:30:51,04:24:21,10:05 min/mile,MARATHON,1444,47,50,F,531,2025
1065,ANGELA SAN FILIPPO,,ELLENSBURG,04:31:07,04:24:24,10:05 min/mile,MARATHON,1445,45,51,F,532,2025
2026,ANDRIS KIVULS,,REDONDO BEACH,04:24:59,04:24:25,10:05 min/mile,MARATHON,1446,34,153,M,910,2025
943,AIDAN PETTIT-MILLER,,PACIFIC GROVE,04:25:15,04:24:33,10:05 min/mile,MARATHON,1447,25,123,M,911,2025
1305,PRAFUL AGGARWAL,,WAUWATOSA,04:25:28,04:24:33,10:05 min/mile,MARATHON,1448,37,173,M,912,2025
1129,NATALI OLVEDA,,PEORIA,04:25:03,04:24:37,10:05 min/mile,MARATHON,1449,33,106,F,533,2025
3226,ZAC OSAER,,CHICAGO,04:32:06,04:24:37,10:05 min/mile,MARATHON,1450,26,124,M,913,2025
4220,GARY TYLER,,MONTEREY,04:34:49,04:24:41,10:06 min/mile,MARATHON,1451,31,154,M,914,2025
1984,SILVIA CORREA,,MEXICO CITY,04:26:17,04:24:41,10:06 min/mile,MARATHON,1452,46,52,F,534,2025
1310,NOAH RICHWINE,,MARINA,04:34:49,04:24:41,10:06 min/mile,MARATHON,1453,28,125,M,915,2025
2282,NEIL LITTMAN,,MILL VALLEY,04:30:44,04:24:42,10:06 min/mile,MARATHON,1454,45,102,M,916,2025
1454,SARAH MACHOLDT,,HOPEWELL,04:25:55,04:24:44,10:06 min/mile,MARATHON,1455,33,107,F,535,2025
3267,MANUEL GUTIERREZ,,CARMEL VALLEY,04:30:08,04:24:46,10:06 min/mile,MARATHON,1456,61,34,M,917,2025
2911,NATASHA VASILJEVIC,,SAVANNAH,04:31:25,04:24:46,10:06 min/mile,MARATHON,1457,55,13,F,536,2025
2725,KASSANDRA ZULUAGA VINASCO,,TAMPA,04:32:19,04:24:49,10:06 min/mile,MARATHON,1458,30,108,F,537,2025
2303,MORITZ BAIER-LENTZ,,PACIFIC PLSDS,04:30:32,04:25:00,10:06 min/mile,MARATHON,1459,39,174,M,918,2025
2330,CHLOE MIKLES,,MARINA,04:31:17,04:25:02,10:06 min/mile,MARATHON,1460,27,100,F,538,2025
332,PETER SANTER,,BROOKLINE,04:30:19,04:25:06,10:07 min/mile,MARATHON,1461,40,150,M,919,2025
3405,LUCY WANG,,SAN JOSE,04:30:28,04:25:10,10:07 min/mile,MARATHON,1462,25,101,F,539,2025
4155,TREVOR HAUGEN,,LOMA LINDA,04:35:50,04:25:14,10:07 min/mile,MARATHON,1463,26,126,M,920,2025
2930,STEPHANIE JOONG,,OAKLAND,04:31:30,04:25:14,10:07 min/mile,MARATHON,1464,37,103,F,540,2025
1023,KEVIN WEN,,FREMONT,04:27:16,04:25:15,10:07 min/mile,MARATHON,1465,45,103,M,921,2025
218,BAILEY WRIGHT,,BEDMINSTER,04:30:32,04:25:20,10:07 min/mile,MARATHON,1466,37,104,F,541,2025
1332,SANDRA CHUNG,,BROOKLYN,04:27:08,04:25:24,10:07 min/mile,MARATHON,1467,47,53,F,542,2025
2905,DOROTHY LEE,,JERSEY CITY,04:32:26,04:25:24,10:07 min/mile,MARATHON,1468,34,109,F,543,2025
2694,LEAH DURAN,,SANTA CRUZ,04:31:49,04:25:25,10:07 min/mile,MARATHON,1469,38,105,F,544,2025
4447,BENJAMIN JOHNSON,,CYPRESS,04:35:31,04:25:26,10:07 min/mile,MARATHON,1470,45,104,M,922,2025
3103,SI DIEP,,DALY CITY,04:31:56,04:25:27,10:07 min/mile,MARATHON,1471,44,151,M,923,2025
1988,LYNNE CONNERS,,REDWOOD CITY,04:31:17,04:25:29,10:07 min/mile,MARATHON,1472,57,14,F,545,2025
1292,JOSHUA NARCISO,,WASHINGTON,04:26:59,04:25:31,10:08 min/mile,MARATHON,1473,38,175,M,924,2025
3578,AMADA MAZON,,MAPLE VALLEY,04:32:31,04:25:34,10:08 min/mile,MARATHON,1474,40,86,F,546,2025
2386,BENJAMIN WAGNER,,ANN ARBOR,04:31:41,04:25:35,10:08 min/mile,MARATHON,1475,38,176,M,925,2025
2114,NATALIE IRELAND,,SAN DIEGO,04:31:13,04:25:40,10:08 min/mile,MARATHON,1476,33,110,F,547,2025
3007,AUSTIN MILLER,,SEASIDE,04:30:54,04:25:40,10:08 min/mile,MARATHON,1477,23,42,M,926,2025
2646,MATTHEW GREGORY,,DEL REY OAKS,04:30:49,04:25:42,10:08 min/mile,MARATHON,1478,29,127,M,927,2025
2295,CONRAD WAGENAAR,,RANCHO MIRAGE,04:32:47,04:25:43,10:08 min/mile,MARATHON,1479,42,152,M,928,2025
2586,KIRSTEN LOUTHAN,,PHILOMATH,04:31:26,04:25:46,10:08 min/mile,MARATHON,1480,35,106,F,548,2025
1620,DEVON MYERS,,NEWBERRY,04:26:05,04:25:46,10:08 min/mile,MARATHON,1481,29,102,F,549,2025
1257,SCOTT MARINO,,SAN FRANCISCO,04:26:44,04:25:49,10:08 min/mile,MARATHON,1482,25,128,M,929,2025
3500,HEATHER HERRERA,,SANTA CLARITA,04:32:16,04:25:50,10:08 min/mile,MARATHON,1483,39,107,F,550,2025
1450,MATTHEW VOELKEL,,BELMAR,04:27:44,04:25:55,10:08 min/mile,MARATHON,1484,34,155,M,930,2025
1615,GILLIAN PIFER,,MARSHFIELD,04:27:16,04:25:57,10:09 min/mile,MARATHON,1485,24,33,F,551,2025
3153,WENTAO YUAN,,SEATTLE,04:32:46,04:25:59,10:09 min/mile,MARATHON,1486,47,105,M,931,2025
1345,EYSTEIN STENBERG,,PACIFICA,04:26:16,04:26:01,10:09 min/mile,MARATHON,1487,40,153,M,932,2025
1643,AOTE XIN,,RCH CUCAMONGA,04:27:18,04:26:02,10:09 min/mile,MARATHON,1488,28,129,M,933,2025
4467,GABI RAEUBER,,SEASIDE,04:36:34,04:26:03,10:09 min/mile,MARATHON,1489,36,108,F,552,2025
4158,KEVIN WONG,,SEASIDE,04:36:34,04:26:04,10:09 min/mile,MARATHON,1490,31,156,M,934,2025
3289,LINDSAY RABY,,SANTA MONICA,04:32:08,04:26:09,10:09 min/mile,MARATHON,1491,37,109,F,553,2025
3383,SALVADOR COLIN,,CHULA VISTA,04:31:37,04:26:09,10:09 min/mile,MARATHON,1492,60,35,M,935,2025
3353,LAURA SMITH,,PLACERVILLE,04:32:19,04:26:15,10:09 min/mile,MARATHON,1493,43,87,F,554,2025
2554,ANNA COLLETTE,,CLAREMONT,04:32:13,04:26:17,10:09 min/mile,MARATHON,1494,37,110,F,555,2025
2671,MIZUE WAGNER,,OKEMOS,04:30:33,04:26:21,10:09 min/mile,MARATHON,1495,59,15,F,556,2025
3348,GRAHAM BOWLING,,CINCINNATI,04:32:43,04:26:25,10:10 min/mile,MARATHON,1496,32,157,M,936,2025
93,RICHARD LAWHEAD,,TROPHY CLUB,04:27:06,04:26:27,10:10 min/mile,MARATHON,1497,58,52,M,937,2025
225,AIDAN OCONNELL,,MOULTONBORO,04:31:45,04:26:30,10:10 min/mile,MARATHON,1498,20,43,M,938,2025
627,DENNIS BILLINGS,,MERIDIAN,04:28:05,04:26:31,10:10 min/mile,MARATHON,1499,56,53,M,939,2025
3038,BRYAN BISCHOF,,OAKLAND,04:32:26,04:26:33,10:10 min/mile,MARATHON,1500,38,177,M,940,2025
905,MOLLY KNAPP,,WESTFIELD,04:33:38,04:26:33,10:10 min/mile,MARATHON,1501,48,54,F,557,2025
1288,DA HUANG,,TORRANCE,04:27:20,04:26:35,10:10 min/mile,MARATHON,1502,44,154,M,941,2025
1314,MARSHA DOROUGH,,SAN ANTONIO,04:27:27,04:26:36,10:10 min/mile,MARATHON,1503,61,8,F,558,2025
4013,ENRIQUE GARZA PASQUEL,,MEXICO CITY,04:37:03,04:26:37,10:10 min/mile,MARATHON,1504,54,70,M,942,2025
3697,MATHEW NUTTALL,,MONTEREY,04:32:31,04:26:38,10:10 min/mile,MARATHON,1505,31,158,M,943,2025
4766,BRITTNEY HEJNA,,OMAHA,04:32:31,04:26:38,10:10 min/mile,MARATHON,1506,29,103,F,559,2025
210,NATHAN STRUNK,,LEXINGTON,04:32:00,04:26:42,10:10 min/mile,MARATHON,1507,47,106,M,944,2025
1120,BRENNAN PENAFIEL,,MARINA,04:27:11,04:26:42,10:10 min/mile,MARATHON,1508,23,44,M,945,2025
687,CHLOE DUMORE,,PISMO BEACH,04:36:58,04:26:44,10:10 min/mile,MARATHON,1509,19,4,F,560,2025
2943,WITTON NG,,BROOKLYN,04:33:07,04:26:45,10:10 min/mile,MARATHON,1510,41,155,M,946,2025
999,ANTHONY CONTI,,RIVERVIEW,04:27:12,04:26:48,10:10 min/mile,MARATHON,1511,46,107,M,947,2025
2946,RUSS MACADANGDANG,,MONTEREY,04:31:56,04:26:48,10:10 min/mile,MARATHON,1512,28,130,M,948,2025
4181,VALDELINE MUEHL,,LARGO,04:36:59,04:26:50,10:11 min/mile,MARATHON,1513,45,55,F,561,2025
926,SIMON SHOOK,,SAN DIEGO,04:32:40,04:26:50,10:11 min/mile,MARATHON,1514,31,159,M,949,2025
2465,STEVEN CARLSON,,FOLSOM,04:32:47,04:26:51,10:11 min/mile,MARATHON,1515,43,156,M,950,2025
787,LINDSEY STASKUS,,AUSTIN,04:28:41,04:26:54,10:11 min/mile,MARATHON,1516,26,104,F,562,2025
2575,CARY LAIRD,,PEBBLE BEACH,04:32:45,04:26:58,10:11 min/mile,MARATHON,1517,55,54,M,951,2025
790,MITSUGU MORI,,CARMEL,04:32:07,04:27:03,10:11 min/mile,MARATHON,1518,73,3,M,952,2025
4275,MARIE EDWARDS,,KENMORE,04:37:24,04:27:03,10:11 min/mile,MARATHON,1519,35,111,F,563,2025
2606,LILLY XIA,,PALO ALTO,04:33:04,04:27:06,10:11 min/mile,MARATHON,1520,28,105,F,564,2025
171,CAROLINE MAULANA,,BLYTHEWOOD,04:32:28,04:27:08,10:11 min/mile,MARATHON,1521,40,88,F,565,2025
3587,ERASMO NEVAREZ,,PACIFIC GROVE,04:34:30,04:27:09,10:11 min/mile,MARATHON,1522,52,71,M,953,2025
2860,LISA KRAVETZ,,SCOTTSDALE,04:32:52,04:27:12,10:11 min/mile,MARATHON,1523,62,9,F,566,2025
1954,ANDREAS FISCHER,,KLEINMACHNOW,04:27:26,04:27:13,10:11 min/mile,MARATHON,1524,66,13,M,954,2025
2738,LARA MOORE,,LAKE GENEVA,04:33:29,04:27:19,10:12 min/mile,MARATHON,1525,52,36,F,567,2025
1647,JEFFREY MOSCOW,,SARASOTA,04:28:33,04:27:20,10:12 min/mile,MARATHON,1526,47,108,M,955,2025
3904,ALEXANDER PAIGE,,BROOKLYN,04:33:38,04:27:21,10:12 min/mile,MARATHON,1527,29,131,M,956,2025
3115,ALYSSA HARP,,EAU CLAIRE,04:33:55,04:27:27,10:12 min/mile,MARATHON,1528,30,111,F,568,2025
1479,KEVIN HARP,,BOSTON,04:33:55,04:27:28,10:12 min/mile,MARATHON,1529,33,160,M,957,2025
2294,MATTHEW WEISS,,UNION,04:34:31,04:27:32,10:12 min/mile,MARATHON,1530,57,55,M,958,2025
2202,GAIL SCHMIDT,,LONDON,04:32:53,04:27:37,10:12 min/mile,MARATHON,1531,60,10,F,569,2025
3225,ASHLEY STINSON,,SANTA CRUZ,04:33:55,04:27:43,10:13 min/mile,MARATHON,1532,46,56,F,570,2025
2801,ALLIE RAND,,PORTLAND,04:34:42,04:27:45,10:13 min/mile,MARATHON,1533,30,112,F,571,2025
1327,ASHLEY LINDSAY,,DALLAS,04:28:37,04:27:45,10:13 min/mile,MARATHON,1534,39,112,F,572,2025
2804,CASEY DOMINE,,SEATTLE,04:34:42,04:27:45,10:13 min/mile,MARATHON,1535,31,113,F,573,2025
2787,SHANNON LYDON,,BOSTON,04:34:42,04:27:46,10:13 min/mile,MARATHON,1536,31,114,F,574,2025
3382,MERCEDES CIMINO,,MESA,04:33:11,04:27:51,10:13 min/mile,MARATHON,1537,55,16,F,575,2025
3078,AMIR FILSOOF,,SAN DIEGO,04:33:14,04:27:52,10:13 min/mile,MARATHON,1538,41,157,M,959,2025
2651,CHARLIE LARSON,,FOUNTAIN HLS,04:33:48,04:27:54,10:13 min/mile,MARATHON,1539,27,132,M,960,2025
2893,MADELINE ROWE,,HUDSON,04:34:56,04:27:55,10:13 min/mile,MARATHON,1540,28,106,F,576,2025
2350,JONATHAN REYES,,DALLAS,04:35:01,04:27:55,10:13 min/mile,MARATHON,1541,26,133,M,961,2025
3092,AARON AMOS,,FAIRMONT,04:33:21,04:27:59,10:13 min/mile,MARATHON,1542,34,161,M,962,2025
2491,REBECCA RABE,,ELKHART,04:34:27,04:28:02,10:13 min/mile,MARATHON,1543,45,57,F,577,2025
3484,AMY SCHARPF,,PITTSBURGH,04:34:37,04:28:05,10:13 min/mile,MARATHON,1544,62,11,F,578,2025
1734,JAKE RAYMOND,,MIDVALE,04:29:17,04:28:08,10:14 min/mile,MARATHON,1545,28,134,M,963,2025
1972,FAIN SUTTER,,NEW YORK,04:29:53,04:28:10,10:14 min/mile,MARATHON,1546,56,56,M,964,2025
921,MICHAEL CRYSTAL,,OAKLAND,04:29:16,04:28:15,10:14 min/mile,MARATHON,1547,49,109,M,965,2025
3141,MARGARET MILLER,,MARINA,04:33:48,04:28:15,10:14 min/mile,MARATHON,1548,29,107,F,579,2025
3071,MCKENNA EDWARDS,,MONTEREY,04:34:13,04:28:16,10:14 min/mile,MARATHON,1549,28,108,F,580,2025
2963,JIM WARREN,,DALLAS,04:35:27,04:28:17,10:14 min/mile,MARATHON,1550,53,72,M,966,2025
3481,CHRIS COLE,,TEMECULA,04:34:28,04:28:23,10:14 min/mile,MARATHON,1551,62,36,M,967,2025
187,LAUREN SUDEALL,,DECATUR,04:33:40,04:28:25,10:14 min/mile,MARATHON,1552,46,58,F,581,2025
1384,JENNIFER TROTTER,,HOUSTON,04:29:27,04:28:27,10:14 min/mile,MARATHON,1553,53,37,F,582,2025
396,BRICE LACROIX,,MANHATTAN,04:38:55,04:28:27,10:14 min/mile,MARATHON,1554,43,158,M,968,2025
4549,JESUS CHAVEZ,,MARINA,04:39:12,04:28:28,10:14 min/mile,MARATHON,1555,28,135,M,969,2025
2382,OLEKSII GUBANOV,,CARMEL,04:34:28,04:28:29,10:14 min/mile,MARATHON,1556,41,159,M,970,2025
2710,NICK COOK,,DURHAM,04:35:10,04:28:37,10:15 min/mile,MARATHON,1557,32,162,M,971,2025
4195,STEVEN NGUYEN,,LIVERMORE,04:39:22,04:28:41,10:15 min/mile,MARATHON,1558,33,163,M,972,2025
197,HEIKE SCHIRMER,,SANTA BARBARA,04:33:52,04:28:43,10:15 min/mile,MARATHON,1559,42,89,F,583,2025
2492,BEN STROTHER,,HANNIBAL,04:35:14,04:28:43,10:15 min/mile,MARATHON,1560,38,178,M,973,2025
1298,MARK BEELITZ,,TUCKAHOE,04:30:11,04:28:45,10:15 min/mile,MARATHON,1561,46,110,M,974,2025
2017,JINRU HE,,SAN JOSE,04:30:20,04:28:48,10:15 min/mile,MARATHON,1562,40,0,X,0,2025
188,YI XIE,,SEATTLE,04:34:17,04:28:48,10:15 min/mile,MARATHON,1563,38,179,M,975,2025
2764,WINIFRED FRICK,,APTOS,04:35:00,04:28:55,10:15 min/mile,MARATHON,1564,49,59,F,584,2025
2463,ANGELA TOMIAK,,CHICAGO,04:34:22,04:28:56,10:15 min/mile,MARATHON,1565,30,115,F,585,2025
864,JACQUELINE IZZO,,BROOKLYN,04:30:45,04:29:00,10:16 min/mile,MARATHON,1566,29,109,F,586,2025
3047,VENKATESHA IYENGAR,,CUPERTINO,04:35:57,04:29:00,10:16 min/mile,MARATHON,1567,54,73,M,976,2025
3170,CATHY HOMICK,,COLUMBUS,04:34:21,04:29:01,10:16 min/mile,MARATHON,1568,38,113,F,587,2025
3398,LISA HUDSON,,SANTA ROSA,04:36:10,04:29:02,10:16 min/mile,MARATHON,1569,43,90,F,588,2025
3659,SARAH JOHNSON,,ARDEN,04:34:16,04:29:03,10:16 min/mile,MARATHON,1570,49,60,F,589,2025
2549,NINA AMATO,,ADEL,04:35:09,04:29:03,10:16 min/mile,MARATHON,1571,42,91,F,590,2025
182,VICTORIA GRAND,,LARKSPUR,04:31:04,04:29:05,10:16 min/mile,MARATHON,1572,51,38,F,591,2025
2147,GINA MARIE MCARDLE,,SAN FRANCISCO,04:30:45,04:29:12,10:16 min/mile,MARATHON,1573,34,116,F,592,2025
2293,AISHWARYA MANDYAM,,STANFORD,04:35:37,04:29:12,10:16 min/mile,MARATHON,1574,27,110,F,593,2025
605,LOES ST ATHER,,AUCKLAND,04:29:20,04:29:14,10:16 min/mile,MARATHON,1575,38,114,F,594,2025
2522,JIAJUN YANG,,DUBLIN,04:35:37,04:29:17,10:16 min/mile,MARATHON,1576,35,180,M,977,2025
2441,ALEXANDRA DIGIACOMO,,MONTEREY,04:35:33,04:29:17,10:16 min/mile,MARATHON,1577,27,111,F,595,2025
2981,ANNIE COLLETT,,BOSTON,04:36:26,04:29:18,10:16 min/mile,MARATHON,1578,28,112,F,596,2025
126,MICHAEL BEAULIEU,,LIVINGSTON,04:30:46,04:29:18,10:16 min/mile,MARATHON,1579,34,164,M,978,2025
2795,STACIE THOMAS,,MORGAN HILL,04:35:12,04:29:26,10:17 min/mile,MARATHON,1580,35,0,X,0,2025
3451,HENRY SU,,FREMONT,04:35:44,04:29:31,10:17 min/mile,MARATHON,1581,62,37,M,979,2025
3331,CHRISTINE VAL,,ROCKLIN,04:35:33,04:29:33,10:17 min/mile,MARATHON,1582,40,92,F,597,2025
3898,CHARLES CHEN,,FREMONT,04:35:44,04:29:35,10:17 min/mile,MARATHON,1583,62,38,M,980,2025
2755,MATTHEW FRY,,DAYTON,04:37:09,04:29:43,10:17 min/mile,MARATHON,1584,31,165,M,981,2025
780,MARC KALMAN-ZULIK,,CARMEL,04:30:18,04:29:49,10:17 min/mile,MARATHON,1585,17,5,M,982,2025
3518,BRYAN HUEBNER,,SAN JOSE,04:36:14,04:29:50,10:17 min/mile,MARATHON,1586,30,166,M,983,2025
2677,LISA TON,,SAN DIEGO,04:35:05,04:29:52,10:18 min/mile,MARATHON,1587,26,113,F,598,2025
1058,MATTHEW SCHREIBER,,ZANESVILLE,04:30:27,04:29:52,10:18 min/mile,MARATHON,1588,44,160,M,984,2025
4367,BRANDON ROCKE,,ANAHEIM,04:40:40,04:29:57,10:18 min/mile,MARATHON,1589,38,181,M,985,2025
3896,AMIT SHARMA,,AUSTIN,04:36:14,04:30:01,10:18 min/mile,MARATHON,1590,49,111,M,986,2025
2390,JOSEPH KELLER,,MAULDIN,04:35:27,04:30:02,10:18 min/mile,MARATHON,1591,29,136,M,987,2025
1968,THOMAS WHEELER,,DUMFRIES,04:30:38,04:30:02,10:18 min/mile,MARATHON,1592,48,112,M,988,2025
2403,MICHAEL CIPOLLA,,FRESNO,04:35:27,04:30:03,10:18 min/mile,MARATHON,1593,40,161,M,989,2025
4666,JUANIS VALLES,,SAN DIMAS,04:40:22,04:30:04,10:18 min/mile,MARATHON,1594,62,12,F,599,2025
3389,JULIA SUKLEVSKI,,STATEN ISLAND,04:35:20,04:30:07,10:18 min/mile,MARATHON,1595,31,117,F,600,2025
3022,CHRISTOPHER REGAN,,WAPPINGERS FL,04:37:35,04:30:11,10:18 min/mile,MARATHON,1596,45,113,M,990,2025
1977,THOMAS HERBERT,,BETHEL,04:31:25,04:30:15,10:18 min/mile,MARATHON,1597,60,39,M,991,2025
3221,GABRIEL GUILLEN,,PACIFIC GROVE,04:35:25,04:30:19,10:19 min/mile,MARATHON,1598,45,114,M,992,2025
1301,KYLE DAY,,DAVENPORT,04:32:08,04:30:22,10:19 min/mile,MARATHON,1599,41,162,M,993,2025
4001,WENLI BAI,,SANTA CLARA,04:40:26,04:30:24,10:19 min/mile,MARATHON,1600,55,17,F,601,2025
1383,JINGWEN WANG,,SANTA CLARA,04:40:27,04:30:25,10:19 min/mile,MARATHON,1601,57,57,M,994,2025
2218,CYNTHIA GORDIANO,,SAN JOSE,04:35:42,04:30:31,10:19 min/mile,MARATHON,1602,55,18,F,602,2025
3358,NICOLA GARDNER,,JERSEY,04:36:14,04:30:32,10:19 min/mile,MARATHON,1603,48,61,F,603,2025
1131,HARMANJOT SINGH,,TRACY,04:31:12,04:30:39,10:19 min/mile,MARATHON,1604,26,137,M,995,2025
4703,MONTA HUANG,,WEST COVINA,04:41:03,04:30:40,10:19 min/mile,MARATHON,1605,62,40,M,996,2025
2471,AMANDA KOMISAROW,,CHARLESTON,04:36:17,04:30:40,10:19 min/mile,MARATHON,1606,33,118,F,604,2025
2688,CARLY PERLMAN,,SANTA CRUZ,04:36:40,04:30:41,10:19 min/mile,MARATHON,1607,49,62,F,605,2025
3449,ALEX DALESIO,,LOS GATOS,04:37:04,04:30:45,10:20 min/mile,MARATHON,1608,51,74,M,997,2025
1054,ASHLYN BARAJAS,,EASTVALE,04:36:50,04:30:49,10:20 min/mile,MARATHON,1609,27,114,F,606,2025
2929,AMANDA VIOLA-BROOKE,,AUGUSTA,04:36:30,04:30:52,10:20 min/mile,MARATHON,1610,37,115,F,607,2025
3900,TAIMOOR MALIK,,PHILADELPHIA,04:31:03,04:30:56,10:20 min/mile,MARATHON,1611,31,167,M,998,2025
1444,TYLER BOWMAN,,AURORA,04:32:02,04:30:57,10:20 min/mile,MARATHON,1612,27,138,M,999,2025
3302,WILLIAM LIANG,,SOUTH SURREY,04:37:03,04:30:58,10:20 min/mile,MARATHON,1613,66,14,M,1000,2025
3122,SUJAY KHANDEKAR,,SARATOGA,04:36:33,04:30:58,10:20 min/mile,MARATHON,1614,30,168,M,1001,2025
258,CHRIS SMITH,,ROSWELL,04:36:09,04:31:02,10:20 min/mile,MARATHON,1615,37,182,M,1002,2025
2078,GREG BECKERLE,,SAINT LOUIS,04:32:51,04:31:09,10:20 min/mile,MARATHON,1616,42,163,M,1003,2025
1963,EVAN MOORE,,WOODBRIDGE,04:37:22,04:31:12,10:21 min/mile,MARATHON,1617,48,115,M,1004,2025
2791,MICHAEL A FABULA,,AUSTIN,04:36:51,04:31:18,10:21 min/mile,MARATHON,1618,36,183,M,1005,2025
872,BRETT HARRIS,,PRT WASHINGTN,04:33:07,04:31:31,10:21 min/mile,MARATHON,1619,57,58,M,1006,2025
320,TODD MEYER,,ALISO VIEJO,04:38:23,04:31:39,10:22 min/mile,MARATHON,1620,41,164,M,1007,2025
2411,MILES NEWMAN,,PHILADELPHIA,04:38:12,04:31:43,10:22 min/mile,MARATHON,1621,32,0,N,2,2025
2470,CHRISTINE BEESON,,TULSA,04:37:40,04:31:44,10:22 min/mile,MARATHON,1622,35,116,F,608,2025
4480,MICHAEL MARCHICA,,PACIFIC GROVE,04:32:29,04:31:45,10:22 min/mile,MARATHON,1623,25,139,M,1008,2025
1230,NICHOLAS TUSTIN,,SAN FRANCISCO,04:33:26,04:31:48,10:22 min/mile,MARATHON,1624,33,169,M,1009,2025
910,JENNA MONTGOMERY,,LIVERMORE,04:33:13,04:31:49,10:22 min/mile,MARATHON,1625,29,115,F,609,2025
3644,LAURA ROTH,,PITTSBURGH,04:37:56,04:31:59,10:22 min/mile,MARATHON,1626,46,63,F,610,2025
479,TRACY PHAM,,WESTMINSTER,04:33:41,04:31:59,10:22 min/mile,MARATHON,1627,49,64,F,611,2025
2105,DAVID DENNIS III,,LOMA LINDA,04:33:52,04:32:00,10:22 min/mile,MARATHON,1628,31,170,M,1010,2025
3228,ANEL HERNANDEZ,,INGLEWOOD,04:37:12,04:32:00,10:22 min/mile,MARATHON,1629,45,65,F,612,2025
2670,CATHERINE PHILIPOVITCH,,SANTA CRUZ,04:38:19,04:32:01,10:22 min/mile,MARATHON,1630,57,19,F,613,2025
3010,BRIANNA OKONEK,,HALF MOON BAY,04:38:31,04:32:01,10:22 min/mile,MARATHON,1631,38,117,F,614,2025
1370,CARL HUFFMAN,,SHOREVIEW,04:32:52,04:32:02,10:22 min/mile,MARATHON,1632,32,171,M,1011,2025
590,JENNY VU,,SAN JOSE,04:33:45,04:32:03,10:23 min/mile,MARATHON,1633,55,20,F,615,2025
2740,DON LE,,SAN JOSE,04:42:50,04:32:08,10:23 min/mile,MARATHON,1634,39,184,M,1012,2025
1187,EMILY GOBLE,,SAN DIEGO,04:42:50,04:32:08,10:23 min/mile,MARATHON,1635,29,116,F,616,2025
721,JANA RUTHERFORD,,BOCA RATON,04:33:15,04:32:14,10:23 min/mile,MARATHON,1636,42,93,F,617,2025
1360,DAVID SMITH,,SAINT LOUIS,04:37:26,04:32:18,10:23 min/mile,MARATHON,1637,50,75,M,1013,2025
1736,BROCK MESSAMORE,,CLARKSVILLE,04:33:05,04:32:20,10:23 min/mile,MARATHON,1638,35,185,M,1014,2025
2517,MAGGIE HURLEY,,WASHINGTON,04:39:38,04:32:22,10:23 min/mile,MARATHON,1639,25,117,F,618,2025
927,MARISSA YOUNG,,CAPITOLA,04:33:13,04:32:22,10:23 min/mile,MARATHON,1640,33,119,F,619,2025
2477,LEAH MEYER,,SANTA BARBARA,04:38:21,04:32:25,10:23 min/mile,MARATHON,1641,57,21,F,620,2025
3828,COLLEEN GRANT,,WELLMAN,04:37:44,04:32:25,10:23 min/mile,MARATHON,1642,42,94,F,621,2025
738,KEVIN DO,,SAN JOSE,04:33:21,04:32:26,10:23 min/mile,MARATHON,1643,53,76,M,1015,2025
3286,ERIN HESTIR,,MERCED,04:39:20,04:32:30,10:24 min/mile,MARATHON,1644,44,95,F,622,2025
3415,LUCAS PÜTTER,,MONTEREY,04:39:15,04:32:33,10:24 min/mile,MARATHON,1645,32,172,M,1016,2025
2891,LISA KIRSCH,,CANTON,04:39:54,04:32:37,10:24 min/mile,MARATHON,1646,36,118,F,623,2025
166,HAROLD PACHECO,,GREELEY,04:37:48,04:32:38,10:24 min/mile,MARATHON,1647,31,173,M,1017,2025
4231,ARACELY MALDONADO,,BAKERSFIELD,04:43:16,04:32:40,10:24 min/mile,MARATHON,1648,37,119,F,624,2025
2872,RYAN STUCZYNSKI,,BROOKLYN,04:40:14,04:32:43,10:24 min/mile,MARATHON,1649,43,165,M,1018,2025
2040,PAUL ROBINSON,,DELAWARE,04:40:13,04:32:43,10:24 min/mile,MARATHON,1650,44,166,M,1019,2025
4026,WINNIE HO,,PORT MELBOURNE,04:43:16,04:32:45,10:24 min/mile,MARATHON,1651,48,66,F,625,2025
2224,SABA SUGUNAVEL,,ROBBINSVILLE,04:40:02,04:32:46,10:24 min/mile,MARATHON,1652,53,77,M,1020,2025
3091,JIMMY METZ,,RIO RANCHO,04:37:21,04:32:52,10:24 min/mile,MARATHON,1653,37,186,M,1021,2025
2825,JONNA ROBINSON,,MEDFORD,04:39:37,04:32:54,10:24 min/mile,MARATHON,1654,50,39,F,626,2025
783,MICHAEL KHAIN,,SAN JOSE,04:34:21,04:32:59,10:25 min/mile,MARATHON,1655,42,167,M,1022,2025
1623,JOSHUA SAXE,,WICHITA,04:34:59,04:33:03,10:25 min/mile,MARATHON,1656,43,168,M,1023,2025
830,PATRICK CASEY,,HUNTINGTN BCH,04:33:35,04:33:04,10:25 min/mile,MARATHON,1657,36,187,M,1024,2025
3093,SCOTT LECHNER,,W SACRAMENTO,04:38:13,04:33:06,10:25 min/mile,MARATHON,1658,37,188,M,1025,2025
2201,LISE PROULX,,TROIS-RIVIERES,04:38:38,04:33:07,10:25 min/mile,MARATHON,1659,68,1,F,627,2025
3274,JENN SMITH,,SAN ANTONIO,04:38:54,04:33:14,10:25 min/mile,MARATHON,1660,51,40,F,628,2025
2516,LAVINIA AMAGLIO,,SAN FRANCISCO,04:39:32,04:33:15,10:25 min/mile,MARATHON,1661,29,118,F,629,2025
1979,VICTORIA CANNON,,MONTEREY,04:38:48,04:33:16,10:25 min/mile,MARATHON,1662,34,120,F,630,2025
3438,KYLE WILSON,,HGHLNDS RANCH,04:39:45,04:33:19,10:25 min/mile,MARATHON,1663,34,174,M,1026,2025
3673,TIM DONOVAN,,CARMEL,04:39:48,04:33:20,10:25 min/mile,MARATHON,1664,63,41,M,1027,2025
4325,HAILEY SARDI,,FORT COLLINS,04:35:20,04:33:30,10:26 min/mile,MARATHON,1665,29,119,F,631,2025
4270,VICTORIA LU,,BASKING RIDGE,04:43:59,04:33:31,10:26 min/mile,MARATHON,1666,24,34,F,632,2025
4284,ROBBIE PEREZ,,PACIFICA,04:44:12,04:33:31,10:26 min/mile,MARATHON,1667,43,169,M,1028,2025
2719,CARLOS COURTADE,,OAKLAND,04:39:17,04:33:36,10:26 min/mile,MARATHON,1668,45,116,M,1029,2025
2533,JED DIMAAPI,,SAN RAMON,04:39:22,04:33:40,10:26 min/mile,MARATHON,1669,32,175,M,1030,2025
917,SUZANNE ONEAL,,PHOENIX,04:34:52,04:33:41,10:26 min/mile,MARATHON,1670,49,67,F,633,2025
3340,VALERIE OLSON,,MILL CREEK,04:40:31,04:33:41,10:26 min/mile,MARATHON,1671,47,68,F,634,2025
1186,ERIK AVILA,,PICO RIVERA,04:34:55,04:33:43,10:26 min/mile,MARATHON,1672,32,176,M,1031,2025
2557,MICHAEL YANG,,CRESSKILL,04:40:58,04:33:43,10:26 min/mile,MARATHON,1673,41,170,M,1032,2025
348,CLARA THOMAS,,SAN FRANCISCO,04:39:28,04:33:49,10:27 min/mile,MARATHON,1674,32,121,F,635,2025
2536,SANDRA CHAMBERS,,PEARLAND,04:40:23,04:33:57,10:27 min/mile,MARATHON,1675,40,96,F,636,2025
2438,LIZ VANO,,CARMEL,04:40:34,04:33:59,10:27 min/mile,MARATHON,1676,30,122,F,637,2025
1762,CHERYL GOMEZ,,SAN JOSE,04:34:11,04:34:00,10:27 min/mile,MARATHON,1677,46,69,F,638,2025
4051,ASHLEY SHAW,,ROSEVILLE,04:44:35,04:34:02,10:27 min/mile,MARATHON,1678,41,97,F,639,2025
3419,STEVE DELLETT,,GALENA,04:40:22,04:34:06,10:27 min/mile,MARATHON,1679,66,15,M,1033,2025
2499,TAMARA RONDESTVEDT,,GRAND FORKS,04:40:51,04:34:07,10:27 min/mile,MARATHON,1680,52,41,F,640,2025
2604,MICHAEL JACOBS,,LYNCHBURG,04:41:16,04:34:12,10:27 min/mile,MARATHON,1681,39,189,M,1034,2025
3789,UTKARSH OHM,,SAN FRANCISCO,04:40:08,04:34:13,10:27 min/mile,MARATHON,1682,32,177,M,1035,2025
3734,YARVÉ ORDÓÑEZ,,DAVIS,04:39:49,04:34:16,10:28 min/mile,MARATHON,1683,34,178,M,1036,2025
2219,PAULA MARTINHAO,,SAN DIEGO,04:40:20,04:34:18,10:28 min/mile,MARATHON,1684,46,70,F,641,2025
2635,KATIE SEIDL,,MORAGA,04:41:11,04:34:19,10:28 min/mile,MARATHON,1685,39,120,F,642,2025
2653,ADELINE BECKER,,SAN DIEGO,04:39:50,04:34:23,10:28 min/mile,MARATHON,1686,24,35,F,643,2025
2007,JENNIFER HARTMAN,,ROSEVILLE,04:35:22,04:34:23,10:28 min/mile,MARATHON,1687,53,42,F,644,2025
273,PILAR URREGO,,CORAL GABLES,04:44:27,04:34:23,10:28 min/mile,MARATHON,1688,54,43,F,645,2025
2329,KELLY OTOOLE-LEONARD,,MORRISON,04:40:54,04:34:27,10:28 min/mile,MARATHON,1689,32,123,F,646,2025
247,BRENO OLIVEIRA,,VILA VELHA,04:39:41,04:34:27,10:28 min/mile,MARATHON,1690,45,117,M,1037,2025
3271,LINDA SHEAFFER,,NORTHWEST WASHINGTON,04:39:59,04:34:32,10:28 min/mile,MARATHON,1691,69,2,F,647,2025
4389,ESTELLE CHAE,,PASADENA,04:45:03,04:34:33,10:28 min/mile,MARATHON,1692,33,124,F,648,2025
1352,KELSIE MATHIESON,,MONTEREY,04:36:12,04:34:34,10:28 min/mile,MARATHON,1693,28,120,F,649,2025
997,ALEX COOK,,LOMA LINDA,04:45:11,04:34:35,10:28 min/mile,MARATHON,1694,33,179,M,1038,2025
2778,ROSE JAHN,,PORTLAND,04:40:25,04:34:40,10:29 min/mile,MARATHON,1695,30,125,F,650,2025
2459,CAROLINE BOYNTON,,CHICAGO,04:41:16,04:34:43,10:29 min/mile,MARATHON,1696,25,121,F,651,2025
3296,STACY PALMER,,ONTARIO,04:36:30,04:34:49,10:29 min/mile,MARATHON,1697,56,22,F,652,2025
2662,SABA NAFEES,,SAN FRANCISCO,04:40:53,04:35:03,10:29 min/mile,MARATHON,1698,32,126,F,653,2025
403,FERNANDO URREGO,,LOS GATOS,04:45:08,04:35:04,10:29 min/mile,MARATHON,1699,52,78,M,1039,2025
96,ASHWIN EASOW,,NEW YORK,04:35:47,04:35:05,10:29 min/mile,MARATHON,1700,31,180,M,1040,2025
2146,KEVIN WOLOSZYK,,SPRING VALLEY,04:35:16,04:35:07,10:30 min/mile,MARATHON,1701,34,181,M,1041,2025
319,RAF PEETERS,,BELMONT,04:40:30,04:35:13,10:30 min/mile,MARATHON,1702,46,118,M,1042,2025
2711,ABIGAIL BRADY,,HOMEWOOD,04:35:34,04:35:14,10:30 min/mile,MARATHON,1703,28,122,F,654,2025
2387,JEFF HINCKLEY,,TUPELO,04:41:11,04:35:15,10:30 min/mile,MARATHON,1704,34,182,M,1043,2025
2263,KAREN VASQUEZ,,HOUSTON,04:42:07,04:35:15,10:30 min/mile,MARATHON,1705,32,127,F,655,2025
2506,MELISSA DOHERTY,,MISSOULA,04:40:49,04:35:18,10:30 min/mile,MARATHON,1706,44,98,F,656,2025
329,TIFFANY LICHNEY,,LITTLETON,04:40:28,04:35:19,10:30 min/mile,MARATHON,1707,28,123,F,657,2025
4518,RANDY STAEHLE,,CARMEL,04:42:53,04:35:21,10:30 min/mile,MARATHON,1708,55,59,M,1044,2025
2861,MARK JOHNSON,,CHARLOTTE,04:41:03,04:35:24,10:30 min/mile,MARATHON,1709,49,119,M,1045,2025
2870,BEATA JAJKO,,ARLINGTON,04:40:45,04:35:26,10:30 min/mile,MARATHON,1710,49,71,F,658,2025
594,CHARLIE DAVIS,,SAN DIEGO,04:36:24,04:35:28,10:30 min/mile,MARATHON,1711,68,16,M,1046,2025
2608,CHUN-FU LAI,,TAIPEI CITY,04:40:52,04:35:36,10:31 min/mile,MARATHON,1712,50,79,M,1047,2025
2600,LULU ALVAREZ,,SALINAS,04:42:03,04:35:37,10:31 min/mile,MARATHON,1713,30,128,F,659,2025
1367,JOSEPH MUSI,,MEDFORD,04:37:12,04:35:39,10:31 min/mile,MARATHON,1714,30,183,M,1048,2025
2494,JANELLE STROTHER,,HANNIBAL,04:42:16,04:35:45,10:31 min/mile,MARATHON,1715,36,121,F,660,2025
2414,JOSEPH KIM,,GREENVILLE,04:41:57,04:35:49,10:31 min/mile,MARATHON,1716,43,171,M,1049,2025
2259,CHRIS CHAPPELL,,BLOOMSBURG,04:41:26,04:35:50,10:31 min/mile,MARATHON,1717,55,60,M,1050,2025
2324,ERIKA DAVEE,,SANTA MONICA,04:42:18,04:35:54,10:31 min/mile,MARATHON,1718,33,129,F,661,2025
3235,EMILY MURTHY,,AKRON,04:41:40,04:36:05,10:32 min/mile,MARATHON,1719,45,72,F,662,2025
547,TRAM PHAM,,SAN JOSE,04:37:49,04:36:08,10:32 min/mile,MARATHON,1720,50,44,F,663,2025
2548,AYAKO FACKENTHAL,,CARMICHAEL,04:42:49,04:36:11,10:32 min/mile,MARATHON,1721,59,23,F,664,2025
2900,ANDI BURNUM,,EVERGREEN,04:42:51,04:36:11,10:32 min/mile,MARATHON,1722,41,99,F,665,2025
601,HELEN FONG,,SAN JOSE,04:37:53,04:36:11,10:32 min/mile,MARATHON,1723,47,73,F,666,2025
3713,PAIGE SIMMONS,,PACIFIC GROVE,04:42:16,04:36:14,10:32 min/mile,MARATHON,1724,27,124,F,667,2025
2769,GEORGE TRINH,,SAN JOSE,04:41:25,04:36:15,10:32 min/mile,MARATHON,1725,31,184,M,1051,2025
2871,SARAH BRANNAN,,NASHVILLE,04:42:14,04:36:16,10:32 min/mile,MARATHON,1726,39,122,F,668,2025
2749,MICHAEL KLATTE,,DAYTON,04:42:42,04:36:17,10:32 min/mile,MARATHON,1727,43,172,M,1052,2025
3760,ANNA BARON,,SEASIDE,04:42:40,04:36:18,10:32 min/mile,MARATHON,1728,25,125,F,669,2025
3911,LAUREN TUDOR,,CHICAGO,04:42:09,04:36:19,10:32 min/mile,MARATHON,1729,27,126,F,670,2025
3638,JOHAN HERNANDEZ DIAZ,,SOLEDAD,04:43:21,04:36:24,10:32 min/mile,MARATHON,1730,26,140,M,1053,2025
1168,KYLE KINNEAR,,ONTARIO,04:38:20,04:36:25,10:33 min/mile,MARATHON,1731,35,190,M,1054,2025
4425,RIYA SEN,,PLAYA DEL REY,04:46:58,04:36:27,10:33 min/mile,MARATHON,1732,22,36,F,671,2025
2529,KELLY MCGOVERN,,ST LOUIS PARK,04:42:51,04:36:30,10:33 min/mile,MARATHON,1733,27,127,F,672,2025
703,JEANINE DOWD,,WILLIAMSTOWN,04:37:37,04:36:35,10:33 min/mile,MARATHON,1734,46,74,F,673,2025
2325,NATALIE WIEGAND,,SANTA MONICA,04:43:23,04:36:42,10:33 min/mile,MARATHON,1735,27,128,F,674,2025
1462,LAUREN KOENIG,,DUBLIN,04:37:24,04:36:46,10:33 min/mile,MARATHON,1736,52,45,F,675,2025
3390,ERIN HARDIES,,WESTERN SPRGS,04:43:26,04:36:48,10:33 min/mile,MARATHON,1737,58,24,F,676,2025
2524,QIANYI WANG,,SANTA CLARA,04:42:37,04:36:48,10:33 min/mile,MARATHON,1738,35,123,F,677,2025
2573,CONOR JONES,,MONTEREY,04:41:59,04:36:51,10:34 min/mile,MARATHON,1739,35,191,M,1055,2025
1235,KATIE GOLBRANSON,,PACIFIC GROVE,04:37:58,04:36:55,10:34 min/mile,MARATHON,1740,23,37,F,678,2025
3392,RICH ZIMMERMAN,,WILMINGTON,04:42:37,04:36:56,10:34 min/mile,MARATHON,1741,46,120,M,1056,2025
2723,ROBERT ZIMMERMAN,,SACRAMENTO,04:42:37,04:36:57,10:34 min/mile,MARATHON,1742,55,61,M,1057,2025
2947,MARY CAFFREY,,ELMHURST,04:43:24,04:36:58,10:34 min/mile,MARATHON,1743,57,25,F,679,2025
863,CRYSTAL WATTERS,,ROCKY RIVER,04:38:17,04:36:59,10:34 min/mile,MARATHON,1744,35,124,F,680,2025
2341,CHRIS STROJAN,,GALVESTON,04:43:34,04:37:04,10:34 min/mile,MARATHON,1745,36,192,M,1058,2025
2904,JJ JANKETIC,,NORTHPORT,04:37:17,04:37:04,10:34 min/mile,MARATHON,1746,26,141,M,1059,2025
1274,ERIK BETANCOURT,,ALCALDÍA MIGUEL HIDALGO,04:38:42,04:37:05,10:34 min/mile,MARATHON,1747,47,121,M,1060,2025
1180,TUSHAR KANDALGAONKAR,,SCHAUMBURG,04:38:08,04:37:06,10:34 min/mile,MARATHON,1748,50,80,M,1061,2025
2774,CAROLINE HATLEVIG,,LA CROSSE,04:42:58,04:37:08,10:34 min/mile,MARATHON,1749,45,75,F,681,2025
2857,MAREK GARBACZONEK,,MARINA,04:41:23,04:37:13,10:34 min/mile,MARATHON,1750,22,45,M,1062,2025
2800,ESTEVAN NUNEZ,,MONTEREY,04:43:37,04:37:15,10:34 min/mile,MARATHON,1751,24,46,M,1063,2025
2890,JENNIFER ENGLISH,,BERKELEY,04:43:42,04:37:19,10:35 min/mile,MARATHON,1752,56,26,F,682,2025
1937,MINDY DROTTAR,,SANTA CRUZ,04:38:28,04:37:19,10:35 min/mile,MARATHON,1753,40,100,F,683,2025
2209,SHEILA LAPOINTE,,LUNENBURG,04:43:05,04:37:20,10:35 min/mile,MARATHON,1754,55,27,F,684,2025
2394,MADDIE GREGORY,,PORTLAND,04:44:12,04:37:23,10:35 min/mile,MARATHON,1756,32,130,F,685,2025
2401,MATTHEW WURM,,PORTLAND,04:44:13,04:37:23,10:35 min/mile,MARATHON,1755,33,185,M,1064,2025
2455,ZHOU XU,,CARMEL BY THE,04:44:15,04:37:25,10:35 min/mile,MARATHON,1757,50,81,M,1065,2025
3502,ADAM FONG,,SAN FRANCISCO,04:43:48,04:37:27,10:35 min/mile,MARATHON,1758,44,173,M,1066,2025
4034,PAIGE CALLAN,,BURBANK,04:48:04,04:37:29,10:35 min/mile,MARATHON,1759,27,129,F,686,2025
4376,MICHAEL BAILEY,,DALLAS,04:47:43,04:37:35,10:35 min/mile,MARATHON,1760,30,186,M,1067,2025
3214,ABIGAIL BARNES,,BIG SUR,04:43:30,04:37:39,10:35 min/mile,MARATHON,1761,29,0,N,3,2025
2616,SAM CONKLE,,TEHACHAPI,04:44:23,04:37:43,10:35 min/mile,MARATHON,1762,26,142,M,1068,2025
3553,JOSHUA BEASLEY,,AUSTIN,04:42:56,04:37:43,10:35 min/mile,MARATHON,1763,29,143,M,1069,2025
3897,FERNANDA COSTA,,BOSTON,04:42:58,04:37:46,10:36 min/mile,MARATHON,1764,38,125,F,687,2025
2767,BHARAT BHUSHAN,,FREMONT,04:44:23,04:37:50,10:36 min/mile,MARATHON,1765,46,122,M,1070,2025
3497,SHIVJEET SINGH,,FREMONT,04:44:23,04:37:58,10:36 min/mile,MARATHON,1766,54,82,M,1071,2025
1192,LAURA HENDRICKSON,,TUCSON,04:39:29,04:37:59,10:36 min/mile,MARATHON,1767,40,101,F,688,2025
246,SARAH ALOISE,,PHILADELPHIA,04:43:21,04:37:59,10:36 min/mile,MARATHON,1768,59,28,F,689,2025
3009,DANIELLE STUMPF,,TWIN FALLS,04:44:47,04:38:02,10:36 min/mile,MARATHON,1769,40,102,F,690,2025
4082,JUNE KIRKPATRICK,,EAST JORDAN,04:48:50,04:38:03,10:36 min/mile,MARATHON,1770,17,5,F,691,2025
2714,TYLER RICHARDSON,,GILBERT,04:43:58,04:38:03,10:36 min/mile,MARATHON,1771,36,193,M,1072,2025
2258,JULIE GAUDRY,,MILTON,04:44:35,04:38:08,10:36 min/mile,MARATHON,1772,49,76,F,692,2025
3218,JT WISE,,MONTEREY,04:43:59,04:38:08,10:36 min/mile,MARATHON,1773,29,144,M,1073,2025
3350,AORAN WANG,,SAN JOSE,04:44:51,04:38:10,10:37 min/mile,MARATHON,1774,31,131,F,693,2025
143,PHILIP HEIN,,BOISE,04:44:28,04:38:10,10:37 min/mile,MARATHON,1775,39,194,M,1074,2025
3068,RANDY MILLER,,AMBOY,04:43:57,04:38:10,10:37 min/mile,MARATHON,1776,46,123,M,1075,2025
1845,KATHRYN WALSH,,OAKLAND,04:40:07,04:38:12,10:37 min/mile,MARATHON,1777,31,132,F,694,2025
557,THERESA HOFF,,ESCONDIDO,04:38:30,04:38:13,10:37 min/mile,MARATHON,1778,50,46,F,695,2025
4702,KELLY RYAN,,MONTEREY,04:48:07,04:38:14,10:37 min/mile,MARATHON,1779,36,126,F,696,2025
2231,ADAM MARSH,,NEW YORK,04:44:35,04:38:18,10:37 min/mile,MARATHON,1780,52,83,M,1076,2025
124,ARIANNE MARSH,,CARMEL,04:39:16,04:38:19,10:37 min/mile,MARATHON,1781,46,77,F,697,2025
629,CLAYTON FRANK,,WASHINGTON,04:43:41,04:38:23,10:37 min/mile,MARATHON,1782,28,145,M,1077,2025
2486,NOELLE MULLIN,,BURLINGAME,04:44:48,04:38:25,10:37 min/mile,MARATHON,1783,41,103,F,698,2025
1898,KEITH PETROSKY,,COLLEYVILLE,04:39:46,04:38:25,10:37 min/mile,MARATHON,1784,48,124,M,1078,2025
2290,LISA JOURNELL,,SPRINGFIELD,04:44:22,04:38:29,10:37 min/mile,MARATHON,1785,47,78,F,699,2025
146,MAGGIE PELLEGRI,,MILTON,04:38:43,04:38:31,10:37 min/mile,MARATHON,1786,22,38,F,700,2025
3140,ANDY SIMIONAS,,SAN FRANCISCO,04:44:17,04:38:31,10:37 min/mile,MARATHON,1787,32,187,M,1079,2025
2261,TRACIE SUNDACK,,WESTPORT,04:45:13,04:38:33,10:37 min/mile,MARATHON,1788,59,29,F,701,2025
2701,BRANDI SWENSON,,TUCSON,04:44:29,04:38:34,10:37 min/mile,MARATHON,1789,25,130,F,702,2025
4300,HEATHER MCCLUSKEY,,WINFIELD,04:49:03,04:38:37,10:38 min/mile,MARATHON,1790,53,47,F,703,2025
1374,ROBIN HEFFERNAN,,ELGIN,04:49:03,04:38:37,10:38 min/mile,MARATHON,1791,48,79,F,704,2025
3261,CLAIRE LLOYD,,ALAMEDA,04:44:02,04:38:38,10:38 min/mile,MARATHON,1792,48,80,F,705,2025
2841,DARIUS BAZEMORE,,VALRICO,04:45:06,04:38:39,10:38 min/mile,MARATHON,1793,39,195,M,1080,2025
2766,ERIN FALSEY,,CHICAGO,04:45:24,04:38:48,10:38 min/mile,MARATHON,1794,27,131,F,706,2025
2854,ANNDREA SLOMINSKI,,HILLIARD,04:45:19,04:38:53,10:38 min/mile,MARATHON,1795,49,81,F,707,2025
3609,EDWARD DRAGOMER,,CHICAGO,04:45:31,04:38:59,10:38 min/mile,MARATHON,1796,50,84,M,1081,2025
4377,MANOJ BHANDARI,,HOUSTON,04:49:53,04:39:04,10:39 min/mile,MARATHON,1797,37,196,M,1082,2025
2808,KAREN COMMONS,,MOUNTAIN VIEW,04:45:24,04:39:04,10:39 min/mile,MARATHON,1798,41,104,F,708,2025
3582,ROSIE COMMONS,,EAST GARRISON,04:45:24,04:39:05,10:39 min/mile,MARATHON,1799,40,105,F,709,2025
530,TAMI PAULY,,GROVER BEACH,04:40:41,04:39:06,10:39 min/mile,MARATHON,1800,50,48,F,710,2025
1179,OMAR RUANO,,MORGAN HILL,04:39:43,04:39:08,10:39 min/mile,MARATHON,1801,52,85,M,1083,2025
3117,HANNAH GEYER,,PITTSBURGH,04:45:18,04:39:11,10:39 min/mile,MARATHON,1802,33,133,F,711,2025
3097,ELLIOT KIM,,MONTEREY,04:44:26,04:39:11,10:39 min/mile,MARATHON,1803,30,188,M,1084,2025
3118,DANIELLE MULKA,,DEARBORN,04:45:41,04:39:11,10:39 min/mile,MARATHON,1804,44,106,F,712,2025
3498,MATTHEW CREELY,,DEARBORN,04:45:41,04:39:12,10:39 min/mile,MARATHON,1805,43,174,M,1085,2025
2160,MARISA CERVANTES,,ARROYO GRANDE,04:40:47,04:39:12,10:39 min/mile,MARATHON,1806,49,82,F,713,2025
3665,EZEKIEL SANBORN DE ASIS,,SANTA CLARA,04:45:38,04:39:14,10:39 min/mile,MARATHON,1807,52,86,M,1086,2025
569,MAGALIE ROSS,,LASALLE,04:40:43,04:39:15,10:39 min/mile,MARATHON,1808,55,30,F,714,2025
2763,RM Anonymous,,BEECHHURST,04:45:57,04:39:15,10:39 min/mile,MARATHON,1809,46,83,F,715,2025
3136,JENA PRETORIUS,,TEMPLETON,04:45:27,04:39:15,10:39 min/mile,MARATHON,1810,28,132,F,716,2025
2634,AMY KILGROW,,SIMI VALLEY,04:49:44,04:39:16,10:39 min/mile,MARATHON,1811,49,84,F,717,2025
4291,ANNA ALTMAN,,MONTEREY,04:49:23,04:39:20,10:39 min/mile,MARATHON,1812,21,39,F,718,2025
2939,JONATHAN CLEVELAND,,MARINA DL REY,04:44:53,04:39:20,10:39 min/mile,MARATHON,1813,33,189,M,1087,2025
3124,JOCELYN TAYLOR,,SAN DIEGO,04:45:22,04:39:22,10:39 min/mile,MARATHON,1814,39,127,F,719,2025
2311,SHANE DUNN,,WESTCHESTER,04:45:34,04:39:25,10:39 min/mile,MARATHON,1815,22,47,M,1088,2025
1477,BILL GAHR,,LOS ANGELES,04:41:27,04:39:30,10:40 min/mile,MARATHON,1816,41,175,M,1089,2025
2775,JOUNG EUN SONG,,GLENVIEW,04:45:16,04:39:30,10:40 min/mile,MARATHON,1817,57,31,F,720,2025
3567,DARRYL HAYCOCK,,LIMA,04:46:29,04:39:30,10:40 min/mile,MARATHON,1818,62,42,M,1090,2025
1375,KELLY MENDELSON,,HUDSON,04:45:09,04:39:35,10:40 min/mile,MARATHON,1819,49,85,F,721,2025
1377,KATE BRADLEY,,COPLEY,04:45:09,04:39:35,10:40 min/mile,MARATHON,1820,49,86,F,722,2025
1402,HEATHER MADDEN,,COPLEY,04:45:09,04:39:35,10:40 min/mile,MARATHON,1821,50,49,F,723,2025
2314,ALEX OBYRNE,,MIAMI BEACH,04:45:55,04:39:38,10:40 min/mile,MARATHON,1822,40,176,M,1091,2025
2429,BRAD RANDALL,,SCOTTSDALE,04:45:46,04:39:39,10:40 min/mile,MARATHON,1823,59,62,M,1092,2025
3683,CHRIS SCHMITZ,,DE PERE,04:46:16,04:39:39,10:40 min/mile,MARATHON,1824,39,197,M,1093,2025
3777,PAUL MILLER,,DE PERE,04:46:16,04:39:39,10:40 min/mile,MARATHON,1825,48,125,M,1094,2025
2428,MARYSA MIKAN,,SCOTTSDALE,04:45:46,04:39:39,10:40 min/mile,MARATHON,1826,44,107,F,724,2025
3533,DIANA TORRES GONZALEZ,,ROCKPORT,04:45:10,04:39:42,10:40 min/mile,MARATHON,1827,28,133,F,725,2025
682,PAIGE ROBILLARD,,SN LUIS OBISP,04:40:25,04:39:42,10:40 min/mile,MARATHON,1828,34,134,F,726,2025
2252,BRENTON JOHNSON,,VOLENTE,04:46:45,04:39:43,10:40 min/mile,MARATHON,1829,52,87,M,1095,2025
3473,TIMOTHY KELLER,,ELK GROVE,04:46:02,04:39:43,10:40 min/mile,MARATHON,1830,36,198,M,1096,2025
3474,HANNAH KELLER,,ELK GROVE,04:46:02,04:39:43,10:40 min/mile,MARATHON,1831,34,135,F,727,2025
180,ELIZABETH SANTA,,BROOKHAVEN,04:44:56,04:39:44,10:40 min/mile,MARATHON,1832,45,87,F,728,2025
3618,JENNA PRESCOTT,,LAWRENCE,04:45:43,04:39:52,10:40 min/mile,MARATHON,1833,41,108,F,729,2025
3772,YONGSUNG CHO,,PACIFIC GROVE,04:46:35,04:39:52,10:40 min/mile,MARATHON,1834,30,190,M,1097,2025
119,NIGEL MITCHELL,,SURREY,04:45:57,04:39:53,10:40 min/mile,MARATHON,1835,61,43,M,1098,2025
2968,MARK WOJDYLA,,LANCASTER,04:47:03,04:39:53,10:40 min/mile,MARATHON,1836,36,199,M,1099,2025
3470,JILLIAN WOJDYLA,,LANCASTER,04:47:04,04:39:54,10:40 min/mile,MARATHON,1837,36,128,F,730,2025
3588,MATISSE FELDMAN,,SEASIDE,04:47:01,04:39:54,10:40 min/mile,MARATHON,1838,27,134,F,731,2025
2498,GARY CARLTON,,MANTUA,04:46:17,04:39:57,10:41 min/mile,MARATHON,1839,45,126,M,1100,2025
280,KATHERINE DALE,,RALEIGH,04:45:11,04:40:01,10:41 min/mile,MARATHON,1840,31,136,F,732,2025
268,BRAD ROBERTS,,LAS VEGAS,04:45:09,04:40:01,10:41 min/mile,MARATHON,1841,44,177,M,1101,2025
3547,ANN BAIER,,SOQUEL,04:40:11,04:40:11,10:41 min/mile,MARATHON,1842,60,13,F,733,2025
2260,MEREDITH BORRELLI,,HACKETTSTOWN,04:45:51,04:40:16,10:41 min/mile,MARATHON,1843,50,50,F,734,2025
2814,GRACE CALDWELL,,PHILADELPHIA,04:46:55,04:40:17,10:41 min/mile,MARATHON,1844,27,135,F,735,2025
1688,AIDAN MCMORROW,,SAN FRANCISCO,04:41:50,04:40:18,10:41 min/mile,MARATHON,1845,27,146,M,1102,2025
3894,JOHN OEI,,SAN JOSE,04:47:39,04:40:19,10:41 min/mile,MARATHON,1846,52,88,M,1103,2025
2602,MEGAN ALDWORTH,,NEWPORT BEACH,04:47:05,04:40:19,10:41 min/mile,MARATHON,1847,28,136,F,736,2025
3073,JONATHAN MCLELLAN,,MONTEREY,04:46:03,04:40:20,10:41 min/mile,MARATHON,1848,39,200,M,1104,2025
2323,EMILIE BERTHIAUME,,COLUMBUS,04:47:36,04:40:21,10:42 min/mile,MARATHON,1849,24,40,F,737,2025
3016,CYNTHIA SAMPSON,,ASTORIA,04:46:05,04:40:23,10:42 min/mile,MARATHON,1850,27,137,F,738,2025
3647,MISSY ANDO,,SAN JOSE,04:46:35,04:40:28,10:42 min/mile,MARATHON,1851,50,51,F,739,2025
3087,SATYAKAM PANDEY,,CHICAGO,04:45:50,04:40:30,10:42 min/mile,MARATHON,1852,45,127,M,1105,2025
3369,MANUEL MESTRE,,REEDLEY,04:46:07,04:40:30,10:42 min/mile,MARATHON,1853,47,128,M,1106,2025
2624,RIK ANDREWS,,PACIFIC GROVE,04:45:38,04:40:31,10:42 min/mile,MARATHON,1854,39,201,M,1107,2025
994,JAMES PADGETT,,SAN DIEGO,04:41:39,04:40:31,10:42 min/mile,MARATHON,1855,34,191,M,1108,2025
2163,CHANDRA RAMAMOORTHY,,LOS ALTOS,04:42:21,04:40:34,10:42 min/mile,MARATHON,1856,69,3,F,740,2025
2824,MARCO CALTABIANO,,ANNAPOLIS,04:48:03,04:40:37,10:42 min/mile,MARATHON,1857,34,192,M,1109,2025
2227,AMANDA BATHORY,,AUBURNDALE,04:47:49,04:40:37,10:42 min/mile,MARATHON,1858,44,109,F,741,2025
2230,DEBORAH NOTTENKAMPER,,PASO ROBLES,04:47:36,04:40:39,10:42 min/mile,MARATHON,1859,60,14,F,742,2025
2685,ANNE CHRISTENSEN,,CARROLLTON,04:47:03,04:40:40,10:42 min/mile,MARATHON,1860,31,137,F,743,2025
2816,ALEX SOBREVILLA,,SAN PABLO,04:45:52,04:40:40,10:42 min/mile,MARATHON,1861,27,147,M,1110,2025
346,MELISSA LOPEZ-TESSLER,,BROOKLYN,04:50:49,04:40:41,10:42 min/mile,MARATHON,1862,28,138,F,744,2025
2410,CHRISTOPHER JONES,,SOUTHLAKE,04:47:16,04:40:44,10:42 min/mile,MARATHON,1863,55,63,M,1111,2025
1820,JEANNE MARCHAND,,WINSTED,04:50:53,04:40:45,10:42 min/mile,MARATHON,1864,61,15,F,745,2025
4211,PHUC TRAN,,CANYON LAKE,04:51:30,04:40:45,10:42 min/mile,MARATHON,1865,45,129,M,1112,2025
1295,KIM MARCHAND,,WINSTED,04:50:54,04:40:46,10:42 min/mile,MARATHON,1866,61,44,M,1113,2025
3770,MELISSA MCMANAMY,,KANSAS CITY,04:46:19,04:40:47,10:43 min/mile,MARATHON,1867,51,52,F,746,2025
1307,JESSICA LE,,PORTLAND,04:47:43,04:40:51,10:43 min/mile,MARATHON,1868,33,138,F,747,2025
1061,ERIN RANSOM,,SAN DIEGO,04:42:34,04:40:54,10:43 min/mile,MARATHON,1869,40,110,F,748,2025
987,JOSH BELEW,,CAMARILLO,04:42:44,04:40:58,10:43 min/mile,MARATHON,1870,22,48,M,1114,2025
2018,OLIVER BARANCZYK,,BALTIMORE,04:42:44,04:40:58,10:43 min/mile,MARATHON,1871,40,178,M,1115,2025
1333,MARTIN KINTSCHER,,GRAND RAPIDS,04:41:52,04:41:04,10:43 min/mile,MARATHON,1872,38,202,M,1116,2025
2274,JESSI GOLDSTEIN,,MILL VALLEY,04:48:02,04:41:10,10:43 min/mile,MARATHON,1873,54,53,F,749,2025
2542,LEIGHANN MASON,,CHARLOTTE,04:51:57,04:41:12,10:43 min/mile,MARATHON,1874,35,129,F,750,2025
4470,ALLY GARCIA,,CARMEL,04:51:20,04:41:14,10:44 min/mile,MARATHON,1875,38,130,F,751,2025
2064,JOSEPH ALVES,,WEYMOUTH,04:43:17,04:41:25,10:44 min/mile,MARATHON,1876,39,203,M,1117,2025
3062,ALIZA JOY BUNYI,,SAN JOSE,04:48:04,04:41:28,10:44 min/mile,MARATHON,1877,32,139,F,752,2025
2400,ASHLEY BLAWAS,,PACIFIC GROVE,04:48:03,04:41:47,10:45 min/mile,MARATHON,1878,29,139,F,753,2025
3070,CAITLIN DUENOW,,MONTEREY,04:47:08,04:41:49,10:45 min/mile,MARATHON,1879,40,111,F,754,2025
3400,AMANDA NG,,BEAVERTON,04:47:44,04:41:53,10:45 min/mile,MARATHON,1880,33,140,F,755,2025
2737,JONATHAN EBERHARDT,,FORT MYERS,04:49:19,04:41:54,10:45 min/mile,MARATHON,1881,41,179,M,1118,2025
1879,SAM BECHTHOLD,,MIDWAY,04:43:31,04:42:01,10:45 min/mile,MARATHON,1882,44,180,M,1119,2025
579,JULIE BECHTHOLD,,MIDWAY,04:43:32,04:42:01,10:45 min/mile,MARATHON,1883,42,112,F,756,2025
3143,KATE BUEHNER,,SUNNYVALE,04:48:37,04:42:04,10:45 min/mile,MARATHON,1884,31,141,F,757,2025
3144,ISHAN SOMSHEKAR,,SUNNYVALE,04:48:37,04:42:04,10:45 min/mile,MARATHON,1885,29,148,M,1120,2025
1775,BRANDON PAULSEN,,NAPA,04:47:58,04:42:05,10:45 min/mile,MARATHON,1886,29,149,M,1121,2025
2417,GABRIEL SOUTHERN,,SAN JOSE,04:49:13,04:42:10,10:46 min/mile,MARATHON,1887,46,130,M,1122,2025
2937,MARYKATE CORNELL,,HUNTINGTN BCH,04:48:19,04:42:11,10:46 min/mile,MARATHON,1888,37,131,F,758,2025
1074,STEPHEN MATS MATS,,SEATTLE,04:43:35,04:42:12,10:46 min/mile,MARATHON,1889,57,64,M,1123,2025
2976,ALISON RHINEHART,,RIVERVIEW,04:48:51,04:42:15,10:46 min/mile,MARATHON,1890,30,142,F,759,2025
2983,ALEXA IANNITELLI,,ATLANTA,04:52:24,04:42:17,10:46 min/mile,MARATHON,1891,29,140,F,760,2025
3730,PATRICK MALONE,,SPOKANE,04:49:14,04:42:17,10:46 min/mile,MARATHON,1892,40,181,M,1124,2025
2031,JUSTIN KADERKA,,SAN MARINO,04:44:29,04:42:18,10:46 min/mile,MARATHON,1893,41,182,M,1125,2025
991,STEPHEN KOPACH,,LOS ALAMITOS,04:43:20,04:42:21,10:46 min/mile,MARATHON,1894,43,183,M,1126,2025
3254,MICHELLE SPIEGEL,,SAN FRANCISCO,04:49:05,04:42:21,10:46 min/mile,MARATHON,1895,33,143,F,761,2025
4444,MIKE RUVOLO,,SAN JOSE,04:52:58,04:42:22,10:46 min/mile,MARATHON,1896,48,131,M,1127,2025
2962,ABHIMANYU DHAR,,MOUNTAIN VIEW,04:47:57,04:42:24,10:46 min/mile,MARATHON,1897,39,204,M,1128,2025
2343,ALEXANDRA LEVINE,,NEW YORK,04:49:08,04:42:28,10:46 min/mile,MARATHON,1898,38,132,F,762,2025
3570,YUTE HUANG,,SAN JOSE,04:47:52,04:42:30,10:46 min/mile,MARATHON,1899,51,89,M,1129,2025
1926,GREG PINIZZOTTO,,SALINAS,04:49:31,04:42:30,10:46 min/mile,MARATHON,1900,34,193,M,1130,2025
2275,CAROLINA MANDUJANO,,SALINAS,04:47:35,04:42:32,10:47 min/mile,MARATHON,1901,33,144,F,763,2025
2024,KELLEY FREITAS,,SANTA CRUZ,04:42:55,04:42:33,10:47 min/mile,MARATHON,1902,50,54,F,764,2025
3356,LAUREN ALVARES,,REDDING,04:50:05,04:42:43,10:47 min/mile,MARATHON,1903,25,141,F,765,2025
704,JOHN RICHTER,,OMAHA,04:42:55,04:42:44,10:47 min/mile,MARATHON,1904,27,150,M,1131,2025
3413,MARISSA KUHRAU,,SAN FRANCISCO,04:49:43,04:42:46,10:47 min/mile,MARATHON,1905,31,145,F,766,2025
3476,MICHAEL PITROFF,,WESTERVILLE,04:48:25,04:42:50,10:47 min/mile,MARATHON,1906,70,4,M,1132,2025
2374,DAVID FALVEY,,PORTLAND,04:49:10,04:42:51,10:47 min/mile,MARATHON,1907,30,194,M,1133,2025
2724,MARIE-PIERRE BURQUIER,,SAN FRANCISCO,04:49:01,04:42:57,10:47 min/mile,MARATHON,1908,30,146,F,767,2025
3619,DANIEL SALINETTI,,ASTORIA,04:49:02,04:42:58,10:48 min/mile,MARATHON,1909,43,184,M,1134,2025
3036,ANTHONY TRAN,,BEAVERTON,04:49:47,04:43:00,10:48 min/mile,MARATHON,1910,36,205,M,1135,2025
3614,MARIE CHASE,,TUCSON,04:49:55,04:43:04,10:48 min/mile,MARATHON,1911,31,147,F,768,2025
3085,CHRIS ACKERMANN,,MONMOUTH BCH,04:48:29,04:43:08,10:48 min/mile,MARATHON,1912,47,132,M,1136,2025
2530,GISELLE WARHUS,,DENVER,04:49:18,04:43:09,10:48 min/mile,MARATHON,1913,24,41,F,769,2025
3190,CLAIRE GALLAGHER,,DENVER,04:49:18,04:43:10,10:48 min/mile,MARATHON,1914,24,42,F,770,2025
1785,JONATHAN UNKART,,DEL MAR,04:45:04,04:43:10,10:48 min/mile,MARATHON,1915,41,185,M,1137,2025
3786,ROSE GALER,,DEL MAR,04:45:05,04:43:10,10:48 min/mile,MARATHON,1916,44,113,F,771,2025
3601,EMILY COLE,,MONTEREY,04:49:56,04:43:11,10:48 min/mile,MARATHON,1917,36,133,F,772,2025
3649,LYZET BUENO,,ZAPOPAN,04:50:28,04:43:12,10:48 min/mile,MARATHON,1918,42,114,F,773,2025
1373,JESSICA ANDERSON,,BROOKLINE,04:44:24,04:43:15,10:48 min/mile,MARATHON,1919,31,148,F,774,2025
2993,HANNA DONNING,,MARIEHAMN,04:49:26,04:43:16,10:48 min/mile,MARATHON,1920,30,149,F,775,2025
2822,ERIC DAVIS,,SAHUARITA,04:49:31,04:43:19,10:48 min/mile,MARATHON,1921,44,186,M,1138,2025
897,ANNE THORPE,,WILMINGTON,04:44:27,04:43:20,10:48 min/mile,MARATHON,1922,37,134,F,776,2025
4696,ABBY LUTZ,,BIRMINGHAM,04:53:51,04:43:22,10:48 min/mile,MARATHON,1923,25,142,F,777,2025
3681,AIMEE SHIRRELL,,CARMEL VALLEY,04:49:40,04:43:26,10:49 min/mile,MARATHON,1924,57,32,F,778,2025
4623,JUANA JESUS,,WILDOMAR,04:49:29,04:43:30,10:49 min/mile,MARATHON,1925,37,135,F,779,2025
3365,DAVID JACOBS,,AVON,04:53:39,04:43:31,10:49 min/mile,MARATHON,1926,64,45,M,1139,2025
3776,GALEN SCHMIDT,,SPARKS,04:50:30,04:43:32,10:49 min/mile,MARATHON,1927,34,195,M,1140,2025
2598,SARAH HANSEN,,DENVER,04:50:14,04:43:35,10:49 min/mile,MARATHON,1928,27,143,F,780,2025
3308,BETO TURCIOS,,LOS ANGELES,04:49:13,04:43:40,10:49 min/mile,MARATHON,1929,58,65,M,1141,2025
970,HAN LOW,,PROVIDENCE,04:44:50,04:43:40,10:49 min/mile,MARATHON,1930,55,66,M,1142,2025
2665,CAROL HOLOD,,EDMONTON,04:49:57,04:43:47,10:49 min/mile,MARATHON,1931,60,16,F,781,2025
1646,JEFF TRABAUDO,,HENRICO,04:50:27,04:43:48,10:49 min/mile,MARATHON,1932,55,67,M,1143,2025
2256,JOHN ANDERSON,,PADUCAH,04:50:30,04:43:53,10:50 min/mile,MARATHON,1933,50,90,M,1144,2025
3352,GARRETT DAHN,,VENICE,04:50:55,04:43:55,10:50 min/mile,MARATHON,1934,26,151,M,1145,2025
2425,JOSHUA DAHN,,CARMEL VALLEY,04:50:55,04:43:55,10:50 min/mile,MARATHON,1935,39,206,M,1146,2025
2922,CLAYTON HARDMAN,,SAN FRANCISCO,04:50:54,04:43:56,10:50 min/mile,MARATHON,1936,31,196,M,1147,2025
3061,ALENA SHERMAN,,LITTLETON,04:50:36,04:44:01,10:50 min/mile,MARATHON,1937,41,115,F,782,2025
2504,AN YU LO,,DUNWOODY,04:50:19,04:44:04,10:50 min/mile,MARATHON,1938,40,116,F,783,2025
4304,TIFFANY JOHNSON,,MONTEREY,04:54:22,04:44:06,10:50 min/mile,MARATHON,1939,47,88,F,784,2025
4116,CHELSEIGH NEWKERK,,DENVER,04:54:11,04:44:06,10:50 min/mile,MARATHON,1940,32,150,F,785,2025
966,DAVID CORPUS,,CORP CHRISTI,04:45:56,04:44:06,10:50 min/mile,MARATHON,1941,64,46,M,1148,2025
55,CANDICE PRESLASKI,,DENVER,04:54:11,04:44:07,10:50 min/mile,MARATHON,1942,40,117,F,786,2025
2271,DANIEL BORLEAN,,SCOTTS VALLEY,04:51:09,04:44:11,10:50 min/mile,MARATHON,1943,47,133,M,1149,2025
2877,NICK WEBER,,BOSTON,04:50:05,04:44:15,10:50 min/mile,MARATHON,1944,33,197,M,1150,2025
1679,DUC NGUYEN,,SAN FRANCISCO,04:46:05,04:44:15,10:50 min/mile,MARATHON,1945,46,134,M,1151,2025
464,BING WANG,,LAKE OSWEGO,04:44:38,04:44:15,10:50 min/mile,MARATHON,1946,55,68,M,1152,2025
2489,CHRIS REED,,SAN FRANCISCO,04:50:07,04:44:24,10:51 min/mile,MARATHON,1947,34,198,M,1153,2025
4492,CHANDRA SHAW,,BILLINGS,04:54:54,04:44:27,10:51 min/mile,MARATHON,1948,39,136,F,787,2025
2792,SERENA A SMITH,,LONG BEACH,04:50:11,04:44:28,10:51 min/mile,MARATHON,1949,24,43,F,788,2025
2301,TERESA CURTIN,,PORTLAND,04:51:00,04:44:29,10:51 min/mile,MARATHON,1950,65,4,F,789,2025
2406,NOEL CARRASCAL,,SAN FRANCISCO,04:52:03,04:44:31,10:51 min/mile,MARATHON,1951,52,91,M,1154,2025
1250,KARA SANSTROM,,ARLINGTON,04:45:03,04:44:33,10:51 min/mile,MARATHON,1952,27,144,F,790,2025
4269,XIAOQIN ZHANG,,WOODLAND,04:54:39,04:44:34,10:51 min/mile,MARATHON,1953,61,17,F,791,2025
1272,THIAGO CAVALCANTE,,BELO HORIZONTE,04:46:15,04:44:36,10:51 min/mile,MARATHON,1954,36,207,M,1155,2025
3107,ISAAC HENRY,,SALINAS,04:51:42,04:44:36,10:51 min/mile,MARATHON,1955,35,208,M,1156,2025
2545,DAN OBRIEN,,CARMEL,04:50:32,04:44:43,10:52 min/mile,MARATHON,1956,61,47,M,1157,2025
3757,CURT BREY,,MANITOWOC,04:51:34,04:44:47,10:52 min/mile,MARATHON,1957,45,135,M,1158,2025
1229,TYLER SCHMECKPEPER,,SAN FRANCISCO,04:45:35,04:44:49,10:52 min/mile,MARATHON,1958,31,199,M,1159,2025
2483,MELISSA WOLF,,AUSTIN,04:51:25,04:44:49,10:52 min/mile,MARATHON,1959,48,89,F,792,2025
4006,AMANDA BARLOW,,SOUTHPORT,04:55:02,04:44:50,10:52 min/mile,MARATHON,1960,65,5,F,793,2025
1577,KIELYN JARVIS,,CHICAGO,04:45:58,04:44:53,10:52 min/mile,MARATHON,1961,33,200,M,1160,2025
2355,CHAD LEWIS,,LAKEWOOD,04:51:56,04:44:54,10:52 min/mile,MARATHON,1962,48,136,M,1161,2025
3616,ALEXANDRA VENUTO,,OSSINING,04:51:07,04:44:54,10:52 min/mile,MARATHON,1963,32,151,F,794,2025
4620,CALEB MANTANONA,,EWA BEACH,04:55:33,04:44:55,10:52 min/mile,MARATHON,1964,24,49,M,1162,2025
3637,NAVID FILSOOF,,LAGUNA BEACH,04:50:17,04:44:56,10:52 min/mile,MARATHON,1965,45,137,M,1163,2025
2302,JESSICA PAPPAGIANOPOULOS,,CHARLOTTESVLE,04:50:28,04:44:56,10:52 min/mile,MARATHON,1966,31,152,F,795,2025
4110,GABRIELLE FINK,,WESLEY CHAPEL,04:51:23,04:44:57,10:52 min/mile,MARATHON,1967,44,118,F,796,2025
2948,MADY SCHREIBER,,PORTLAND,04:51:53,04:44:58,10:52 min/mile,MARATHON,1968,27,145,F,797,2025
2669,MICHELE PERKINS,,CRESTWOOD,04:52:03,04:44:59,10:52 min/mile,MARATHON,1969,47,90,F,798,2025
3237,CORY TAYLOR,,CORYDON,04:50:39,04:45:00,10:52 min/mile,MARATHON,1970,40,187,M,1164,2025
3088,BUKOLA AKINSANYA,,LOS ANGELES,04:51:41,04:45:01,10:52 min/mile,MARATHON,1971,42,119,F,799,2025
2971,ANNI MORRIS-SWANK,,NEW YORK,04:52:14,04:45:05,10:52 min/mile,MARATHON,1972,26,146,F,800,2025
3403,KATE CAO,,NEW YORK,04:52:13,04:45:05,10:52 min/mile,MARATHON,1973,24,44,F,801,2025
2966,TIMOTHY PARKER,,CHARLOTTE,04:52:04,04:45:08,10:52 min/mile,MARATHON,1974,63,48,M,1165,2025
4066,LINDSEY DAVIS,,SANTA MONICA,04:55:31,04:45:13,10:53 min/mile,MARATHON,1975,23,45,F,802,2025
1291,PEEYUSH RAI,,SARATOGA,04:45:13,04:45:13,10:53 min/mile,MARATHON,1976,54,92,M,1166,2025
2057,HARRISON FORRESTER,,EL PORTAL,04:55:36,04:45:15,10:53 min/mile,MARATHON,1977,41,188,M,1167,2025
2629,SIERRA SCHMITZ,,SAN FRANCISCO,04:51:54,04:45:18,10:53 min/mile,MARATHON,1978,28,147,F,803,2025
2408,ALEXANDRE BIKHAZI,,PACIFIC GROVE,04:51:17,04:45:20,10:53 min/mile,MARATHON,1979,41,189,M,1168,2025
1286,SHELLEY BROWN,,PARKER,04:46:51,04:45:23,10:53 min/mile,MARATHON,1980,45,91,F,804,2025
2892,MICHALA SMITH,,OVERLAND PARK,04:52:16,04:45:24,10:53 min/mile,MARATHON,1981,25,148,F,805,2025
3546,LINDSAY HOAGLAND,,HOUSTON,04:52:25,04:45:25,10:53 min/mile,MARATHON,1982,26,149,F,806,2025
2935,NINA ZOE PARKS-TAYLOR,,NEW YORK,04:52:07,04:45:30,10:53 min/mile,MARATHON,1983,66,6,F,807,2025
3259,JACOB HINGA,,CLIMAX,04:52:15,04:45:31,10:53 min/mile,MARATHON,1984,31,201,M,1169,2025
127,KAMERON MCCONNELL,,BETHLEHEM,04:45:47,04:45:39,10:54 min/mile,MARATHON,1985,30,202,M,1170,2025
3081,KIMBERLY GALLAGHER,,DAVIS,04:52:32,04:45:40,10:54 min/mile,MARATHON,1986,49,92,F,808,2025
2964,RACHEL PFEIFFER,,MADISON,04:52:30,04:45:45,10:54 min/mile,MARATHON,1987,40,120,F,809,2025
4483,LIMING ZHENG,,PALATINE,04:56:35,04:45:45,10:54 min/mile,MARATHON,1988,54,93,M,1171,2025
1726,CARLOS ROZENBAUM,,MEXICO,04:45:53,04:45:47,10:54 min/mile,MARATHON,1989,63,49,M,1172,2025
3378,TIMOTHY MARTIN,,CHARLOTTE,04:51:10,04:45:49,10:54 min/mile,MARATHON,1990,50,94,M,1173,2025
3418,MARY HERZOG,,SAN FRANCISCO,04:51:50,04:45:49,10:54 min/mile,MARATHON,1991,44,121,F,810,2025
227,RICHARD GEHRIG,,LAWRENCEVILLE,04:50:53,04:45:51,10:54 min/mile,MARATHON,1992,47,138,M,1174,2025
3008,INDIRA KOLLI,,PLANO,04:52:11,04:45:54,10:54 min/mile,MARATHON,1993,40,122,F,811,2025
2111,JEFFREY CHECK,,LONGMONT,04:47:59,04:45:57,10:54 min/mile,MARATHON,1994,37,209,M,1175,2025
1929,MARY CREWS,,LURAY,04:46:41,04:46:02,10:55 min/mile,MARATHON,1995,58,33,F,812,2025
2576,VADIM IVANOV,,SEASIDE,04:51:35,04:46:03,10:55 min/mile,MARATHON,1996,28,152,M,1176,2025
431,GEORGE DYER,,ROWVILLE,04:47:45,04:46:06,10:55 min/mile,MARATHON,1997,60,50,M,1177,2025
1457,JOSEPH ERICKSON,,KENT,04:46:57,04:46:12,10:55 min/mile,MARATHON,1998,41,190,M,1178,2025
919,RICHARD CHO,,CORONA,04:47:29,04:46:15,10:55 min/mile,MARATHON,1999,26,153,M,1179,2025
1618,KAYLEIGH PETERSON,,NEW YORK,04:56:34,04:46:16,10:55 min/mile,MARATHON,2000,25,150,F,813,2025
1138,ALICIA CALL,,PASO ROBLES,04:47:48,04:46:24,10:55 min/mile,MARATHON,2001,38,137,F,814,2025
3133,JOSEPH CHOI,,DELTA,04:53:53,04:46:27,10:55 min/mile,MARATHON,2002,36,210,M,1180,2025
3196,ALEJANDRO GIFFORDS,,HUIXQUILUCAN,04:47:00,04:46:31,10:56 min/mile,MARATHON,2003,64,51,M,1181,2025
3011,THOMAS WHITEMAN,,ROME,04:52:37,04:46:33,10:56 min/mile,MARATHON,2004,50,95,M,1182,2025
4159,ANDY ZHANG,,SAN FRANCISCO,04:56:44,04:46:41,10:56 min/mile,MARATHON,2005,26,154,M,1183,2025
3366,JOHN HOUSEMAN,,MONTEREY,04:53:04,04:46:43,10:56 min/mile,MARATHON,2006,55,69,M,1184,2025
1080,RICARDO WICKER,,GATINEAU,04:48:21,04:46:49,10:56 min/mile,MARATHON,2007,45,139,M,1185,2025
2757,PETE DE LA ROSA,,RIO RANCHO,04:53:53,04:46:53,10:56 min/mile,MARATHON,2008,58,70,M,1186,2025
3387,BRIAN DRURY,,BRENTWOOD,04:52:18,04:46:55,10:57 min/mile,MARATHON,2009,42,191,M,1187,2025
3195,SERGIO ORELLANA,,SANTIAGO,04:52:11,04:46:57,10:57 min/mile,MARATHON,2010,43,192,M,1188,2025
2622,MATT DEAL,,MONTEREY,04:53:50,04:47:03,10:57 min/mile,MARATHON,2011,33,203,M,1189,2025
971,NICHOLAS INGRAM,,LOS ANGELES,04:54:29,04:47:03,10:57 min/mile,MARATHON,2012,33,204,M,1190,2025
4182,MARIA BARBA,,LOS ANGELES,04:57:21,04:47:09,10:57 min/mile,MARATHON,2013,30,153,F,815,2025
3918,HUGH SHIELDS,,LOS ANGELES,04:53:18,04:47:09,10:57 min/mile,MARATHON,2014,21,50,M,1191,2025
278,ELLEN CLARK,,PHILADELPHIA,04:52:33,04:47:13,10:57 min/mile,MARATHON,2015,32,154,F,816,2025
2773,FRANCESCA JACKSON,,AMARILLO,04:53:30,04:47:15,10:57 min/mile,MARATHON,2016,29,151,F,817,2025
3463,BRETT CANADAY,,GULFPORT,04:52:24,04:47:16,10:57 min/mile,MARATHON,2017,52,96,M,1192,2025
3019,KRISHNA KOWNDINYA,,CHARLOTTE,04:54:16,04:47:26,10:58 min/mile,MARATHON,2018,51,97,M,1193,2025
110,JENNIE SACHS,,CENTENNIAL,04:47:59,04:47:26,10:58 min/mile,MARATHON,2019,41,123,F,818,2025
2889,CAMILLE FOWLES,,LOUISVILLE,04:53:36,04:47:29,10:58 min/mile,MARATHON,2020,51,55,F,819,2025
3241,SAMMY ALHUSSAIN,,TORRANCE,04:57:49,04:47:30,10:58 min/mile,MARATHON,2021,27,155,M,1194,2025
4310,ERIKA RYAN,,SAN FRANCISCO,04:57:44,04:47:33,10:58 min/mile,MARATHON,2022,33,155,F,820,2025
2781,SARA SHERWOOD,,FRESNO,04:54:16,04:47:34,10:58 min/mile,MARATHON,2023,40,124,F,821,2025
686,THOMAS SHERMAN,,BROOKLYN,04:49:30,04:47:35,10:58 min/mile,MARATHON,2024,36,211,M,1195,2025
2013,CHRISTOPHER BARWICK,,LAGUNA BEACH,04:54:41,04:47:35,10:58 min/mile,MARATHON,2025,31,205,M,1196,2025
3648,GERLEE URJIN,,RICHMOND,04:53:26,04:47:40,10:58 min/mile,MARATHON,2026,51,56,F,822,2025
3035,MEGHAN TILL,,DENVER,04:54:23,04:47:45,10:58 min/mile,MARATHON,2027,30,156,F,823,2025
3626,CYNTHIA SCHROEDER,,CARMEL,04:53:59,04:47:45,10:58 min/mile,MARATHON,2028,60,18,F,824,2025
2502,TESSA SOMERS,,SHIRLEY,04:54:52,04:47:45,10:58 min/mile,MARATHON,2029,42,125,F,825,2025
2956,SHERRY JOHNSON,,HOUSTON,04:57:56,04:47:46,10:59 min/mile,MARATHON,2030,57,34,F,826,2025
2597,YUSUN JUNG,,MONTEREY,04:55:02,04:47:49,10:59 min/mile,MARATHON,2031,57,35,F,827,2025
1651,ALEJANDRO GUTIERREZ,,SKOKIE,04:49:37,04:47:51,10:59 min/mile,MARATHON,2032,37,212,M,1197,2025
43,SEAN MARTIN,,KENILWORTH,04:48:09,04:47:56,10:59 min/mile,MARATHON,2033,62,52,M,1198,2025
376,T CHAMBERLAIN,,SHAWNEE,04:58:17,04:47:57,10:59 min/mile,MARATHON,2034,50,57,F,828,2025
381,MICHELLE OHARE,,LONDON,04:58:02,04:47:57,10:59 min/mile,MARATHON,2035,44,126,F,829,2025
1191,JOAQUIN BURMESTER,,BERKELEY,04:49:48,04:47:58,10:59 min/mile,MARATHON,2036,29,156,M,1199,2025
1426,LAUREN MCLAUGHLIN-KELLY,,VOORHEESVILLE,04:49:34,04:47:58,10:59 min/mile,MARATHON,2037,25,152,F,830,2025
343,DONALD HERON,,SARNIA,04:58:41,04:47:59,10:59 min/mile,MARATHON,2038,59,71,M,1200,2025
2680,MARCELLE BELANGER,,QUEBEC,04:54:15,04:48:01,10:59 min/mile,MARATHON,2039,62,19,F,831,2025
2077,TRENTON SOUTH,,FELTON,04:48:56,04:48:03,10:59 min/mile,MARATHON,2040,40,193,M,1201,2025
2591,BRAD BOWEN,,LAFAYETTE,04:55:37,04:48:05,10:59 min/mile,MARATHON,2041,53,98,M,1202,2025
2335,ABIGAIL BUNOSKY,,SAN DIEGO,04:54:50,04:48:09,10:59 min/mile,MARATHON,2042,36,138,F,832,2025
2942,POURISKA KIVANANY,,DALLAS,04:55:25,04:48:10,10:59 min/mile,MARATHON,2043,35,139,F,833,2025
3664,MISTY THOMPSON,,CORBIN,04:54:36,04:48:13,11:00 min/mile,MARATHON,2044,43,127,F,834,2025
4365,ANGELA BRYANT,,REDMOND,04:58:27,04:48:15,11:00 min/mile,MARATHON,2045,45,93,F,835,2025
337,ANKE HENDRIKS,,AMSTERDAM,04:58:24,04:48:15,11:00 min/mile,MARATHON,2046,39,140,F,836,2025
338,PATTY ROTTIER,,MAARN,04:58:25,04:48:15,11:00 min/mile,MARATHON,2047,43,128,F,837,2025
1210,EMILY WRIGHT,,SAN JOSE,04:49:51,04:48:15,11:00 min/mile,MARATHON,2048,37,141,F,838,2025
3050,LEOPOLD ARKO,,LAUDERDALE,04:54:32,04:48:18,11:00 min/mile,MARATHON,2049,42,194,M,1203,2025
3044,CAROLYN MONTANA,,CRANFORD,04:55:37,04:48:20,11:00 min/mile,MARATHON,2050,47,94,F,839,2025
3045,STEVE MONTANA,,CRANFORD,04:55:37,04:48:21,11:00 min/mile,MARATHON,2051,48,140,M,1204,2025
4267,MONICA WILKINSON,,LOUISVILLE,04:58:46,04:48:29,11:00 min/mile,MARATHON,2052,48,95,F,840,2025
2742,CHRISTINA SCHMITZER,,BOSTON,04:55:01,04:48:35,11:00 min/mile,MARATHON,2053,31,157,F,841,2025
2135,SATEESH LAKKARSU,,CUPERTINO,04:50:25,04:48:36,11:00 min/mile,MARATHON,2054,45,141,M,1205,2025
3367,JENNIFER SKUZA,,SAINT PAUL,04:54:05,04:48:37,11:00 min/mile,MARATHON,2055,58,36,F,842,2025
3109,CHARIS WHITNEY,,PHOENIX,04:55:30,04:48:38,11:00 min/mile,MARATHON,2056,42,129,F,843,2025
3023,FUMIYO WATANABE,,WAPPINGERS FL,04:56:03,04:48:38,11:00 min/mile,MARATHON,2057,42,130,F,844,2025
2687,KATY THIREY,,VACAVILLE,04:55:03,04:48:44,11:01 min/mile,MARATHON,2058,31,158,F,845,2025
1911,DALE LIGHTFOOT,,PRATTVILLE,04:55:26,04:48:45,11:01 min/mile,MARATHON,2059,54,99,M,1206,2025
699,KAITLYN OVERSTREET,,MURFREESBORO,04:55:27,04:48:45,11:01 min/mile,MARATHON,2060,30,159,F,846,2025
3203,TIAGO CLETO MACHADO,,LONDON,04:54:26,04:48:47,11:01 min/mile,MARATHON,2061,47,142,M,1207,2025
2762,JOOST DEMOES,,DUBLIN,04:54:13,04:48:47,11:01 min/mile,MARATHON,2062,31,206,M,1208,2025
3691,VINCENT DIGIROLAMO,,MONTEREY,04:54:56,04:48:48,11:01 min/mile,MARATHON,2063,70,5,M,1209,2025
2869,CHRISTINA DOERING,,SMITHVILLE,04:55:37,04:48:49,11:01 min/mile,MARATHON,2064,40,131,F,847,2025
2540,ELISABETH QUICK,,LA JOLLA,04:54:15,04:48:52,11:01 min/mile,MARATHON,2065,38,142,F,848,2025
3739,ASHLEY KAMES,,BROOKLYN,04:55:51,04:48:55,11:01 min/mile,MARATHON,2066,29,153,F,849,2025
680,EVAN CUMMINS,,MONTEREY,04:49:30,04:48:59,11:01 min/mile,MARATHON,2067,29,157,M,1210,2025
207,ANNE SMOLENSKI,,OAK HILLS,04:54:18,04:49:00,11:01 min/mile,MARATHON,2068,29,154,F,850,2025
2229,JAMES CLAUSELL,,ATLANTA,04:54:07,04:49:01,11:01 min/mile,MARATHON,2069,46,143,M,1211,2025
2220,GLENN REIS,,MONTEREY,04:53:04,04:49:01,11:01 min/mile,MARATHON,2070,75,2,M,1212,2025
3600,MARYKATE RIORDAN,,EAST BOSTON,04:54:19,04:49:02,11:01 min/mile,MARATHON,2071,28,155,F,851,2025
1174,ERIK MITCHELL,,SAN DIEGO,04:49:38,04:49:03,11:01 min/mile,MARATHON,2072,52,100,M,1213,2025
2286,CAMILLE BROWN,,HOLLADAY,04:54:37,04:49:05,11:02 min/mile,MARATHON,2073,31,160,F,852,2025
1836,MICHAEL DERKSEN,,MANTECA,04:55:12,04:49:07,11:02 min/mile,MARATHON,2074,57,72,M,1214,2025
2543,JEAN WEST,,REDMOND,04:56:14,04:49:08,11:02 min/mile,MARATHON,2075,55,37,F,853,2025
2704,JOSEPH VELOZ,,MARINA,04:55:14,04:49:10,11:02 min/mile,MARATHON,2076,23,51,M,1215,2025
2564,YLLKA SESERI,,NAPERVILLE,04:55:28,04:49:12,11:02 min/mile,MARATHON,2077,39,143,F,854,2025
2931,YE LIU,,ORINDA,04:55:06,04:49:12,11:02 min/mile,MARATHON,2078,59,38,F,855,2025
2546,KLAJDI SESERI,,NAPERVILLE,04:55:28,04:49:12,11:02 min/mile,MARATHON,2079,39,213,M,1216,2025
2488,MELODY ROSET,,PACIFIC PLSDS,04:56:03,04:49:14,11:02 min/mile,MARATHON,2080,58,39,F,856,2025
2008,KATHERINE SLADEWSKI,,MONTE SERENO,04:50:35,04:49:16,11:02 min/mile,MARATHON,2081,33,161,F,857,2025
4315,MATTHEW ROBERTS,,ATLANTA,04:59:28,04:49:19,11:02 min/mile,MARATHON,2082,30,207,M,1217,2025
2033,ANGELA GARCIA,,HOLLISTER,04:49:32,04:49:20,11:02 min/mile,MARATHON,2083,39,144,F,858,2025
1420,MATTHEW NEWMAN,,CARLSBAD,04:49:55,04:49:20,11:02 min/mile,MARATHON,2084,34,208,M,1218,2025
3186,ANNE CAMILLA DARLING,,LONDON,04:55:18,04:49:22,11:02 min/mile,MARATHON,2085,45,96,F,859,2025
591,NATALIE GOOLIK,,PHILADELPHIA,04:55:51,04:49:24,11:02 min/mile,MARATHON,2086,36,145,F,860,2025
3448,ALEXIS WAXWEILER,,DENVER,04:55:51,04:49:24,11:02 min/mile,MARATHON,2087,41,132,F,861,2025
2901,BRANDON STRUBLE,,FULLERTON,04:56:02,04:49:28,11:02 min/mile,MARATHON,2088,24,52,M,1219,2025
3379,KENDRA KETTELHUT,,SAN DIEGO,04:56:03,04:49:28,11:02 min/mile,MARATHON,2089,42,133,F,862,2025
1366,STEPHANIE LEWKO,,BETHESDA,04:50:03,04:49:29,11:02 min/mile,MARATHON,2090,43,134,F,863,2025
259,AIMEE HIRATA,,SEATTLE,04:54:48,04:49:33,11:03 min/mile,MARATHON,2091,51,58,F,864,2025
1970,CHRISTINE DELLA ROCCA,,HENDERSONVLLE,04:50:14,04:49:37,11:03 min/mile,MARATHON,2092,50,59,F,865,2025
336,NICOLE BONGERS,,MISSOULA,04:59:53,04:49:37,11:03 min/mile,MARATHON,2093,46,97,F,866,2025
125,JOE LATOURETTE,,SAN JOSE,04:55:50,04:49:39,11:03 min/mile,MARATHON,2094,43,195,M,1220,2025
2409,LAUREN COLLINS,,CARMEL VALLEY,04:56:34,04:49:39,11:03 min/mile,MARATHON,2095,47,98,F,867,2025
3778,NANCY PATEL,,SHORELINE,04:56:35,04:49:40,11:03 min/mile,MARATHON,2096,47,99,F,868,2025
1318,ANTONIO GUERRERO,,CHICAGO,04:49:58,04:49:41,11:03 min/mile,MARATHON,2097,41,196,M,1221,2025
2611,CYRUS KARSAN,,SANTA CRUZ,04:56:19,04:49:59,11:04 min/mile,MARATHON,2098,26,158,M,1222,2025
2840,GABE MORENO,,DIXON,04:57:34,04:50:00,11:04 min/mile,MARATHON,2099,50,101,M,1223,2025
3615,LAURA KOLENIC,,VALPARAISO,04:56:51,04:50:04,11:04 min/mile,MARATHON,2100,39,146,F,869,2025
3617,BENJAMIN DARLEY,,CONWAY,04:56:23,04:50:12,11:04 min/mile,MARATHON,2101,49,144,M,1224,2025
2203,WON SUK AN,,LOS ANGELES,04:55:39,04:50:15,11:04 min/mile,MARATHON,2102,65,7,F,870,2025
2217,SUSAN KIM,,JURUPA VALLEY,04:55:39,04:50:15,11:04 min/mile,MARATHON,2103,68,8,F,871,2025
2474,DAVE MATIAS,,RCH CUCAMONGA,04:57:30,04:50:16,11:04 min/mile,MARATHON,2104,47,145,M,1225,2025
1371,XIMENA POSADA,,SAN DIEGO,04:57:13,04:50:21,11:04 min/mile,MARATHON,2105,25,156,F,872,2025
3066,MEIYA CHANG,,NEW YORK,04:57:30,04:50:25,11:05 min/mile,MARATHON,2106,28,157,F,873,2025
1488,MICHAEL CATES,,REDDING,04:51:56,04:50:26,11:05 min/mile,MARATHON,2107,44,197,M,1226,2025
2238,DEBORAH SAAT,,NEW YORK,04:57:08,04:50:30,11:05 min/mile,MARATHON,2108,67,9,F,874,2025
3819,CHRISTOPHER DAMELIO,,PACIFIC GROVE,04:55:34,04:50:31,11:05 min/mile,MARATHON,2109,63,53,M,1227,2025
3349,BARRY HARRISON,,LAS VEGAS,04:57:05,04:50:33,11:05 min/mile,MARATHON,2110,69,17,M,1228,2025
3320,VINCE GERONIMO,,OAKLAND,04:57:19,04:50:33,11:05 min/mile,MARATHON,2111,55,73,M,1229,2025
1939,KIM IRONS,,HILLIARD,04:52:08,04:50:39,11:05 min/mile,MARATHON,2112,40,135,F,875,2025
1356,MIKE LOCKWOOD,,CHICAGO,04:51:12,04:50:41,11:05 min/mile,MARATHON,2113,42,198,M,1230,2025
150,TIM HUNTER,,BATESVILLE,04:52:34,04:50:46,11:05 min/mile,MARATHON,2114,57,74,M,1231,2025
3468,NOLAN LEE,,PALO ALTO,04:56:37,04:50:50,11:06 min/mile,MARATHON,2115,54,102,M,1232,2025
1069,ANSON WOOD,,ELKHART,04:52:58,04:50:58,11:06 min/mile,MARATHON,2116,48,146,M,1233,2025
3108,CHRISTOPHER FILAN,,SALINAS,04:57:40,04:51:02,11:06 min/mile,MARATHON,2117,41,199,M,1234,2025
1169,ROBERT BERETSKI,,TAMPA,04:52:18,04:51:03,11:06 min/mile,MARATHON,2118,51,103,M,1235,2025
4314,ALYSSA BONE,,ENTERPRISE,05:01:22,04:51:06,11:06 min/mile,MARATHON,2119,41,136,F,876,2025
2011,GILMAR PERUCH,,TARZANA,04:52:09,04:51:09,11:06 min/mile,MARATHON,2120,39,214,M,1236,2025
4297,ANNA SCHLECHTER,,AUSTIN,04:56:42,04:51:11,11:06 min/mile,MARATHON,2121,41,137,F,877,2025
2584,MARGHERITA CORIONI,,SAN JOSE,05:01:51,04:51:15,11:06 min/mile,MARATHON,2122,49,100,F,878,2025
4223,CHRISTINA PHAM,,MARINA,05:02:01,04:51:17,11:07 min/mile,MARATHON,2123,29,158,F,879,2025
2016,ANNIE NGUYEN,,PALO ALTO,04:58:02,04:51:18,11:07 min/mile,MARATHON,2124,25,159,F,880,2025
177,VICTORIA CHIU,,EDMONTON,04:56:37,04:51:20,11:07 min/mile,MARATHON,2125,27,0,N,4,2025
2770,LAUREN GRUENTHAL,,CHICAGO,04:58:00,04:51:23,11:07 min/mile,MARATHON,2126,27,160,F,881,2025
181,GERALDO BARBOSA,,RIO DE JANEIRO,04:58:00,04:51:23,11:07 min/mile,MARATHON,2127,70,6,M,1237,2025
3129,JESUS GOPAR,,SANTA ROSA,04:57:49,04:51:29,11:07 min/mile,MARATHON,2128,28,159,M,1238,2025
4361,JESSICA MCKENZIE,,BROOKLYN,05:01:46,04:51:31,11:07 min/mile,MARATHON,2129,35,147,F,882,2025
2874,JOHN PEREZ,,CARLSBAD,04:58:36,04:51:31,11:07 min/mile,MARATHON,2130,54,104,M,1239,2025
4201,ALAN CARRILLO,,SALINAS,05:02:07,04:51:33,11:07 min/mile,MARATHON,2131,35,215,M,1240,2025
4472,LAURA CLARKE,,PACIFIC GROVE,05:02:23,04:51:35,11:07 min/mile,MARATHON,2132,41,138,F,883,2025
4323,ALEXANDER BOGASKI,,MONTEREY,05:02:24,04:51:50,11:08 min/mile,MARATHON,2133,33,209,M,1241,2025
2771,SCOTT REYES,,COTO DE CAZA,04:59:27,04:51:55,11:08 min/mile,MARATHON,2134,35,216,M,1242,2025
1194,EMMA SENK,,MINEOLA,04:52:25,04:51:57,11:08 min/mile,MARATHON,2135,29,161,F,884,2025
4286,LEEANNE K WALKER,,DOBBINTON,05:02:13,04:52:02,11:08 min/mile,MARATHON,2136,66,10,F,885,2025
2765,JOHN ERICKSEN,,PATCHOGUE,04:57:46,04:52:03,11:08 min/mile,MARATHON,2137,59,75,M,1243,2025
14,MANNY RAMIREZ,,PALO ALTO,05:03:42,04:52:05,11:08 min/mile,MARATHON,2138,63,54,M,1244,2025
2072,SUE RAYMOND,,MIDVALE,04:53:17,04:52:08,11:09 min/mile,MARATHON,2139,58,40,F,886,2025
3642,JESSAMYN JONES,,MILL VALLEY,04:57:23,04:52:11,11:09 min/mile,MARATHON,2140,45,101,F,887,2025
141,MARC GORDON,,OMAHA,04:53:02,04:52:14,11:09 min/mile,MARATHON,2141,44,200,M,1245,2025
4122,ASHLEY HOGAN,,RICHMOND,05:02:24,04:52:19,11:09 min/mile,MARATHON,2142,29,162,F,888,2025
3211,DAVID RING,,CARMEL VALLEY,04:57:51,04:52:21,11:09 min/mile,MARATHON,2143,38,217,M,1246,2025
2707,KASEY CAMPBELL,,SEASIDE,04:59:31,04:52:24,11:09 min/mile,MARATHON,2144,36,218,M,1247,2025
3590,NATHANIEL MORRISON,,SEASIDE,04:59:30,04:52:24,11:09 min/mile,MARATHON,2145,34,210,M,1248,2025
3282,SARAH NEAS,,CASTLE ROCK,04:59:11,04:52:25,11:09 min/mile,MARATHON,2146,40,139,F,889,2025
599,THEJASWI GURUMURTHY,,WEST WINDSOR,04:54:19,04:52:30,11:09 min/mile,MARATHON,2147,50,105,M,1249,2025
4010,VICKI SCHMIDT,,NASHVILLE,05:02:36,04:52:31,11:09 min/mile,MARATHON,2148,63,20,F,890,2025
2906,SHELLEY WARREN,,TORONTO,04:59:03,04:52:39,11:10 min/mile,MARATHON,2149,50,60,F,891,2025
3083,THOMAS STREET,,ATLANTA,04:58:14,04:52:40,11:10 min/mile,MARATHON,2150,61,55,M,1250,2025
3064,AMANDA HOSCH,,URBANDALE,05:02:54,04:52:40,11:10 min/mile,MARATHON,2151,49,102,F,892,2025
3026,JOEY JARUSESKI,,LOMBARD,04:59:34,04:52:44,11:10 min/mile,MARATHON,2152,25,160,M,1251,2025
2503,LISA SHORT,,NEW BRAUNFELS,04:59:13,04:52:49,11:10 min/mile,MARATHON,2153,64,21,F,893,2025
1124,GREGORIO CRUZ BRIONES,,ST LOUIS PARK,04:54:35,04:52:51,11:10 min/mile,MARATHON,2154,57,76,M,1252,2025
245,MICHAEL MURPHY III,,SUMMERVILLE,04:58:07,04:52:53,11:10 min/mile,MARATHON,2155,54,106,M,1253,2025
2547,LAURA KNOPP,,PORTLAND,04:59:49,04:53:00,11:10 min/mile,MARATHON,2156,35,148,F,894,2025
815,KARL FLORIDA,,PACIFIC GROVE,05:03:20,04:53:00,11:10 min/mile,MARATHON,2157,23,53,M,1254,2025
4770,CAROLINE PILLERS,,PACIFIC GROVE,05:03:20,04:53:01,11:11 min/mile,MARATHON,2158,22,46,F,895,2025
4157,ALEX NELSON,,SIMI VALLEY,05:03:34,04:53:06,11:11 min/mile,MARATHON,2159,34,211,M,1255,2025
272,RACHEL BEARMAN,,CHAPEL HILL,04:58:35,04:53:10,11:11 min/mile,MARATHON,2160,54,61,F,896,2025
2879,ANGEL VALLADOLID,,BLOOMINGTON,04:59:09,04:53:11,11:11 min/mile,MARATHON,2161,50,107,M,1256,2025
2987,CLAIRE VALLADOLID,,BLOOMINGTON,04:59:10,04:53:13,11:11 min/mile,MARATHON,2162,49,103,F,897,2025
4538,REBECCA JUELL,,RENO,05:03:51,04:53:23,11:11 min/mile,MARATHON,2163,41,140,F,898,2025
378,KATIE PALMER,,ALVIN,04:58:40,04:53:27,11:12 min/mile,MARATHON,2164,39,149,F,899,2025
4077,BARBARA SPARSHOTT,,BAGSHOT,05:03:58,04:53:27,11:12 min/mile,MARATHON,2165,54,62,F,900,2025
2289,MADELEINE LEEK,,FLORENCE,05:04:04,04:53:30,11:12 min/mile,MARATHON,2166,28,163,F,901,2025
318,ANNELEEN DAEMEN,,BELMONT,04:58:47,04:53:31,11:12 min/mile,MARATHON,2167,41,141,F,902,2025
3013,ROBERT ULLMAN,,PACIFICA,04:59:53,04:53:31,11:12 min/mile,MARATHON,2168,52,108,M,1257,2025
4137,PAUL KRON,,JARRETTSVILLE,05:03:44,04:53:33,11:12 min/mile,MARATHON,2169,52,109,M,1258,2025
4602,KENDRA KOPCZENSKI,,OWINGS MILLS,05:03:44,04:53:35,11:12 min/mile,MARATHON,2170,49,104,F,903,2025
896,ANDREA ORTEGA,,MEXICO CITY,04:54:57,04:53:36,11:12 min/mile,MARATHON,2171,39,150,F,904,2025
2965,TOMMY WILLIAMS,,TULSA,04:59:02,04:53:36,11:12 min/mile,MARATHON,2172,48,147,M,1259,2025
3315,ELVIA TARANGO,,REDONDO BEACH,04:58:54,04:53:39,11:12 min/mile,MARATHON,2173,51,63,F,905,2025
4226,VICTOR OLIVEIRA,,SALINAS,05:04:04,04:53:40,11:12 min/mile,MARATHON,2174,25,161,M,1260,2025
3464,SRIDHAR SHASHIDHARAN,,SAN JOSE,04:59:36,04:53:43,11:12 min/mile,MARATHON,2175,41,201,M,1261,2025
2817,MOLLY HAWKS,,NEW YORK,05:00:50,04:53:47,11:12 min/mile,MARATHON,2176,29,164,F,906,2025
1369,JARED WOLFE,,SOUTH BEACH,04:55:30,04:53:50,11:12 min/mile,MARATHON,2177,28,162,M,1262,2025
2364,PIA NILSEN,,CARMEL VALLEY,05:00:57,04:53:50,11:12 min/mile,MARATHON,2178,32,162,F,907,2025
1464,PETER SONE,,LINCOLN,04:55:17,04:53:50,11:12 min/mile,MARATHON,2179,52,110,M,1263,2025
2473,NATHANIEL BANKER,,FISHERS,05:01:16,04:53:51,11:12 min/mile,MARATHON,2180,41,202,M,1264,2025
2487,JULIE BANKER,,FISHERS,05:01:17,04:53:51,11:12 min/mile,MARATHON,2181,40,142,F,908,2025
3245,NATE SANDHART,,SAN FRANCISCO,04:59:20,04:54:09,11:13 min/mile,MARATHON,2182,43,203,M,1265,2025
4232,KATHERINE MANN,,SAN FRANCISCO,05:04:36,04:54:09,11:13 min/mile,MARATHON,2183,28,165,F,909,2025
3842,SARA HAN,,WHITTIER,05:00:09,04:54:10,11:13 min/mile,MARATHON,2184,42,143,F,910,2025
3146,SYDNEY CAIN,,SEATTLE,04:59:50,04:54:15,11:13 min/mile,MARATHON,2185,73,2,F,911,2025
3251,JOHN NICHOLSON,,SAN DIEGO,05:01:48,04:54:17,11:13 min/mile,MARATHON,2186,34,212,M,1266,2025
763,CRISTIAN CASTILLO,,RLLNG HLS EST,05:04:35,04:54:18,11:13 min/mile,MARATHON,2187,26,163,M,1267,2025
1678,DEO PAGARAGAN,,NEW YORK,04:55:41,04:54:20,11:14 min/mile,MARATHON,2188,39,219,M,1268,2025
3114,JOHN TROTT,,VENICE,05:01:30,04:54:23,11:14 min/mile,MARATHON,2189,57,77,M,1269,2025
576,CLAUDIA SCHRATZLSEER,,MUNICH,04:54:48,04:54:24,11:14 min/mile,MARATHON,2190,61,22,F,912,2025
1424,LANE BARRY,,MONTGOMERY,04:55:29,04:54:25,11:14 min/mile,MARATHON,2191,23,47,F,913,2025
3307,JEFFERY POWERS,,PORTLAND,04:59:33,04:54:26,11:14 min/mile,MARATHON,2192,37,220,M,1270,2025
3082,WHIP URBINE,,JAMESTOWN,05:01:10,04:54:27,11:14 min/mile,MARATHON,2193,54,111,M,1271,2025
4471,ARACELI SALAZAR,,SALINAS,05:04:44,04:54:27,11:14 min/mile,MARATHON,2194,32,163,F,914,2025
2678,LEA REDD,,CHICAGO,05:01:41,04:54:28,11:14 min/mile,MARATHON,2195,38,151,F,915,2025
4445,SARAH SALGADO,,SAN GABRIEL,05:04:55,04:54:31,11:14 min/mile,MARATHON,2196,26,166,F,916,2025
293,JACOB CASTANEDA,,NEW YORK,04:59:42,04:54:32,11:14 min/mile,MARATHON,2197,34,213,M,1272,2025
2310,BAYLEE SEIPEL,,DENVER,05:00:58,04:54:35,11:14 min/mile,MARATHON,2198,29,167,F,917,2025
3696,SARAH BERTHIAUME,,TEMPE,05:01:50,04:54:36,11:14 min/mile,MARATHON,2199,55,41,F,918,2025
3089,CARLY BROOKS,,GRAND RAPIDS,05:00:56,04:54:36,11:14 min/mile,MARATHON,2200,26,168,F,919,2025
2228,SANDRA POLSINELLI,,SHERWOOD,05:02:00,04:54:47,11:15 min/mile,MARATHON,2201,45,105,F,920,2025
1680,JOE COLLIER,,NORTH LIBERTY,05:00:55,04:54:50,11:15 min/mile,MARATHON,2202,40,204,M,1273,2025
2525,SHELLY HARRIS,,RALEIGH,05:00:49,04:54:50,11:15 min/mile,MARATHON,2203,58,42,F,921,2025
2439,PETE GRAY,,SALINAS,05:01:06,04:54:51,11:15 min/mile,MARATHON,2204,64,56,M,1274,2025
3201,MARÍA RODRIGUEZ LOPEZ,,CUAUHTEMOC,05:01:37,04:54:53,11:15 min/mile,MARATHON,2205,34,164,F,922,2025
2913,YINUO ZHEN,,NEW YORK,05:00:26,04:54:59,11:15 min/mile,MARATHON,2206,23,48,F,923,2025
4230,KELLY TANGEN,,ODESSA,05:05:05,04:55:03,11:15 min/mile,MARATHON,2207,45,106,F,924,2025
2351,PAIGE KNUDSEN,,SAN JOSE,05:02:22,04:55:12,11:16 min/mile,MARATHON,2208,23,0,N,5,2025
3053,PATTY ESCOBAR,,PLEASANT HILL,05:02:22,04:55:15,11:16 min/mile,MARATHON,2209,46,107,F,925,2025
261,JONATHAN KISSANE,,OAK PARK,05:00:55,04:55:19,11:16 min/mile,MARATHON,2210,41,205,M,1275,2025
4134,SARAH COCHERELL,,DAVIS,05:06:15,04:55:25,11:16 min/mile,MARATHON,2211,45,108,F,926,2025
2304,EMILIA HAMILTON,,GREENBRIER,05:06:16,04:55:25,11:16 min/mile,MARATHON,2212,30,0,N,6,2025
234,CRISTY CANEPA,,AUSTIN,05:00:29,04:55:36,11:16 min/mile,MARATHON,2213,46,109,F,927,2025
2736,ANDREW VOGEL,,S PASADENA,05:02:53,04:55:39,11:17 min/mile,MARATHON,2214,54,112,M,1276,2025
3119,JIM MOONEY,,MARIETTA,05:03:00,04:55:39,11:17 min/mile,MARATHON,2215,42,206,M,1277,2025
2119,NATALIE DOWD,,BIRMINGHAM,04:56:39,04:55:41,11:17 min/mile,MARATHON,2216,23,49,F,928,2025
4292,FERNANDA JACOBS,,AVON,05:05:51,04:55:42,11:17 min/mile,MARATHON,2217,57,43,F,929,2025
2222,TAMARA (TAMMY) WALSH,,PLANO,05:03:01,04:55:48,11:17 min/mile,MARATHON,2218,62,23,F,930,2025
1178,ANNE LANGGUTH,,HINSDALE,04:57:41,04:55:52,11:17 min/mile,MARATHON,2219,38,152,F,931,2025
4366,SPENCER BAKALAR,,LOS ANGELES,05:06:33,04:55:56,11:17 min/mile,MARATHON,2220,34,165,F,932,2025
296,BRIAN FEIST,,MOUNTAIN TOP,05:01:24,04:56:00,11:17 min/mile,MARATHON,2221,47,148,M,1278,2025
4640,JESSICA RESOR,,COVINGTON,05:06:10,04:56:04,11:18 min/mile,MARATHON,2222,30,166,F,933,2025
2785,LEXIE MARTINEZ,,SLEEPY HOLLOW,05:02:55,04:56:06,11:18 min/mile,MARATHON,2223,28,169,F,934,2025
2496,SARAH JOHNSON,,ATHENS,05:02:04,04:56:06,11:18 min/mile,MARATHON,2224,42,144,F,935,2025
2605,LAURENCE CARR,,SAN JOSE,05:01:56,04:56:07,11:18 min/mile,MARATHON,2225,28,164,M,1279,2025
2369,RACHEL HARMON,,W BLOOMFIELD,05:03:10,04:56:08,11:18 min/mile,MARATHON,2226,42,145,F,936,2025
904,ANDREW WILSON,,SKOKIE,04:57:29,04:56:11,11:18 min/mile,MARATHON,2227,51,113,M,1280,2025
2807,BO BAYER,,SPARKS,05:03:08,04:56:13,11:18 min/mile,MARATHON,2228,41,146,F,937,2025
2916,ALFREDO VASQUEZ,,DELHI,05:03:21,04:56:15,11:18 min/mile,MARATHON,2229,28,165,M,1281,2025
3632,CECILIA ROMERO,,SALINAS,05:03:13,04:56:16,11:18 min/mile,MARATHON,2230,41,147,F,938,2025
2361,MADELYN LAWYER,,WARRENTON,05:03:17,04:56:21,11:18 min/mile,MARATHON,2231,37,0,X,0,2025
308,KAMERON KROH,,ROCHESTER,05:03:09,04:56:22,11:18 min/mile,MARATHON,2232,27,170,F,939,2025
219,AMANDA NEVE,,ROCHESTER,05:03:10,04:56:22,11:18 min/mile,MARATHON,2233,31,167,F,940,2025
3753,NATHALIA HOLT,,PACIFIC GROVE,05:02:26,04:56:23,11:18 min/mile,MARATHON,2234,44,148,F,941,2025
3752,BRITTANY BRUBAKER,,PACIFIC GROVE,05:02:26,04:56:23,11:18 min/mile,MARATHON,2235,44,149,F,942,2025
4236,CASSI WORKMAN,,HGHLNDS RANCH,05:06:58,04:56:24,11:18 min/mile,MARATHON,2236,44,150,F,943,2025
322,LIVIA LISBOA,,CHICAGO,05:01:42,04:56:30,11:19 min/mile,MARATHON,2237,34,168,F,944,2025
1916,YAHYA SAAD,,MOUNTAIN VIEW,04:58:19,04:56:31,11:19 min/mile,MARATHON,2238,29,166,M,1282,2025
1246,BRYAN AGUILAR,,TACOMA,04:57:24,04:56:35,11:19 min/mile,MARATHON,2239,37,221,M,1283,2025
4271,KARA OWENS,,GLENVIEW,05:07:06,04:56:38,11:19 min/mile,MARATHON,2240,40,151,F,945,2025
2528,EMMA WOOD,,PORTLAND,05:03:33,04:56:42,11:19 min/mile,MARATHON,2241,33,169,F,946,2025
269,JANINE BIJSTERBOSCH,,SAINT LOUIS,05:03:33,04:56:43,11:19 min/mile,MARATHON,2242,40,152,F,947,2025
270,MAARTEN VOOIJS,,SAINT LOUIS,05:03:33,04:56:44,11:19 min/mile,MARATHON,2243,42,207,M,1284,2025
1086,RICARDO LOPEZ REYNA,,TIJUANA,05:03:20,04:56:45,11:19 min/mile,MARATHON,2244,43,208,M,1285,2025
4169,DAVID HOSLER,,ARMADA,05:07:06,04:56:46,11:19 min/mile,MARATHON,2245,62,57,M,1286,2025
2561,DONNELLY CARROLL,,CHICAGO,05:02:24,04:56:46,11:19 min/mile,MARATHON,2246,31,170,F,948,2025
1095,MIKE GRIFFIN,,E PALO ALTO,04:58:11,04:56:50,11:19 min/mile,MARATHON,2247,32,214,M,1287,2025
2327,NATE LOW,,STANFORD,05:03:18,04:56:53,11:19 min/mile,MARATHON,2248,28,167,M,1288,2025
4278,ELLEANOR TOW,,SAN FRANCISCO,05:07:05,04:56:53,11:19 min/mile,MARATHON,2249,24,50,F,949,2025
3633,KATE ABAZIS,,CTR MORICHES,05:04:07,04:56:54,11:19 min/mile,MARATHON,2250,31,171,F,950,2025
3829,KELLY KLOPPE,,ORLANDO,05:03:13,04:56:55,11:19 min/mile,MARATHON,2251,35,153,F,951,2025
4477,KYLIE CHRISTENSEN,,PACIFIC GROVE,05:07:00,04:56:57,11:20 min/mile,MARATHON,2252,29,171,F,952,2025
2883,WENDY VIETH,,LIBERTYVILLE,05:04:15,04:56:59,11:20 min/mile,MARATHON,2253,60,24,F,953,2025
271,ROSIE ALVARES,,APTOS,05:02:22,04:57:03,11:20 min/mile,MARATHON,2254,59,44,F,954,2025
2207,ANDREW WEYL,,ELKIN,05:02:21,04:57:04,11:20 min/mile,MARATHON,2255,55,78,M,1289,2025
302,CRAIG LEEN,,WASHINGTON,05:02:12,04:57:06,11:20 min/mile,MARATHON,2256,50,114,M,1290,2025
2538,REAGAN JACKMAN,,LEHI,05:03:15,04:57:11,11:20 min/mile,MARATHON,2257,41,153,F,955,2025
2415,FIKRETE ARDOLIC,,STATEN ISLAND,05:04:05,04:57:12,11:20 min/mile,MARATHON,2258,41,154,F,956,2025
1482,MANISHA BHATT,,POWELL,04:59:02,04:57:18,11:20 min/mile,MARATHON,2259,47,110,F,957,2025
4577,HEATHER ROWE,,FELTON,05:07:41,04:57:24,11:21 min/mile,MARATHON,2260,44,155,F,958,2025
97,REMI PHILIPPE,,LOS GATOS,04:57:55,04:57:25,11:21 min/mile,MARATHON,2261,41,209,M,1291,2025
2992,STEPHANIE BRISTOW,,TORONTO,05:04:17,04:57:32,11:21 min/mile,MARATHON,2262,34,172,F,959,2025
2107,KARL STUDTMANN,,JACKSON,04:58:40,04:57:34,11:21 min/mile,MARATHON,2263,62,58,M,1292,2025
915,LESLIE STUDTMANN,,JACKSON,04:58:41,04:57:34,11:21 min/mile,MARATHON,2264,41,156,F,960,2025
1365,LEILEI SECOR,,SAN FRANCISCO,05:04:38,04:57:34,11:21 min/mile,MARATHON,2265,29,172,F,961,2025
2682,ASHLEY MUCHA,,GARFIELD,05:04:36,04:57:37,11:21 min/mile,MARATHON,2266,37,154,F,962,2025
3172,DAVIS FARMER,,BUFORD,05:03:07,04:57:39,11:21 min/mile,MARATHON,2267,24,54,M,1293,2025
2379,PATRICK CHU,,ALBUQUERQUE,05:03:30,04:57:42,11:21 min/mile,MARATHON,2268,54,115,M,1294,2025
2388,RYAN THOMPSON,,SANTA CRUZ,05:05:16,04:57:46,11:21 min/mile,MARATHON,2269,37,222,M,1295,2025
3538,EDGAR QUINONES,,IMPERIAL,05:04:38,04:57:46,11:21 min/mile,MARATHON,2270,48,149,M,1296,2025
2898,DEEPAK RAMAMURTHY,,SAN FRANCISCO,05:08:25,04:57:50,11:22 min/mile,MARATHON,2271,36,223,M,1297,2025
1060,EDWARD PECK,,WADSWORTH,04:59:38,04:57:53,11:22 min/mile,MARATHON,2272,43,210,M,1298,2025
3325,KRISTINA REISWIG,,WOODLAND,04:59:32,04:57:57,11:22 min/mile,MARATHON,2273,35,155,F,963,2025
3012,MONICA ZERBIB,,AVENTURA,05:02:12,04:57:59,11:22 min/mile,MARATHON,2274,53,64,F,964,2025
2823,ELIZABETH JONES,,LEWIS CENTER,05:04:22,04:57:59,11:22 min/mile,MARATHON,2275,34,173,F,965,2025
2954,RYAN AGENA,,RCH CUCAMONGA,05:04:09,04:58:03,11:22 min/mile,MARATHON,2276,47,150,M,1299,2025
3782,JESSICA KHUU,,SEATTLE,05:05:01,04:58:04,11:22 min/mile,MARATHON,2277,32,174,F,966,2025
2440,KELLY ANN SZYCHOWSKI,,SARASOTA,05:04:52,04:58:14,11:22 min/mile,MARATHON,2278,39,156,F,967,2025
3511,GLADYS BECERRA,,DREXEL HILL,05:04:58,04:58:20,11:23 min/mile,MARATHON,2279,50,65,F,968,2025
2751,JAKI CHIANGO,,LANSDALE,05:04:58,04:58:21,11:23 min/mile,MARATHON,2280,51,66,F,969,2025
1064,SRIDHAR UPPERLA,,ALLEN,04:59:37,04:58:25,11:23 min/mile,MARATHON,2281,52,116,M,1300,2025
2975,OLGA NEZHELSKA,,LIVERMORE,05:05:10,04:58:26,11:23 min/mile,MARATHON,2282,36,157,F,970,2025
694,COURTNEY SUGAR,,AUSTIN,04:58:43,04:58:33,11:23 min/mile,MARATHON,2283,36,158,F,971,2025
3437,JEREMY SWENSON,,SAN FRANCISCO,05:06:05,04:58:38,11:23 min/mile,MARATHON,2284,36,224,M,1301,2025
3585,IVAN LAMBOO,,BIG SUR,05:04:05,04:58:39,11:23 min/mile,MARATHON,2285,26,168,M,1302,2025
2925,HAILEY LEACH,,ROSEVILLE,05:05:21,04:58:45,11:24 min/mile,MARATHON,2286,27,173,F,972,2025
2902,ADAM BRATTON,,HUNTERSVILLE,05:04:42,04:58:46,11:24 min/mile,MARATHON,2287,42,211,M,1303,2025
163,P THORNTON,,WASHINGTON,05:04:09,04:58:56,11:24 min/mile,MARATHON,2288,39,225,M,1304,2025
298,COURTNEY WEISMAN,,WASHINGTON,05:04:09,04:58:56,11:24 min/mile,MARATHON,2289,36,159,F,973,2025
3455,JOANNA L GROSSMAN,,DALLAS,05:05:07,04:58:57,11:24 min/mile,MARATHON,2290,56,45,F,974,2025
2305,RICHARD CASSIDY,,SHADY SIDE,05:05:32,04:58:58,11:24 min/mile,MARATHON,2291,36,226,M,1305,2025
2306,MEAGAN CASSIDY,,SHADY SIDE,05:05:33,04:58:59,11:24 min/mile,MARATHON,2292,33,175,F,975,2025
4574,RAMON PEREZ,,HIGHLAND,05:09:43,04:59:02,11:24 min/mile,MARATHON,2293,37,227,M,1306,2025
2574,DAN RIPKE,,PACIFIC GROVE,05:06:31,04:59:03,11:24 min/mile,MARATHON,2294,58,79,M,1307,2025
3111,THERESA NGUYEN,,GARDEN GROVE,05:04:12,04:59:04,11:24 min/mile,MARATHON,2295,39,160,F,976,2025
2022,HEIDI ROBEL,,YAKIMA,05:00:26,04:59:05,11:24 min/mile,MARATHON,2296,47,111,F,977,2025
2345,CARTER EDWARDS,,CHARLESTON,05:06:10,04:59:05,11:24 min/mile,MARATHON,2297,27,174,F,978,2025
195,SCOTT BROWN,,PORTLAND,05:04:23,04:59:10,11:25 min/mile,MARATHON,2298,48,151,M,1308,2025
4293,SIMON LI,,PLANO,05:09:13,04:59:10,11:25 min/mile,MARATHON,2299,41,212,M,1309,2025
2270,REEMA MOUSSA,,BROOKLYN,05:04:23,04:59:11,11:25 min/mile,MARATHON,2300,26,175,F,979,2025
2484,MARIANNE DENSTAD,,LILLESAND,05:05:28,04:59:13,11:25 min/mile,MARATHON,2301,53,67,F,980,2025
358,FRANKIE VASQUEZ,,SEATTLE,05:09:26,04:59:15,11:25 min/mile,MARATHON,2302,29,176,F,981,2025
3272,RHONDA CARONE,,SAINT CHARLES,05:05:16,04:59:15,11:25 min/mile,MARATHON,2303,57,46,F,982,2025
4171,ELISABETH RET,,AUSTIN,05:09:29,04:59:19,11:25 min/mile,MARATHON,2304,46,112,F,983,2025
4312,SHEA CHENEY,,SAVANNAH,05:09:23,04:59:20,11:25 min/mile,MARATHON,2305,39,161,F,984,2025
1052,MICHAEL KENNEDY,,HOOKSETT,05:00:40,04:59:23,11:25 min/mile,MARATHON,2306,42,213,M,1310,2025
1321,LOGAN FETZNER,,KNOXVILLE,05:00:25,04:59:25,11:25 min/mile,MARATHON,2307,29,169,M,1311,2025
3477,NEEMA JHA,,CHICAGO,05:06:15,04:59:27,11:25 min/mile,MARATHON,2308,45,113,F,985,2025
3056,JOSEPH WINWOOD,,PLANO,05:06:39,04:59:28,11:25 min/mile,MARATHON,2309,38,228,M,1312,2025
3360,NEVILLE WOOD,,EAST GOSFORD,05:05:07,04:59:28,11:25 min/mile,MARATHON,2310,54,117,M,1313,2025
2720,DIANA WHITNEY,,DENVER,04:59:28,04:59:28,11:25 min/mile,MARATHON,2311,38,162,F,986,2025
3453,FRANK POLANSKY,,PALO ALTO,05:04:41,04:59:35,11:26 min/mile,MARATHON,2312,72,7,M,1314,2025
4234,ESTIVALY MORENO,,SAN FRANCISCO,05:10:03,04:59:37,11:26 min/mile,MARATHON,2313,31,176,F,987,2025
4748,PING CHANG,,CAMBRIDGE,05:00:29,04:59:39,11:26 min/mile,MARATHON,2314,34,177,F,988,2025
255,MATTHEW RENKE,,PASO ROBLES,05:05:48,04:59:44,11:26 min/mile,MARATHON,2315,34,215,M,1315,2025
3299,ALYSSA COGEN,,BETHESDA,05:06:07,04:59:47,11:26 min/mile,MARATHON,2316,33,178,F,989,2025
3106,VALENE ZOGORSKI,,COLLEGEVILLE,05:07:15,04:59:48,11:26 min/mile,MARATHON,2317,44,157,F,990,2025
4489,CRYSTAL LUO,,SEATTLE,05:09:53,04:59:48,11:26 min/mile,MARATHON,2318,27,177,F,991,2025
4065,KELSIE STROUD,,PLEASANT GRV,05:10:21,04:59:50,11:26 min/mile,MARATHON,2319,33,179,F,992,2025
2657,JOHN AUSMAN,,WATSONVILLE,05:07:01,04:59:51,11:26 min/mile,MARATHON,2320,37,229,M,1316,2025
1155,ANDREW HOLGUIN,,PARAMOUNT,05:01:04,04:59:51,11:26 min/mile,MARATHON,2321,35,230,M,1317,2025
4506,VERONICA FOREMAN,,HUNTINGTN BCH,05:10:36,04:59:53,11:26 min/mile,MARATHON,2322,32,180,F,993,2025
3149,CLAIRE KOPP,,NEW BERN,05:05:29,04:59:54,11:26 min/mile,MARATHON,2323,39,163,F,994,2025
3154,RODRIGO AGUIRRE,,MONTEREY,05:05:29,04:59:55,11:26 min/mile,MARATHON,2324,38,231,M,1318,2025
2358,ELIANA HOLLINGER,,MORRO BAY,05:06:48,05:00:05,11:27 min/mile,MARATHON,2325,26,178,F,995,2025
2359,ALEXA TRUJILLO,,CASTAIC,05:06:49,05:00:06,11:27 min/mile,MARATHON,2326,25,179,F,996,2025
3818,ELISSA SHANNON,,MACUNGIE,05:06:05,05:00:07,11:27 min/mile,MARATHON,2327,42,158,F,997,2025
522,WILLIAM FIELDS,,LEXINGTON,05:00:10,05:00:09,11:27 min/mile,MARATHON,2328,58,80,M,1319,2025
2953,BRIAN FUNO,,GARDENA,05:07:35,05:00:11,11:27 min/mile,MARATHON,2329,38,232,M,1320,2025
2689,NABIHA NURUZZAMAN,,OAKLAND,05:05:53,05:00:12,11:27 min/mile,MARATHON,2330,33,181,F,998,2025
3741,GEORGE LAI,,PALO ALTO,05:06:02,05:00:15,11:27 min/mile,MARATHON,2331,54,118,M,1321,2025
1364,MICHAEL SCHERMANN,,RENO,05:00:28,05:00:19,11:27 min/mile,MARATHON,2332,46,152,M,1322,2025
185,KATHERINE MARSANO,,LOS ANGELES,05:05:30,05:00:19,11:27 min/mile,MARATHON,2333,58,47,F,999,2025
2551,PATRICK KUBASEK,,SACRAMENTO,05:05:50,05:00:22,11:27 min/mile,MARATHON,2334,40,214,M,1323,2025
713,ELIZABETH GARDINER,,CONCORD,05:06:33,05:00:24,11:27 min/mile,MARATHON,2335,20,51,F,1000,2025
3164,GABRIELLE STIDGER,,JACKSON,05:07:29,05:00:31,11:28 min/mile,MARATHON,2336,45,114,F,1001,2025
2909,ELIZABETH BONIN-GUZMAN,,CANYON CNTRY,05:07:38,05:00:32,11:28 min/mile,MARATHON,2337,57,48,F,1002,2025
4070,TIFFANY MULYANTO,,GLENDALE,05:10:39,05:00:33,11:28 min/mile,MARATHON,2338,33,182,F,1003,2025
371,DAKOTA COUNTS,,CAVE SPRINGS,05:10:50,05:00:45,11:28 min/mile,MARATHON,2339,31,183,F,1004,2025
4612,SUSAN GOODY,,MADISON,05:11:23,05:00:50,11:28 min/mile,MARATHON,2340,48,115,F,1005,2025
740,NATHAN CHAN,,BELMONT,05:02:39,05:00:52,11:29 min/mile,MARATHON,2341,25,170,M,1324,2025
2610,KEATON BRENNEMAN,,MONTEREY,05:08:02,05:00:53,11:29 min/mile,MARATHON,2342,31,216,M,1325,2025
4654,ANTHONY AUSTIN,,PACIFIC GROVE,05:11:34,05:00:55,11:29 min/mile,MARATHON,2343,36,233,M,1326,2025
2936,BRIAN SCHIFFLI,,COLORADO SPGS,05:07:34,05:00:56,11:29 min/mile,MARATHON,2344,37,234,M,1327,2025
2741,DEBORAH GERTNER,,LONGMONT,05:07:32,05:01:03,11:29 min/mile,MARATHON,2345,39,164,F,1006,2025
3544,EMILY MOTOLA,,MATAWAN,05:07:29,05:01:03,11:29 min/mile,MARATHON,2346,32,184,F,1007,2025
2934,TIFFANY KING,,LAKE OSWEGO,05:07:28,05:01:07,11:29 min/mile,MARATHON,2347,46,116,F,1008,2025
3860,ANKUR AGRAWAL,,SCARSDALE,05:06:31,05:01:07,11:29 min/mile,MARATHON,2348,53,119,M,1328,2025
4095,KATHLEEN BROWN,,EUGENE,05:11:42,05:01:09,11:29 min/mile,MARATHON,2349,55,49,F,1009,2025
1727,RYAN FUJII,,SALINAS,05:01:42,05:01:10,11:29 min/mile,MARATHON,2350,29,171,M,1329,2025
711,KATHRIN SIDELL,,SCOTTS VALLEY,05:02:07,05:01:12,11:29 min/mile,MARATHON,2351,54,68,F,1010,2025
3703,GEN CRISOSTOMO,,CULVER CITY,05:06:44,05:01:27,11:30 min/mile,MARATHON,2352,50,69,F,1011,2025
3485,RONWALDO VUELBA,,CULVER CITY,05:06:44,05:01:28,11:30 min/mile,MARATHON,2353,29,172,M,1330,2025
1978,ERIC TAMANIS,,TURTON,05:02:52,05:01:30,11:30 min/mile,MARATHON,2354,55,81,M,1331,2025
3240,LETICIA CASTILLERO,,SAN LUIS POTOSÍ,05:11:54,05:01:31,11:30 min/mile,MARATHON,2355,41,159,F,1012,2025
1392,MEAGAN BRAUN,,OAKLAND,05:02:22,05:01:32,11:30 min/mile,MARATHON,2356,34,185,F,1013,2025
4697,DEBORAH POSLET,,ROSEVILLE,05:11:43,05:01:34,11:30 min/mile,MARATHON,2357,35,165,F,1014,2025
2820,JON RECANA,,LIBERTYVILLE,05:07:37,05:01:35,11:30 min/mile,MARATHON,2358,54,120,M,1332,2025
723,LAURA ALLEM,,PINE,05:06:58,05:01:36,11:30 min/mile,MARATHON,2359,48,117,F,1015,2025
4128,ANA LAURA PERNAS,,ZURICH,05:12:06,05:01:44,11:30 min/mile,MARATHON,2360,42,160,F,1016,2025
244,KARYN RYAN,,GAITHERSBURG,05:07:04,05:01:49,11:31 min/mile,MARATHON,2361,54,70,F,1017,2025
2932,NICOLE THUR,,BROOKLYN,05:07:55,05:01:56,11:31 min/mile,MARATHON,2362,36,166,F,1018,2025
3142,SANDRINE PIRARD,,RCH CUCAMONGA,05:08:47,05:02:02,11:31 min/mile,MARATHON,2363,49,118,F,1019,2025
2990,TIFFANY GIN,,MONTEREY PARK,05:09:32,05:02:05,11:31 min/mile,MARATHON,2364,41,161,F,1020,2025
3850,MELISSA CANATA,,LANESBOROUGH,05:09:30,05:02:14,11:32 min/mile,MARATHON,2365,53,71,F,1021,2025
3845,CHRISTINE ARACE,,PITTSFIELD,05:09:30,05:02:15,11:32 min/mile,MARATHON,2366,52,72,F,1022,2025
4042,MADISON MACKEY,,NAPA,05:12:29,05:02:15,11:32 min/mile,MARATHON,2367,28,180,F,1023,2025
2427,BEN RENEKER,,CARMEL VALLEY,05:07:41,05:02:21,11:32 min/mile,MARATHON,2368,48,153,M,1333,2025
2380,KARI WHITE,,LOS ANGELES,05:09:39,05:02:27,11:32 min/mile,MARATHON,2369,42,162,F,1024,2025
2638,MAURICE NUNEZ,,GARDEN GROVE,05:07:42,05:02:28,11:32 min/mile,MARATHON,2370,41,215,M,1334,2025
2453,ARINA VODYANITSKAYA,,LONDON,05:09:48,05:02:32,11:32 min/mile,MARATHON,2371,31,186,F,1025,2025
2378,RAUL BORJA,,SANTA BARBARA,05:07:48,05:02:38,11:33 min/mile,MARATHON,2372,48,154,M,1335,2025
243,MICHAEL RUGNETTA,,CATHEDRAL CTY,05:07:47,05:02:38,11:33 min/mile,MARATHON,2373,34,217,M,1336,2025
4547,ELIZABETH MORAN-WILLIAMS,,SAN FRANCISCO,05:02:39,05:02:39,11:33 min/mile,MARATHON,2374,30,187,F,1026,2025
746,MURAT OZGUR,,CARMEL,05:02:43,05:02:40,11:33 min/mile,MARATHON,2375,53,121,M,1337,2025
4464,ARMAND ELLAGA,,MONTEREY,05:13:12,05:02:44,11:33 min/mile,MARATHON,2376,29,173,M,1338,2025
4339,TONY NGO,,NEWARK,05:13:29,05:02:46,11:33 min/mile,MARATHON,2377,24,55,M,1339,2025
2416,GABRIEL CARABALLO,,ROSELLE PARK,05:09:47,05:02:53,11:33 min/mile,MARATHON,2378,44,216,M,1340,2025
3324,ELIZABETH SMITH,,GLENN DALE,05:09:45,05:02:53,11:33 min/mile,MARATHON,2379,51,73,F,1027,2025
2617,JULIE JETTE,,FORESTHILL,05:09:36,05:02:54,11:33 min/mile,MARATHON,2380,36,167,F,1028,2025
993,KRISTIN KAMINSKI,,MEADOW VISTA,05:09:36,05:02:55,11:33 min/mile,MARATHON,2381,43,163,F,1029,2025
1748,MANUE SAINT MARTIN,,CARMEL,05:04:17,05:03:03,11:34 min/mile,MARATHON,2382,66,18,M,1341,2025
1188,ALEXIS BENAVIDEZ,,GRANADA HILLS,05:03:29,05:03:05,11:34 min/mile,MARATHON,2383,32,218,M,1342,2025
1484,CAMRYN SPECIA,,SAN ANTONIO,05:05:09,05:03:13,11:34 min/mile,MARATHON,2384,23,52,F,1030,2025
2797,ANDREW CHAN,,DAVIS,05:10:10,05:03:16,11:34 min/mile,MARATHON,2385,49,155,M,1343,2025
4281,DAVID DENNISON,,HOUSTON,05:13:29,05:03:19,11:34 min/mile,MARATHON,2386,49,156,M,1344,2025
2776,JESSICA INAN,,FRISCO,05:10:40,05:03:27,11:34 min/mile,MARATHON,2387,44,164,F,1031,2025
2342,JOSE GARCIA,,MIDLAND,05:10:40,05:03:28,11:34 min/mile,MARATHON,2388,40,217,M,1345,2025
3513,JANETTE R JUAREZ,,STANTON,05:10:40,05:03:29,11:35 min/mile,MARATHON,2389,44,165,F,1032,2025
3374,LESA PATERMANN,,EDMONTON,05:10:28,05:03:46,11:35 min/mile,MARATHON,2390,49,119,F,1033,2025
3572,ZENA DRAKOU,,AUSTIN,05:05:59,05:03:50,11:35 min/mile,MARATHON,2391,35,168,F,1034,2025
307,RICARDO JANOVITZ,,LONG IS CITY,05:09:02,05:03:51,11:35 min/mile,MARATHON,2392,39,235,M,1346,2025
4045,MICHAEL BRANNON,,SANTA MARIA,05:14:30,05:04:02,11:36 min/mile,MARATHON,2393,65,19,M,1347,2025
3717,DUKE FEI,,HOUSTON,05:09:55,05:04:08,11:36 min/mile,MARATHON,2394,68,20,M,1348,2025
2721,MICHELLE SEILER,,FRESNO,05:09:26,05:04:15,11:36 min/mile,MARATHON,2395,37,169,F,1035,2025
3029,ALICIA ALLEN,,SAINT LOUIS,05:11:44,05:04:21,11:36 min/mile,MARATHON,2396,38,170,F,1036,2025
4138,DREW PARSONS,,MANCHESTER,05:14:50,05:04:24,11:37 min/mile,MARATHON,2397,42,218,M,1349,2025
4509,TAYLOR MEYER,,CITRUS HTS,05:14:47,05:04:25,11:37 min/mile,MARATHON,2398,33,188,F,1037,2025
2802,ANGELA NORDABY,,SOMERSWORTH,05:14:50,05:04:26,11:37 min/mile,MARATHON,2399,48,120,F,1038,2025
2654,BIJU RAVINDRAN NAIR,,BENTONVILLE,05:10:22,05:04:28,11:37 min/mile,MARATHON,2400,46,157,M,1350,2025
4089,THERESE BAUER,,EUGENE,05:14:56,05:04:30,11:37 min/mile,MARATHON,2401,62,25,F,1039,2025
2205,LÚCIA COSTA,,GOIÂNIA,05:09:33,05:04:31,11:37 min/mile,MARATHON,2402,65,11,F,1040,2025
360,MORGAN SELLERS,,ALBUQUERQUE,05:14:40,05:04:31,11:37 min/mile,MARATHON,2403,40,166,F,1041,2025
2753,CLYDE ELTZROTH,,BEECHHURST,05:11:15,05:04:32,11:37 min/mile,MARATHON,2404,45,158,M,1351,2025
3651,DANIEL LOPEZ,,MARINA,05:09:48,05:04:35,11:37 min/mile,MARATHON,2405,37,236,M,1352,2025
1000,KASIA CIESLIKOWSKA,,FLEMINGTON,05:06:27,05:04:37,11:37 min/mile,MARATHON,2406,48,121,F,1042,2025
3491,ARTHUR SIGNORELLA,,PITTSBURGH,05:10:34,05:04:38,11:37 min/mile,MARATHON,2407,69,21,M,1353,2025
4687,NATHAN DUFFY,,CASTRO VALLEY,05:15:04,05:04:38,11:37 min/mile,MARATHON,2408,36,237,M,1354,2025
2539,APRIL IGNACIO,,CARMEL,05:14:55,05:04:47,11:37 min/mile,MARATHON,2409,31,189,F,1043,2025
4081,ARIN MILLER,,MARICOPA,05:15:29,05:04:49,11:38 min/mile,MARATHON,2410,37,171,F,1044,2025
221,NICHOLAS JIMMERSON,,OOLTEWAH,05:10:14,05:04:55,11:38 min/mile,MARATHON,2411,30,219,M,1355,2025
264,MAEGEN SEWELL,,CHATTANOOGA,05:10:14,05:04:55,11:38 min/mile,MARATHON,2412,23,53,F,1045,2025
313,ROBERT CONWAY,,CHATTANOOGA,05:10:15,05:04:56,11:38 min/mile,MARATHON,2413,41,219,M,1356,2025
129,JOSHUA SEWELL,,CHATTANOOGA,05:10:15,05:04:56,11:38 min/mile,MARATHON,2414,25,174,M,1357,2025
2991,MARTIN WENDROFF,,NEW YORK,05:11:21,05:05:06,11:38 min/mile,MARATHON,2415,33,220,M,1358,2025
2982,JAIME MASSANET,,ORLANDO,05:12:25,05:05:09,11:38 min/mile,MARATHON,2416,44,220,M,1359,2025
2951,NELSON FIGUEROA,,ORLANDO,05:12:26,05:05:10,11:38 min/mile,MARATHON,2417,53,122,M,1360,2025
1994,JOSHUA BELTZ,,FORT WORTH,05:06:22,05:05:13,11:38 min/mile,MARATHON,2418,31,221,M,1361,2025
2423,BRAD DEHART,,CLOVIS,05:15:27,05:05:13,11:38 min/mile,MARATHON,2419,46,159,M,1362,2025
4080,LACEY DEHART,,CLOVIS,05:15:28,05:05:14,11:39 min/mile,MARATHON,2420,42,167,F,1046,2025
2865,CIVIA HERNANDEZ,,ALAMO,05:12:22,05:05:18,11:39 min/mile,MARATHON,2421,31,190,F,1047,2025
3687,KATHIE REDMOND,,COATESVILLE,05:11:27,05:05:21,11:39 min/mile,MARATHON,2422,66,12,F,1048,2025
3319,JESPER STAGE,,LULEÅ,05:12:21,05:05:24,11:39 min/mile,MARATHON,2423,53,123,M,1363,2025
333,STEPHANIE MCNEILUS,,ROCHESTER,05:10:45,05:05:27,11:39 min/mile,MARATHON,2424,40,168,F,1049,2025
2291,REBECCA CROWDER,,LEBANON,05:11:37,05:05:29,11:39 min/mile,MARATHON,2425,52,74,F,1050,2025
2308,KIMBERLY QUINN,,LAMY,05:11:38,05:05:31,11:39 min/mile,MARATHON,2426,48,122,F,1051,2025
1395,ANDREA MCGARGILL,,HAMILTON,05:06:49,05:05:36,11:39 min/mile,MARATHON,2427,47,123,F,1052,2025
1468,MARILYN HART,,DARIEN,05:06:22,05:05:42,11:40 min/mile,MARATHON,2428,64,26,F,1053,2025
3335,JIMMY GARIBAY,,SANTA CLARITA,05:13:11,05:05:43,11:40 min/mile,MARATHON,2429,79,3,M,1364,2025
2531,ERIC MAHE,,ARUE,05:11:31,05:05:43,11:40 min/mile,MARATHON,2430,59,82,M,1365,2025
2950,JAMES LOPICCOLO,,MOKENA,05:12:40,05:05:45,11:40 min/mile,MARATHON,2431,47,160,M,1366,2025
4370,NATASHA BACKMAN,,DALLAS,05:12:23,05:05:54,11:40 min/mile,MARATHON,2432,31,191,F,1054,2025
4227,FINN STRALEY,,MONTEREY,05:16:13,05:05:55,11:40 min/mile,MARATHON,2433,36,238,M,1367,2025
2296,MELISSA TROISI,,PEABODY,05:11:47,05:06:09,11:41 min/mile,MARATHON,2434,43,169,F,1055,2025
3134,PAMELA JEWELL,,INNISFIL,05:11:48,05:06:10,11:41 min/mile,MARATHON,2435,39,172,F,1056,2025
3139,ELISIA BANKS,,TORONTO,05:11:49,05:06:11,11:41 min/mile,MARATHON,2436,41,170,F,1057,2025
3065,SARAH KHOR,,SUWANEE,05:13:25,05:06:16,11:41 min/mile,MARATHON,2437,39,173,F,1058,2025
1907,DYLAN LEITNAKER,,JOHNSON CITY,05:13:17,05:06:16,11:41 min/mile,MARATHON,2438,35,239,M,1368,2025
2226,BETHANY SONGER,,STERLING,05:13:19,05:06:17,11:41 min/mile,MARATHON,2439,47,124,F,1059,2025
205,LAURA YOUNG,,CEDAR RAPIDS,05:13:09,05:06:18,11:41 min/mile,MARATHON,2440,43,171,F,1060,2025
4109,AIMEE COLE,,HOPKINTON,05:16:56,05:06:23,11:41 min/mile,MARATHON,2441,46,125,F,1061,2025
3765,ILHAM LAMNAJI,,BAKERSFIELD,05:16:50,05:06:26,11:41 min/mile,MARATHON,2442,46,126,F,1062,2025
1855,TIFFANY DUNN,,NEW YORK,05:07:54,05:06:28,11:41 min/mile,MARATHON,2443,40,172,F,1063,2025
2431,SUSAN COLBORN,,BERKELEY,05:12:14,05:06:29,11:41 min/mile,MARATHON,2444,66,13,F,1064,2025
4244,TANA SALINE,,CANTON,05:16:54,05:06:33,11:42 min/mile,MARATHON,2445,41,173,F,1065,2025
4667,CARLA PHAM,,CANTON,05:16:54,05:06:34,11:42 min/mile,MARATHON,2446,42,174,F,1066,2025
2089,TRUY PHAM,,CANTON,05:16:55,05:06:34,11:42 min/mile,MARATHON,2447,42,221,M,1369,2025
356,JACOB CANTU,,FOLSOM,05:17:02,05:06:57,11:42 min/mile,MARATHON,2448,40,222,M,1370,2025
355,TOM KAZARIAN,,FOLSOM,05:17:02,05:06:57,11:42 min/mile,MARATHON,2449,43,223,M,1371,2025
2659,XINXIN WANG,,NEW YORK,05:14:06,05:06:59,11:43 min/mile,MARATHON,2450,36,174,F,1067,2025
4168,EMILY ANDERSON,,SAN FRANCISCO,05:17:03,05:07:00,11:43 min/mile,MARATHON,2451,26,181,F,1068,2025
4630,KAYLEEN LIM,,OXNARD,05:17:17,05:07:02,11:43 min/mile,MARATHON,2452,32,192,F,1069,2025
2809,CORRINE BLUCHER,,SAN DIEGO,05:13:51,05:07:04,11:43 min/mile,MARATHON,2453,25,182,F,1070,2025
75,WADE PYRON,,CARMEL,05:07:16,05:07:06,11:43 min/mile,MARATHON,2454,56,83,M,1372,2025
2980,AMY WOIKE,,LIBERTYVILLE,05:14:04,05:07:07,11:43 min/mile,MARATHON,2455,43,175,F,1071,2025
3150,THELMA LOVATO,,SUN VALLEY,05:12:21,05:07:07,11:43 min/mile,MARATHON,2456,56,50,F,1072,2025
1093,MICHAEL OBRIEN,,CHARLESTON,05:08:55,05:07:08,11:43 min/mile,MARATHON,2457,35,240,M,1373,2025
901,DAVID SISK,,WELLFORD,05:08:48,05:07:15,11:43 min/mile,MARATHON,2458,56,84,M,1374,2025
373,RONI GARRETT,,SPRING,05:12:34,05:07:19,11:43 min/mile,MARATHON,2459,42,176,F,1073,2025
1812,MARK HERNANDEZ,,PORTLAND,05:09:18,05:07:25,11:44 min/mile,MARATHON,2460,38,241,M,1375,2025
4032,RACHEL GOREN,,CARMEL,05:17:58,05:07:26,11:44 min/mile,MARATHON,2461,27,183,F,1074,2025
123,STEPHEN DONAHUE,,MINNEAPOLIS,05:08:22,05:07:29,11:44 min/mile,MARATHON,2462,59,85,M,1376,2025
3151,MITCHELL GEORGIC,,ROCKVILLE,05:14:40,05:07:31,11:44 min/mile,MARATHON,2463,43,224,M,1377,2025
2994,SE-HOON KIM,,MONTEREY,05:13:12,05:07:36,11:44 min/mile,MARATHON,2464,27,175,M,1378,2025
4118,STEPHEN OBAL,,GLENDORA,05:17:58,05:07:38,11:44 min/mile,MARATHON,2465,34,222,M,1379,2025
3603,FOAD MEMAR,,FREMONT,05:14:34,05:07:40,11:44 min/mile,MARATHON,2466,35,242,M,1380,2025
367,JESSICA LAWRENCE,,SANTA FE,05:17:53,05:07:45,11:44 min/mile,MARATHON,2467,47,127,F,1075,2025
3058,OANH PHAM,,SACRAMENTO,05:15:09,05:07:53,11:45 min/mile,MARATHON,2468,36,175,F,1076,2025
2705,CAMERON JACKSON,,SEASIDE,05:14:08,05:07:53,11:45 min/mile,MARATHON,2469,37,243,M,1381,2025
584,GREG BERGERON,,SAN DIEGO,05:14:33,05:07:58,11:45 min/mile,MARATHON,2470,55,86,M,1382,2025
3123,EDWARD ZIELKE,,SMITHFIELD,05:13:48,05:08:00,11:45 min/mile,MARATHON,2471,54,124,M,1383,2025
2371,VICTOR CHU,,PALO ALTO,05:13:50,05:08:01,11:45 min/mile,MARATHON,2472,56,87,M,1384,2025
2452,JACOB DEBERRY,,STAFFORD,05:15:17,05:08:02,11:45 min/mile,MARATHON,2473,43,225,M,1385,2025
2780,MOHAMMAD MOHSIN,,HILLSBOROUGH,05:13:13,05:08:04,11:45 min/mile,MARATHON,2474,58,88,M,1386,2025
796,NICHOLAS CHICOINE,,SACRAMENTO,05:09:22,05:08:04,11:45 min/mile,MARATHON,2475,32,223,M,1387,2025
2799,ROSA MENDOZA,,SALINAS,05:13:40,05:08:10,11:45 min/mile,MARATHON,2476,52,75,F,1077,2025
361,ALEXANDRA WINTER,,MELISSA,05:18:35,05:08:16,11:45 min/mile,MARATHON,2477,31,193,F,1078,2025
2513,NILESH SURANA,,FRISCO,05:15:36,05:08:30,11:46 min/mile,MARATHON,2478,42,226,M,1388,2025
2413,DANA GONZALEZ,,REDLANDS,05:15:04,05:08:31,11:46 min/mile,MARATHON,2479,45,128,F,1079,2025
142,LESLIE GORDON,,OMAHA,05:09:31,05:08:40,11:46 min/mile,MARATHON,2480,45,129,F,1080,2025
203,GRIFFIN MELNICK,,FOSTER CITY,05:13:58,05:08:43,11:46 min/mile,MARATHON,2481,27,176,M,1389,2025
4285,CAROLINE GRECH,,VAUGHAN,05:19:04,05:08:43,11:46 min/mile,MARATHON,2482,50,76,F,1081,2025
301,OLIVER CLARKE,,LINCOLN,05:13:57,05:08:43,11:46 min/mile,MARATHON,2483,40,227,M,1390,2025
2435,LAURA WOOD,,SALT LAKE CTY,05:15:44,05:08:46,11:47 min/mile,MARATHON,2484,40,177,F,1082,2025
4449,CARINA WEADOCK,,DENVER,05:19:09,05:08:49,11:47 min/mile,MARATHON,2485,28,184,F,1083,2025
4569,NICOLE SZCZEPANEK,,CARPINTERIA,05:19:17,05:08:55,11:47 min/mile,MARATHON,2486,26,185,F,1084,2025
84,AARON SHERRIFF,,PORIRUA,05:09:38,05:08:57,11:47 min/mile,MARATHON,2487,49,161,M,1391,2025
2519,JULIE STUMPF,,MICHIGAN CITY,05:15:56,05:08:57,11:47 min/mile,MARATHON,2488,62,27,F,1085,2025
2949,LAI CHUN HODGES,,HILO,05:15:54,05:09:01,11:47 min/mile,MARATHON,2489,40,178,F,1086,2025
4572,STELLA DONNING,,GOTHENBURG,05:15:12,05:09:02,11:47 min/mile,MARATHON,2490,23,54,F,1087,2025
3674,LAURA STEIN,,NASHVILLE,05:14:58,05:09:02,11:47 min/mile,MARATHON,2491,43,179,F,1088,2025
4531,MARILYN VAN DYKE,,LAKEWOOD,05:19:33,05:09:02,11:47 min/mile,MARATHON,2492,69,14,F,1089,2025
3410,AMELIA RIDER,,CARMEL VALLEY,05:14:17,05:09:05,11:47 min/mile,MARATHON,2493,26,186,F,1090,2025
3409,KEVIN RIDER,,CARMEL VALLEY,05:14:18,05:09:05,11:47 min/mile,MARATHON,2494,61,59,M,1392,2025
3813,OFELIA BAUER,,SAN JOSE,05:14:30,05:09:07,11:47 min/mile,MARATHON,2495,54,77,F,1091,2025
848,JESSICA MARTINEZ-LEES,,ROYAL OAK,05:09:41,05:09:08,11:47 min/mile,MARATHON,2496,39,176,F,1092,2025
2957,LISA HORN,,COLUMBUS,05:16:16,05:09:10,11:48 min/mile,MARATHON,2497,54,78,F,1093,2025
4179,BYOUNGNAM MIN,,BERKELEY,05:19:54,05:09:12,11:48 min/mile,MARATHON,2498,37,244,M,1393,2025
304,MARK COWDIN,,COLORADO SPGS,05:14:35,05:09:13,11:48 min/mile,MARATHON,2499,59,89,M,1394,2025
2312,CHRISTAL CLEMENS,,LOS ANGELES,05:15:48,05:09:15,11:48 min/mile,MARATHON,2500,33,194,F,1094,2025
2043,EDWARD SCHMIECH,,WEXFORD,05:10:47,05:09:25,11:48 min/mile,MARATHON,2501,66,22,M,1395,2025
2317,HEATHER FORREST,,SANTA ROSA,05:16:10,05:09:28,11:48 min/mile,MARATHON,2502,42,180,F,1095,2025
3803,LAURA FEET,,LAKE STEVENS,05:16:01,05:09:42,11:49 min/mile,MARATHON,2503,38,177,F,1096,2025
3015,TIM FRY,,PORT ORANGE,05:16:39,05:09:42,11:49 min/mile,MARATHON,2504,60,60,M,1396,2025
1405,STEPHANIE AHART,,SAN FRANCISCO,05:11:25,05:09:49,11:49 min/mile,MARATHON,2505,33,195,F,1097,2025
4414,ALEXANDER LOPEZ,,MARINA,05:09:49,05:09:49,11:49 min/mile,MARATHON,2506,42,228,M,1397,2025
3155,FRANCK LEMPERLE,,MONTEREY,05:17:01,05:09:56,11:49 min/mile,MARATHON,2507,50,125,M,1398,2025
4188,CHRISTINE BLYTHE,,GREENSBORO,05:20:05,05:09:57,11:49 min/mile,MARATHON,2508,46,130,F,1098,2025
2698,IVAN SANCHEZ,,SHAFTER,05:15:20,05:10:02,11:50 min/mile,MARATHON,2509,22,56,M,1399,2025
4469,JOANNA GREBEL,,CARMEL VALLEY,05:20:55,05:10:14,11:50 min/mile,MARATHON,2510,51,79,F,1099,2025
3825,KELLY ENGLISH,,SAUSALITO,05:12:02,05:10:20,11:50 min/mile,MARATHON,2511,46,131,F,1100,2025
4261,HON LAI WONG,,SAN MATEO,05:21:03,05:10:28,11:50 min/mile,MARATHON,2512,55,90,M,1400,2025
2467,ANNE INOUE,,RCH PALOS VRD,05:16:22,05:10:34,11:51 min/mile,MARATHON,2513,63,28,F,1101,2025
2945,LANA AHRENS,,DALLAS,05:16:12,05:10:36,11:51 min/mile,MARATHON,2514,42,181,F,1102,2025
4375,BRIAN KAESTNER,,WHITEHOUSE,05:21:11,05:10:37,11:51 min/mile,MARATHON,2515,53,126,M,1401,2025
4277,JENNIFER GREENLEAF,,URBANDALE,05:20:51,05:10:39,11:51 min/mile,MARATHON,2516,44,182,F,1103,2025
2468,DUSTIN CHESTERMAN,,FREMONT,05:17:16,05:10:46,11:51 min/mile,MARATHON,2517,45,162,M,1402,2025
2288,EMANUEL RUBALCAVA,,SALINAS,05:17:54,05:10:50,11:51 min/mile,MARATHON,2518,23,57,M,1403,2025
3702,ELEANOR STALCUP,,SHREWSBURY,05:16:40,05:10:52,11:51 min/mile,MARATHON,2519,22,0,N,7,2025
4143,CELIA VARGAS,,LOS ANGELES,05:20:59,05:10:53,11:51 min/mile,MARATHON,2520,35,178,F,1104,2025
3067,HILLARY RINGS,,CHICAGO,05:18:07,05:10:57,11:52 min/mile,MARATHON,2521,34,196,F,1105,2025
4111,SAL CORRAL,,BEAVERTON,05:21:21,05:10:58,11:52 min/mile,MARATHON,2522,41,229,M,1404,2025
2262,LUIS LOPEZ G,,APPLE VALLEY,05:16:26,05:11:03,11:52 min/mile,MARATHON,2523,55,91,M,1405,2025
2579,KARTHIKEYAN PALANISAMY,,BUFFALO,05:16:42,05:11:04,11:52 min/mile,MARATHON,2524,44,230,M,1406,2025
3439,NATALIE SPITERI,,GRANADA HILLS,05:16:41,05:11:05,11:52 min/mile,MARATHON,2525,41,183,F,1106,2025
4384,JAVIER CHEN,,RCH CUCAMONGA,05:21:35,05:11:10,11:52 min/mile,MARATHON,2526,46,163,M,1407,2025
3002,DIANA MENDEZ,,LAGUNA BEACH,05:17:51,05:11:11,11:52 min/mile,MARATHON,2527,53,80,F,1107,2025
3912,KRISTINE STOSAK,,COLORADO SPGS,05:17:37,05:11:14,11:52 min/mile,MARATHON,2528,47,132,F,1108,2025
295,AARON SPAHR,,COLLEYVILLE,05:16:30,05:11:16,11:52 min/mile,MARATHON,2529,55,92,M,1408,2025
2827,JACINTO ACOSTA BERNAL,,SEASIDE,05:17:40,05:11:18,11:52 min/mile,MARATHON,2530,35,245,M,1409,2025
2754,ERIN WOODBURY,,BELMONT,05:17:03,05:11:20,11:52 min/mile,MARATHON,2531,42,184,F,1109,2025
335,COLLEEN CHOMA,,DENVER,05:18:12,05:11:24,11:53 min/mile,MARATHON,2532,25,187,F,1110,2025
334,SHAWN MCINTIRE,,GRANBY,05:18:12,05:11:24,11:53 min/mile,MARATHON,2533,43,231,M,1410,2025
2405,CAITLIN MADISON,,SAN MARCOS,05:21:08,05:11:28,11:53 min/mile,MARATHON,2534,44,185,F,1111,2025
176,BUCK BRANUM,,ROSEVILLE,05:16:50,05:11:32,11:53 min/mile,MARATHON,2535,54,127,M,1411,2025
3148,JESSICA LOUGHLIN,,EVERETT,05:16:49,05:11:32,11:53 min/mile,MARATHON,2536,41,186,F,1112,2025
372,ADRIAN VIGIL,,GREELEY,05:21:56,05:11:45,11:53 min/mile,MARATHON,2537,50,128,M,1412,2025
4040,SUSAN STOKES,,CHICAGO,05:22:27,05:11:52,11:54 min/mile,MARATHON,2538,65,15,F,1113,2025
3346,MELISSA DANNENBERG,,VILLA PARK,05:17:54,05:11:54,11:54 min/mile,MARATHON,2539,49,133,F,1114,2025
2316,BRIEANNA COONS,,LOCUST VALLEY,05:17:55,05:11:54,11:54 min/mile,MARATHON,2540,35,179,F,1115,2025
1856,WESTER GAPASANGRA,,MONTEREY,05:13:12,05:11:57,11:54 min/mile,MARATHON,2541,22,58,M,1413,2025
4091,ANDREA SMITH,,WASHINGTON,05:22:01,05:11:57,11:54 min/mile,MARATHON,2542,43,187,F,1116,2025
1958,GERMAN MADRAZO BACA,,MCALLEN,05:13:52,05:11:59,11:54 min/mile,MARATHON,2543,50,129,M,1414,2025
2328,CARLY STRANG,,LINWOOD,05:17:07,05:12:04,11:54 min/mile,MARATHON,2544,22,55,F,1117,2025
2955,BILL BALDWIN,,GARLAND,05:17:41,05:12:04,11:54 min/mile,MARATHON,2545,64,61,M,1415,2025
4407,RESHU JAIN,,MILPITAS,05:17:46,05:12:05,11:54 min/mile,MARATHON,2546,52,81,F,1118,2025
2045,JAMES GOETZ,,HUNTINGTON,05:18:24,05:12:09,11:54 min/mile,MARATHON,2547,60,62,M,1416,2025
3147,KATHERINE SHILLINGLAW,,MILWAUKEE,05:19:27,05:12:11,11:54 min/mile,MARATHON,2548,47,134,F,1119,2025
2307,HUNTER TYLER,,LINWOOD,05:17:06,05:12:17,11:55 min/mile,MARATHON,2549,27,177,M,1417,2025
2514,BRIAN GALACIO,,SACRAMENTO,05:14:29,05:12:21,11:55 min/mile,MARATHON,2550,50,130,M,1418,2025
3905,BRIAN BYUN,,LOS ALTOS,05:17:26,05:12:22,11:55 min/mile,MARATHON,2551,59,93,M,1419,2025
3121,CHRISSI MICHAEL,,BROOKLYN,05:18:41,05:12:27,11:55 min/mile,MARATHON,2552,28,188,F,1120,2025
3631,CINDY CHIMINO,,COATESVILLE,05:18:34,05:12:27,11:55 min/mile,MARATHON,2553,58,51,F,1121,2025
4191,MARIA MAGANA,,LYNWOOD,05:22:37,05:12:29,11:55 min/mile,MARATHON,2554,51,82,F,1122,2025
3666,ERIC CHAN,,DUBLIN,05:19:15,05:12:31,11:55 min/mile,MARATHON,2555,49,164,M,1420,2025
2102,CHRISTOPHER MOWRY,,CROWNSVILLE,05:13:17,05:12:35,11:55 min/mile,MARATHON,2556,44,232,M,1421,2025
3060,HAYLEY PRICE,,DORCHESTER,05:19:33,05:12:37,11:55 min/mile,MARATHON,2557,30,197,F,1123,2025
132,STACY JONES,,COLUMBIA,05:14:15,05:12:41,11:56 min/mile,MARATHON,2558,52,83,F,1124,2025
4146,SYLVIA LACOURSE,,SEATTLE,05:23:14,05:12:42,11:56 min/mile,MARATHON,2559,51,84,F,1125,2025
4019,KRISTIN MELLMAN,,W HOLLYWOOD,05:22:17,05:12:46,11:56 min/mile,MARATHON,2560,32,198,F,1126,2025
2490,JOANNA BASINSKA,,SMYRNA,05:19:53,05:12:48,11:56 min/mile,MARATHON,2561,42,188,F,1127,2025
3807,MICHELLE KIMBERLIN,,HENRICO,05:19:18,05:12:50,11:56 min/mile,MARATHON,2562,38,180,F,1128,2025
2697,MICHAEL FRY,,SACRAMENTO,05:18:13,05:12:54,11:56 min/mile,MARATHON,2563,50,131,M,1422,2025
3034,SARA ALBRECHT,,TIPP CITY,05:18:22,05:12:54,11:56 min/mile,MARATHON,2564,42,189,F,1129,2025
4660,ANNA HUEBLER,,LAFAYETTE,05:23:27,05:12:55,11:56 min/mile,MARATHON,2565,26,189,F,1130,2025
4659,DAVID ROSSUM,,SANTA CRUZ,05:23:01,05:12:57,11:56 min/mile,MARATHON,2566,75,4,M,1423,2025
3599,WILLIAM MCMANUS,,MONTEREY,05:20:05,05:12:59,11:56 min/mile,MARATHON,2567,39,246,M,1424,2025
4503,KAREN GONZALEZ WU,,MONTROSE,05:23:14,05:12:59,11:56 min/mile,MARATHON,2568,32,199,F,1131,2025
324,ANN MCNEILUS,,SANIBEL,05:18:23,05:13:05,11:56 min/mile,MARATHON,2569,43,190,F,1132,2025
4139,JAMES PATTERSON,,JACKSONVILLE,05:23:20,05:13:12,11:57 min/mile,MARATHON,2570,40,233,M,1425,2025
4135,ABBY PATTERSON,,JACKSONVILLE,05:23:20,05:13:12,11:57 min/mile,MARATHON,2571,35,181,F,1133,2025
3790,ALLISON PHLEGAR,,COLUMBIA,05:18:24,05:13:17,11:57 min/mile,MARATHON,2572,33,200,F,1134,2025
3751,NAIA COBB,,BIG SUR,05:18:36,05:13:18,11:57 min/mile,MARATHON,2573,34,201,F,1135,2025
2118,JEANICE HORI,,MONTEREY PARK,05:15:05,05:13:25,11:57 min/mile,MARATHON,2574,43,191,F,1136,2025
586,CLINTON SAIKI,,CAMARILLO,05:15:05,05:13:25,11:57 min/mile,MARATHON,2575,45,165,M,1426,2025
2437,MUNKHZAYA MAJIG,,CARMEL,05:19:48,05:13:28,11:57 min/mile,MARATHON,2576,35,182,F,1137,2025
798,MATTHEW OLSEN,,NEW YORK,05:19:49,05:13:29,11:57 min/mile,MARATHON,2577,42,234,M,1427,2025
4093,SELVARAJU MUTHUSAMY,,FREMONT,05:24:07,05:13:30,11:57 min/mile,MARATHON,2578,42,235,M,1428,2025
149,KEVIN BONKOSKI,,NEW YORK,05:14:25,05:13:36,11:58 min/mile,MARATHON,2579,31,224,M,1429,2025
3207,JAKE FELLOM,,SALINAS,05:19:45,05:13:39,11:58 min/mile,MARATHON,2580,27,178,M,1430,2025
4644,SAIF SAYED,,FOSTER CITY,05:23:59,05:13:43,11:58 min/mile,MARATHON,2581,33,225,M,1431,2025
3781,JULET BALTONADO,,SANTA ROSA,05:19:07,05:13:44,11:58 min/mile,MARATHON,2582,34,202,F,1138,2025
2686,KIMBERLY ERDMANN,,BROOKLYN,05:18:54,05:13:49,11:58 min/mile,MARATHON,2583,32,203,F,1139,2025
2873,ERIN MITCHELL,,GLENVIEW,05:21:17,05:14:00,11:59 min/mile,MARATHON,2584,46,135,F,1140,2025
3046,KANDI CROWE,,ATHENS,05:21:18,05:14:01,11:59 min/mile,MARATHON,2585,45,136,F,1141,2025
4380,JESSICA LEE,,LANCASTER,05:24:27,05:14:03,11:59 min/mile,MARATHON,2586,43,192,F,1142,2025
1412,JAMES LOSITO,,MONTEREY,05:15:43,05:14:06,11:59 min/mile,MARATHON,2587,31,226,M,1432,2025
363,GONZALO FERNANDEZ MEDINA,,DALLAS,05:24:20,05:14:10,11:59 min/mile,MARATHON,2588,42,236,M,1433,2025
10,BOB UTLEY,,OCALA,05:14:16,05:14:12,11:59 min/mile,MARATHON,2589,68,23,M,1434,2025
1995,KIMB OSTENSO,,CROWNSVILLE,05:15:38,05:14:12,11:59 min/mile,MARATHON,2590,54,85,F,1143,2025
4298,REGILADO SANTOS,,WILMINGTON,05:24:47,05:14:13,11:59 min/mile,MARATHON,2591,64,63,M,1435,2025
4720,ALEXANDRA STAMPHER,,SEASIDE,05:20:30,05:14:15,11:59 min/mile,MARATHON,2592,38,183,F,1144,2025
1948,GABE WU,,SAN DIEGO,05:14:33,05:14:19,11:59 min/mile,MARATHON,2593,34,227,M,1436,2025
3852,CARISSA EVANS,,PITTSBURGH,05:20:44,05:14:20,11:59 min/mile,MARATHON,2594,43,193,F,1145,2025
2858,RACHEL CHASE,,NARBERTH,05:14:38,05:14:22,11:59 min/mile,MARATHON,2595,49,137,F,1146,2025
689,ARIEL SOFIO,,ST PETERSBURG,05:15:40,05:14:22,11:59 min/mile,MARATHON,2596,34,204,F,1147,2025
4219,ERIC BARAJAS,,SEASIDE,05:24:42,05:14:23,11:59 min/mile,MARATHON,2597,39,247,M,1437,2025
3428,RAVI METRANI,,SANTA CLARA,05:21:25,05:14:24,12:00 min/mile,MARATHON,2598,60,64,M,1438,2025
2829,JUAN LUNA,,BAKERSFIELD,05:21:17,05:14:26,12:00 min/mile,MARATHON,2599,38,248,M,1439,2025
4053,NAOMI SMITH,,NOVATO,05:24:29,05:14:27,12:00 min/mile,MARATHON,2600,48,138,F,1148,2025
2675,ASHOK GOKUL,,HOUSTON,05:20:26,05:14:29,12:00 min/mile,MARATHON,2601,45,166,M,1440,2025
2630,TARA CUSLIDGE-STAIANO,,TRACY,05:20:09,05:14:30,12:00 min/mile,MARATHON,2602,40,194,F,1149,2025
2621,ANDREA CORTES,,SALINAS,05:24:49,05:14:32,12:00 min/mile,MARATHON,2603,38,184,F,1150,2025
3634,KEVIN PERTHEL,,BROOKLYN,05:18:54,05:14:34,12:00 min/mile,MARATHON,2604,32,228,M,1441,2025
2952,CHRISTINA MORRIS,,HIGH BRIDGE,05:21:09,05:14:37,12:00 min/mile,MARATHON,2605,35,185,F,1151,2025
4388,HENRY HSU,,PASADENA,05:25:08,05:14:38,12:00 min/mile,MARATHON,2606,32,229,M,1442,2025
4125,KELLY LARSEN,,ELK GROVE,05:24:51,05:14:38,12:00 min/mile,MARATHON,2607,30,205,F,1152,2025
4551,RICK COONEY,,SECHELT,05:24:51,05:14:42,12:00 min/mile,MARATHON,2608,67,24,M,1443,2025
4319,NICOLE HUSTON,,SEATTLE,05:24:51,05:14:43,12:00 min/mile,MARATHON,2609,31,206,F,1153,2025
2337,PATRICK BRONSON,,SAN CLEMENTE,05:20:12,05:14:46,12:00 min/mile,MARATHON,2610,49,167,M,1444,2025
4671,JESSICA HAMMETT,,APO,05:24:52,05:14:48,12:00 min/mile,MARATHON,2611,39,186,F,1154,2025
2331,KATHRYN SANDS,,DALLAS,05:20:20,05:14:52,12:01 min/mile,MARATHON,2612,21,56,F,1155,2025
1183,SENHONG LAI,,HOUSTON,05:16:33,05:14:58,12:01 min/mile,MARATHON,2613,46,168,M,1445,2025
3323,MARC HOPKINS,,VANCOUVER,05:22:02,05:15:00,12:01 min/mile,MARATHON,2614,53,132,M,1446,2025
4274,CARL SMITH,,VICTOR,05:25:33,05:15:04,12:01 min/mile,MARATHON,2615,44,237,M,1447,2025
352,URIEL LEE,,LOS ANGELES,05:25:25,05:15:06,12:01 min/mile,MARATHON,2616,28,190,F,1156,2025
2826,TEJAL KURWA,,CYPRESS,05:21:57,05:15:08,12:01 min/mile,MARATHON,2617,52,86,F,1157,2025
2340,MARIANNE CARROLL,,PAGOSA SPGS,05:22:25,05:15:13,12:01 min/mile,MARATHON,2618,57,52,F,1158,2025
135,MIKE HOPPE,,OSHKOSH,05:17:14,05:15:15,12:01 min/mile,MARATHON,2619,50,133,M,1448,2025
4113,ANDREW HADEN,,GALLATIN,05:21:05,05:15:21,12:02 min/mile,MARATHON,2620,31,230,M,1449,2025
2552,BRITTANY CHAMPAGNE,,N TONAWANDA,05:22:29,05:15:26,12:02 min/mile,MARATHON,2621,36,187,F,1159,2025
2523,KAYLA ACKLIN,,WALTHAM,05:22:30,05:15:26,12:02 min/mile,MARATHON,2622,32,207,F,1160,2025
3756,PULIN THAKKAR,,CHICAGO,05:22:28,05:15:27,12:02 min/mile,MARATHON,2623,42,238,M,1450,2025
1961,DANIELLE NIELSEN,,SAINT GEORGE,05:22:20,05:15:27,12:02 min/mile,MARATHON,2624,49,139,F,1161,2025
3000,BILL MARLOW,,CASTLE ROCK,05:21:30,05:15:28,12:02 min/mile,MARATHON,2625,50,134,M,1451,2025
3441,POOJA HEGDE,,DUBLIN,05:21:03,05:15:33,12:02 min/mile,MARATHON,2626,49,140,F,1162,2025
4411,KELLY MAY,,EDEN PRAIRIE,05:25:47,05:15:33,12:02 min/mile,MARATHON,2627,43,195,F,1163,2025
3076,BRITTANY WATROUS,,ANAHEIM,05:21:54,05:15:34,12:02 min/mile,MARATHON,2628,46,141,F,1164,2025
3368,DANIEL KOZACZUK,,HAYWARD,05:21:26,05:15:37,12:02 min/mile,MARATHON,2629,32,231,M,1452,2025
3355,ERIKA KOZACZUK,,HAYWARD,05:21:26,05:15:37,12:02 min/mile,MARATHON,2630,34,208,F,1165,2025
4083,ISMAEL RANGEL,,S SAN FRAN,05:26:01,05:15:40,12:02 min/mile,MARATHON,2631,32,232,M,1453,2025
4755,JESUS JERONIMO,,SEASIDE,05:26:35,05:15:45,12:03 min/mile,MARATHON,2632,34,233,M,1454,2025
3054,GEOFF HAMMERSLEY,,NATL HARBOR,05:23:05,05:15:45,12:03 min/mile,MARATHON,2633,30,234,M,1455,2025
2297,MELISSA WARDLAW,,LOS ALTOS,05:21:58,05:15:46,12:03 min/mile,MARATHON,2634,52,87,F,1166,2025
2365,CHRISTIAN HERNANDEZ,,SURPRISE,05:21:05,05:15:51,12:03 min/mile,MARATHON,2635,27,179,M,1456,2025
4149,SIGOURNEY JANY,,CALABASAS,05:26:27,05:15:52,12:03 min/mile,MARATHON,2636,37,188,F,1167,2025
3031,LEAANNE DOYLE,,PLYMOUTH,05:22:38,05:15:55,12:03 min/mile,MARATHON,2637,63,29,F,1168,2025
2679,MAGAN LERSCH,,CORINTH,05:22:40,05:15:55,12:03 min/mile,MARATHON,2638,41,196,F,1169,2025
2690,TERESA COSTELLO,,NAPERVILLE,05:22:20,05:16:13,12:04 min/mile,MARATHON,2639,51,88,F,1170,2025
1372,JOSE G DIAZ,,DENVER,05:17:48,05:16:20,12:04 min/mile,MARATHON,2640,29,180,M,1457,2025
2320,ANDREW LANZINO,,LAS VEGAS,05:23:04,05:16:22,12:04 min/mile,MARATHON,2641,43,239,M,1458,2025
3761,SHERRI FULTON,,CHESWICK,05:23:50,05:16:25,12:04 min/mile,MARATHON,2642,53,0,X,0,2025
3562,MALOU SHANNON,,MOUNT SHASTA,05:21:35,05:16:31,12:04 min/mile,MARATHON,2643,53,89,F,1171,2025
2743,LAURA KEMOLI,,WALDORF,05:22:05,05:16:33,12:04 min/mile,MARATHON,2644,44,197,F,1172,2025
3001,KATIE LIOTINE,,CITRUS HTS,05:23:33,05:16:39,12:05 min/mile,MARATHON,2645,50,90,F,1173,2025
2944,ELIZABETH HACK,,FAIR OAKS,05:23:33,05:16:41,12:05 min/mile,MARATHON,2646,48,142,F,1174,2025
2553,LORI SMITH,,FORT WORTH,05:18:03,05:16:45,12:05 min/mile,MARATHON,2647,55,53,F,1175,2025
3158,MICHAEL KAHLE,,HANFORD,05:23:39,05:16:46,12:05 min/mile,MARATHON,2648,31,235,M,1459,2025
4669,ALENA MARTYNAVA,,SAN JOSE,05:26:51,05:16:48,12:05 min/mile,MARATHON,2649,45,143,F,1176,2025
2695,NOAH SEYMORE,,WINTERVILLE,05:22:58,05:16:48,12:05 min/mile,MARATHON,2650,36,249,M,1460,2025
4204,JOHN RASEY,,SAN RAMON,05:27:34,05:16:50,12:05 min/mile,MARATHON,2651,57,94,M,1461,2025
3217,GAVIN RUIZ,,MONTEREY,05:23:58,05:16:50,12:05 min/mile,MARATHON,2652,29,181,M,1462,2025
1460,CRISTINA LAVESINI,,SUNNYVALE,05:23:05,05:16:51,12:05 min/mile,MARATHON,2653,33,209,F,1177,2025
4102,MARTA ZULIK,,CARMEL,05:26:54,05:16:51,12:05 min/mile,MARATHON,2654,54,91,F,1178,2025
3534,NYRIE COURTIS,,SAN JOSE,05:23:16,05:16:51,12:05 min/mile,MARATHON,2655,44,198,F,1179,2025
3893,NICHOLAS SMITH,,DENVER,05:24:18,05:16:52,12:05 min/mile,MARATHON,2656,31,236,M,1463,2025
1152,EDLIRA PELLUMBI,,MARINA,05:17:18,05:16:54,12:05 min/mile,MARATHON,2657,33,210,F,1180,2025
286,JAMIE LARREAU,,MONTEREY,05:22:51,05:16:57,12:05 min/mile,MARATHON,2658,42,240,M,1464,2025
285,CLAIRE MODICA,,MONTEREY,05:22:51,05:16:57,12:05 min/mile,MARATHON,2659,39,189,F,1181,2025
3043,ALLY DETRE,,FORT COLLINS,05:23:47,05:16:58,12:05 min/mile,MARATHON,2660,25,191,F,1182,2025
3024,MIRANDA NESTOR,,READING,05:23:47,05:16:58,12:05 min/mile,MARATHON,2661,27,192,F,1183,2025
799,MAXWELL DEANDREIS,,FOSTER CITY,05:18:10,05:17:00,12:05 min/mile,MARATHON,2662,32,237,M,1465,2025
739,ROMAN TRUSOV,,FOSTER CITY,05:22:52,05:17:00,12:05 min/mile,MARATHON,2663,30,238,M,1466,2025
3709,ARIANE EVANS,,SAN LEANDRO,05:23:18,05:17:05,12:06 min/mile,MARATHON,2664,35,190,F,1184,2025
2264,KATHERINE BOEHRER,,SEATTLE,05:24:05,05:17:07,12:06 min/mile,MARATHON,2665,34,211,F,1185,2025
3816,HARRY KAHNE,,LOUISVILLE,05:24:39,05:17:19,12:06 min/mile,MARATHON,2666,67,25,M,1467,2025
3246,ALBERTO RODRIGUEZ,,HOLLISTER,05:23:19,05:17:25,12:06 min/mile,MARATHON,2667,30,239,M,1468,2025
4239,KATIE IVEY,,BIRMINGHAM,05:24:42,05:17:27,12:06 min/mile,MARATHON,2668,33,212,F,1186,2025
2448,KEVIN CHOUBACHA,,LOS ANGELES,05:24:47,05:17:33,12:07 min/mile,MARATHON,2669,40,241,M,1469,2025
2789,CORY ANGERTHAL,,CORTLANDT MNR,05:28:05,05:17:41,12:07 min/mile,MARATHON,2670,54,135,M,1470,2025
4268,KENNETH HECKLER,,BROKEN ARROW,05:28:05,05:17:43,12:07 min/mile,MARATHON,2671,53,136,M,1471,2025
3738,DESIREE HELGELAND,,BERMUDA DUNES,05:28:15,05:17:46,12:07 min/mile,MARATHON,2672,30,213,F,1187,2025
4610,ERIC HERRERA,,PANORAMA CITY,05:28:09,05:17:51,12:07 min/mile,MARATHON,2673,30,240,M,1472,2025
3733,JUDY WADE,,OCEANSIDE,05:23:29,05:17:53,12:07 min/mile,MARATHON,2674,58,54,F,1188,2025
3311,HELEN PASCUA,,STOCKTON,05:23:05,05:17:54,12:08 min/mile,MARATHON,2675,50,92,F,1189,2025
3517,CHERYL HALONEN,,HOWELL,05:24:47,05:18:01,12:08 min/mile,MARATHON,2676,54,93,F,1190,2025
1455,DAVID NAKONECHNYY,,BROOKLYN,05:18:59,05:18:03,12:08 min/mile,MARATHON,2677,32,241,M,1473,2025
4468,JOHN FICARRA,,CARMEL,05:28:56,05:18:19,12:08 min/mile,MARATHON,2678,47,169,M,1474,2025
4430,LAURIE DEWAN,,SAN FRANCISCO,05:28:30,05:18:21,12:09 min/mile,MARATHON,2679,50,94,F,1191,2025
1368,ANAND SUBRAMANIAN,,SUNNYVALE,05:20:17,05:18:30,12:09 min/mile,MARATHON,2680,53,137,M,1475,2025
2788,LAURIE ENOS,,LA CROSSE,05:24:20,05:18:31,12:09 min/mile,MARATHON,2681,57,55,F,1192,2025
2989,K. JONES,,SACRAMENTO,05:25:31,05:18:32,12:09 min/mile,MARATHON,2682,39,0,N,8,2025
2668,KATRINA BLUME,,RICHMOND,05:23:52,05:18:33,12:09 min/mile,MARATHON,2683,49,144,F,1193,2025
2667,BETHANY LOCKWOOD,,MISSOURI CITY,05:23:52,05:18:34,12:09 min/mile,MARATHON,2684,41,199,F,1194,2025
230,ROSS MONTEN,,NAPA,05:23:37,05:18:34,12:09 min/mile,MARATHON,2685,39,250,M,1476,2025
4196,JEFF SHEREMATA,,CHARLOTTE,05:29:09,05:18:40,12:09 min/mile,MARATHON,2686,50,138,M,1477,2025
1280,J HERNANDEZ,,RIVERBANK,05:20:35,05:18:43,12:09 min/mile,MARATHON,2687,28,182,M,1478,2025
573,KUMAR RAO,,JERSEY CITY,05:19:07,05:18:48,12:10 min/mile,MARATHON,2688,76,5,M,1479,2025
3676,AMY DAVIS,,FRESNO,05:24:27,05:18:50,12:10 min/mile,MARATHON,2689,32,214,F,1195,2025
3769,COURTNEY TINDAL,,MONTEREY,05:24:45,05:18:51,12:10 min/mile,MARATHON,2690,30,215,F,1196,2025
4452,LINDA PHAN,,LAFAYETTE,05:29:38,05:18:57,12:10 min/mile,MARATHON,2691,39,191,F,1197,2025
4517,JENNIFER MOAK,,LIBERTY TWP,05:29:46,05:18:59,12:10 min/mile,MARATHON,2692,58,56,F,1198,2025
4198,JANICE TORRES,,SPRING VALLEY,05:29:37,05:19:00,12:10 min/mile,MARATHON,2693,41,200,F,1199,2025
311,ERIKA M ROBERTS,,LAS VEGAS,05:24:08,05:19:00,12:10 min/mile,MARATHON,2694,40,201,F,1200,2025
1490,PAUL BRANNAN,,ARLINGTON,05:21:05,05:19:06,12:10 min/mile,MARATHON,2695,43,242,M,1480,2025
3542,BRICE TENNANT,,SEASIDE,05:26:24,05:19:18,12:11 min/mile,MARATHON,2696,48,170,M,1481,2025
213,GINA HUNG,,HSINCHU,05:24:34,05:19:27,12:11 min/mile,MARATHON,2697,52,95,F,1201,2025
3879,JESSICA WISE,,JACKSONVILLE,05:25:08,05:19:30,12:11 min/mile,MARATHON,2698,46,145,F,1202,2025
3797,ROSE SARROSA,,LOS ANGELES,05:26:25,05:19:33,12:11 min/mile,MARATHON,2699,52,96,F,1203,2025
4163,TIMOTHY DURBIN,,PACIFIC GROVE,05:29:52,05:19:34,12:11 min/mile,MARATHON,2700,42,243,M,1482,2025
2693,SANDRA SWAGE,,SAN JOSE,05:26:48,05:19:45,12:12 min/mile,MARATHON,2701,46,146,F,1204,2025
1886,JERRIS GOODMAN,,BLUFFDALE,05:30:25,05:19:51,12:12 min/mile,MARATHON,2702,29,193,F,1205,2025
4242,MONICA ZIGMENT,,SEASIDE,05:27:04,05:19:56,12:12 min/mile,MARATHON,2703,40,202,F,1206,2025
628,PETER HANEY,,HOUSTON,05:20:17,05:19:58,12:12 min/mile,MARATHON,2704,66,26,M,1483,2025
3138,JESSICA DE LEON,,SAN MATEO,05:26:14,05:19:58,12:12 min/mile,MARATHON,2705,44,203,F,1207,2025
4581,DOROTHY LEO,,DANVILLE,05:26:15,05:19:58,12:12 min/mile,MARATHON,2706,44,204,F,1208,2025
233,MATHEW SAVILL,,CHICAGO,05:25:23,05:20:02,12:12 min/mile,MARATHON,2707,49,171,M,1484,2025
3592,THERESA WOO,,CARMEL,05:27:09,05:20:07,12:13 min/mile,MARATHON,2708,62,30,F,1209,2025
3049,SHUNSUKE MOTANI,,TOMI,05:26:09,05:20:12,12:13 min/mile,MARATHON,2709,63,65,M,1485,2025
215,ELLEN HEINRICH,,OVERLAND PARK,05:30:15,05:20:12,12:13 min/mile,MARATHON,2710,35,192,F,1210,2025
3152,SETH STALLARD,,CRANBERRY TWP,05:27:13,05:20:19,12:13 min/mile,MARATHON,2711,34,242,M,1486,2025
4403,MELINDA TZENG,,PALO ALTO,05:30:55,05:20:20,12:13 min/mile,MARATHON,2712,52,97,F,1211,2025
3742,TARA WAROLIN,,LONG BEACH,05:25:37,05:20:21,12:13 min/mile,MARATHON,2713,41,205,F,1212,2025
3258,MARIANNE GOMEZ,,TURLOCK,05:26:51,05:20:26,12:13 min/mile,MARATHON,2714,46,147,F,1213,2025
3787,ANGELO SABEROLA,,LAS VEGAS,05:24:54,05:20:26,12:13 min/mile,MARATHON,2715,35,251,M,1487,2025
4427,KANDYCE BRUNO,,ARGYLE,05:30:38,05:20:30,12:13 min/mile,MARATHON,2716,46,148,F,1214,2025
1806,LENA PARK,,NAPERVILLE,05:21:03,05:20:33,12:14 min/mile,MARATHON,2717,44,206,F,1215,2025
2537,MATTHEW GOECKNER,,PLANO,05:27:29,05:20:38,12:14 min/mile,MARATHON,2718,65,27,M,1488,2025
242,NEIL GOECKNER-WALD,,STANFORD,05:27:28,05:20:38,12:14 min/mile,MARATHON,2719,34,243,M,1489,2025
3645,KARINE OTTEN,,LA GRANGE PK,05:27:49,05:20:51,12:14 min/mile,MARATHON,2720,47,149,F,1216,2025
2691,JOSEPH MIKSITS,,WOODLAND,05:28:19,05:20:53,12:14 min/mile,MARATHON,2721,42,244,M,1490,2025
4399,KEVIN COLE,,SANTA CRUZ,05:31:51,05:21:04,12:15 min/mile,MARATHON,2722,34,244,M,1491,2025
2673,ERIN GEDICKE,,HAGERSTOWN,05:28:15,05:21:09,12:15 min/mile,MARATHON,2723,35,193,F,1217,2025
4349,KATHY ZANATH,,SCOTTSDALE,05:31:25,05:21:10,12:15 min/mile,MARATHON,2724,70,3,F,1218,2025
4265,JENNIFER CEDOR,,PROSPECT,05:31:14,05:21:12,12:15 min/mile,MARATHON,2725,44,207,F,1219,2025
3635,JOSEPH WALDHERR,,SACRAMENTO,05:28:21,05:21:16,12:15 min/mile,MARATHON,2726,42,245,M,1492,2025
3873,ELISA ANGELES,,PANORAMA CITY,05:28:09,05:21:19,12:15 min/mile,MARATHON,2727,57,57,F,1220,2025
2631,ANDREA GALICIA,,TORRANCE,05:28:10,05:21:20,12:15 min/mile,MARATHON,2728,34,216,F,1221,2025
1341,PIERRE BERNARDINO,,LAS VEGAS,05:22:59,05:21:20,12:15 min/mile,MARATHON,2729,44,246,M,1493,2025
2928,DIANA ANGSTADT,,BURKE,05:26:39,05:21:23,12:15 min/mile,MARATHON,2730,44,208,F,1222,2025
3780,ANNE KOBBERMANN,,LENEXA,05:26:32,05:21:25,12:16 min/mile,MARATHON,2731,45,150,F,1223,2025
2845,UMUT ASIKOGLU,,ANTALYA,05:27:42,05:21:27,12:16 min/mile,MARATHON,2732,35,252,M,1494,2025
2556,RAMSEY LOWE,,COLORADO SPGS,05:28:45,05:21:33,12:16 min/mile,MARATHON,2733,47,151,F,1224,2025
4332,JANALYN PEPPEL,,ALACHUA,05:32:00,05:21:34,12:16 min/mile,MARATHON,2734,53,98,F,1225,2025
3156,CASEY KOPKASH,,LAWRENCEVILLE,05:28:24,05:21:36,12:16 min/mile,MARATHON,2735,22,57,F,1226,2025
2777,RACHEL DUNSTON,,KANSAS CITY,05:31:53,05:21:37,12:16 min/mile,MARATHON,2736,41,209,F,1227,2025
2422,GEORGE CHU,,DAVIS,05:27:51,05:21:44,12:16 min/mile,MARATHON,2737,69,28,M,1495,2025
2812,CAROLINE FICKES,,SAN MARTIN,05:27:20,05:21:48,12:16 min/mile,MARATHON,2738,40,210,F,1228,2025
3020,GARY FRANKLIN,,PORT ST LUCIE,05:27:49,05:21:50,12:17 min/mile,MARATHON,2739,70,8,M,1496,2025
3232,ALASTAIR MILLER,,BOERNE,05:28:21,05:21:52,12:17 min/mile,MARATHON,2740,53,139,M,1497,2025
3759,ROSEMARY MILLER,,BOERNE,05:28:21,05:21:52,12:17 min/mile,MARATHON,2741,50,99,F,1229,2025
4035,EMANUELA ANTONELLIS,,PROVIDENCE,05:32:33,05:21:53,12:17 min/mile,MARATHON,2742,32,217,F,1230,2025
3027,COLLETTE FLATT,,PORT ST LUCIE,05:27:49,05:21:54,12:17 min/mile,MARATHON,2743,60,31,F,1231,2025
1019,AJAY TIRUMALA,,SAN JOSE,05:23:25,05:21:54,12:17 min/mile,MARATHON,2744,48,172,M,1498,2025
2999,JULIE SCHWELGIN,,DUBLIN,05:28:40,05:21:54,12:17 min/mile,MARATHON,2745,51,100,F,1232,2025
2309,VALERIE WHITE,,SPRING,05:28:47,05:21:55,12:17 min/mile,MARATHON,2746,37,194,F,1233,2025
2232,TROY HOFFLAND,,CHANDLER,05:23:18,05:21:56,12:17 min/mile,MARATHON,2747,58,95,M,1499,2025
4397,MERCEDES LANGDON,,SAN DIEGO,05:31:52,05:21:56,12:17 min/mile,MARATHON,2748,35,195,F,1234,2025
3668,MICHELLE JEW,,SAN FRANCISCO,05:29:14,05:22:11,12:17 min/mile,MARATHON,2749,54,101,F,1235,2025
4197,TERRY BOYLE,,SUNNYVALE,05:32:40,05:22:26,12:18 min/mile,MARATHON,2750,67,29,M,1500,2025
2221,KAREN GORDON,,SOLANA BEACH,05:27:44,05:22:39,12:18 min/mile,MARATHON,2751,67,16,F,1236,2025
4222,RITA ROBLES FOSTER,,SALINAS,05:33:20,05:22:44,12:19 min/mile,MARATHON,2752,28,194,F,1237,2025
3646,RYAN COLBURN,,TEMPLE,05:28:03,05:22:44,12:19 min/mile,MARATHON,2753,69,30,M,1501,2025
3568,STORMIE KEY,,BRYAN,05:29:36,05:23:02,12:19 min/mile,MARATHON,2754,33,218,F,1238,2025
4164,PRAWAT TRAIRATVORAKUL,,SAN FRANCISCO,05:33:28,05:23:09,12:20 min/mile,MARATHON,2755,29,183,M,1502,2025
2292,BINH LE,,SAN JOSE,05:29:57,05:23:14,12:20 min/mile,MARATHON,2756,39,253,M,1503,2025
4126,STELLA KOSS,,SIGNAL MTN,05:33:41,05:23:26,12:20 min/mile,MARATHON,2757,43,211,F,1239,2025
4499,SUSAN OSULLIVAN,,ORLAND PARK,05:33:56,05:23:32,12:20 min/mile,MARATHON,2758,56,58,F,1240,2025
2974,ANDREW KOTULA JR,,HAMILTON,05:28:35,05:23:33,12:20 min/mile,MARATHON,2759,60,66,M,1504,2025
2803,ANA CWALINSKI,,FT LAUDERDALE,05:30:38,05:23:43,12:21 min/mile,MARATHON,2760,28,195,F,1241,2025
2332,RYAN SPALDING,,NEW YORK,05:24:20,05:23:45,12:21 min/mile,MARATHON,2761,26,184,M,1505,2025
3504,JESSICA MENDOZA,,LOS ANGELES,05:29:03,05:23:52,12:21 min/mile,MARATHON,2762,41,212,F,1242,2025
3126,BYRON PAPPAS,,WAKE FOREST,05:29:30,05:23:53,12:21 min/mile,MARATHON,2763,42,247,M,1506,2025
309,ALBERT LIWAG,,NEWHALL,05:31:23,05:23:55,12:21 min/mile,MARATHON,2764,30,245,M,1507,2025
4583,KATE WILCOX,,CARMEL,05:34:10,05:23:58,12:21 min/mile,MARATHON,2765,62,32,F,1243,2025
4258,FOUAD YARED,,ELMHURST,05:34:40,05:24:09,12:22 min/mile,MARATHON,2766,34,246,M,1508,2025
3165,DAVID ROESENER,,PLAIN CITY,05:31:09,05:24:13,12:22 min/mile,MARATHON,2767,51,140,M,1509,2025
992,SHERI MCWILLIAMS,,NEW ALBANY,05:24:48,05:24:19,12:22 min/mile,MARATHON,2768,51,102,F,1244,2025
4617,LESLEY PORTUGAL,,SEATTLE,05:34:55,05:24:23,12:22 min/mile,MARATHON,2769,39,196,F,1245,2025
4429,DANIELLE COYSH,,HAUPPAUGE,05:34:57,05:24:25,12:22 min/mile,MARATHON,2770,45,152,F,1246,2025
4241,NATHANIE TRISNADI,,CUPERTINO,05:34:50,05:24:25,12:22 min/mile,MARATHON,2771,40,213,F,1247,2025
2818,AMELIA GUTFELDT,,CHICAGO,05:31:43,05:24:29,12:23 min/mile,MARATHON,2772,35,0,N,9,2025
3708,EMILY CHERVONY,,CHICAGO,05:31:43,05:24:30,12:23 min/mile,MARATHON,2773,33,219,F,1248,2025
4256,RACHEL CROVELLO,,MARINA,05:34:44,05:24:31,12:23 min/mile,MARATHON,2774,32,220,F,1249,2025
4225,JESSICA MILLER,,SALINAS,05:34:44,05:24:31,12:23 min/mile,MARATHON,2775,30,221,F,1250,2025
3354,ARMIL DEGUZMAN,,POUGHKEEPSIE,05:31:54,05:24:33,12:23 min/mile,MARATHON,2776,55,96,M,1510,2025
4591,ASHUTOSH MALAVIYA,,SAN JOSE,05:34:55,05:24:38,12:23 min/mile,MARATHON,2777,60,67,M,1511,2025
788,ERIC GROVE,,APTOS,05:26:23,05:24:40,12:23 min/mile,MARATHON,2778,45,173,M,1512,2025
1478,CHRISTOPHER PENAFIEL,,USAF ACADEMY,05:24:59,05:24:40,12:23 min/mile,MARATHON,2779,49,174,M,1513,2025
292,JAMES HUNT,,MAUMEE,05:31:35,05:24:48,12:23 min/mile,MARATHON,2780,63,68,M,1514,2025
4161,CASEY DELAY,,SALINAS,05:35:03,05:24:51,12:23 min/mile,MARATHON,2781,36,197,F,1251,2025
4336,RACHEL BELSKUS,,SCOTTSDALE,05:35:06,05:24:57,12:24 min/mile,MARATHON,2782,25,196,F,1252,2025
4505,JODI SCIALLY,,ATLANTA,05:31:43,05:24:58,12:24 min/mile,MARATHON,2783,65,17,F,1253,2025
3457,ANTHONY RASONSKY,,OAKLAND,05:30:20,05:24:59,12:24 min/mile,MARATHON,2784,48,175,M,1515,2025
2859,NANCY TORRES,,SKOKIE,05:27:04,05:25:02,12:24 min/mile,MARATHON,2785,39,198,F,1254,2025
206,GERARDO ACEVEDO,,SEATTLE,05:30:25,05:25:03,12:24 min/mile,MARATHON,2786,29,185,M,1516,2025
4282,JAKE ROSMARIN,,MONROE,05:35:08,05:25:05,12:24 min/mile,MARATHON,2787,28,186,M,1517,2025
4520,HOLLY WILBEE,,COLORADO SPGS,05:35:30,05:25:06,12:24 min/mile,MARATHON,2788,35,199,F,1255,2025
4313,KRISTA LALLEMAND,,SNOQUALMIE,05:34:52,05:25:11,12:24 min/mile,MARATHON,2789,42,214,F,1256,2025
3301,ASHLEY DOHLEN,,MINNEAPOLIS,05:35:45,05:25:12,12:24 min/mile,MARATHON,2790,37,200,F,1257,2025
4496,RENAE ACKER,,MINNEAPOLIS,05:35:45,05:25:12,12:24 min/mile,MARATHON,2791,32,222,F,1258,2025
2567,DAVE STORY,,PORTOLA VALLY,05:32:40,05:25:15,12:24 min/mile,MARATHON,2792,57,97,M,1518,2025
1063,TERENCE QUINN,,TEMPE,05:27:16,05:25:18,12:24 min/mile,MARATHON,2793,37,254,M,1519,2025
4457,COURTNEY MCGUIRE,,OAKLAND,05:35:33,05:25:21,12:25 min/mile,MARATHON,2794,26,197,F,1259,2025
4515,MONICA SLOAN,,DADE CITY,05:35:27,05:25:23,12:25 min/mile,MARATHON,2795,52,103,F,1260,2025
4576,MATTHEW KOONTZ,,DANVILLE,05:36:18,05:25:44,12:25 min/mile,MARATHON,2796,47,176,M,1520,2025
4213,GREG LARSEN,,SONORA,05:36:06,05:25:53,12:26 min/mile,MARATHON,2797,52,141,M,1521,2025
2811,DILLAN NOEL,,SALINAS,05:36:19,05:25:53,12:26 min/mile,MARATHON,2798,26,187,M,1522,2025
4240,MURALI MURUGESAN,,FREMONT,05:36:26,05:25:53,12:26 min/mile,MARATHON,2799,55,98,M,1523,2025
3744,KRISTI SOBECK,,RIVERTON,05:31:27,05:26:00,12:26 min/mile,MARATHON,2800,34,223,F,1261,2025
3883,CARSON CHOY,,COLORADO SPGS,05:32:41,05:26:05,12:26 min/mile,MARATHON,2801,43,248,M,1524,2025
4141,ANNALISE MECHAM,,FORT COLLINS,05:36:14,05:26:05,12:26 min/mile,MARATHON,2802,46,153,F,1262,2025
4567,KAITLIN KENNEDY,,FORT WORTH,05:36:19,05:26:12,12:27 min/mile,MARATHON,2803,30,224,F,1263,2025
730,ANDREW HARRIS,,ELK GROVE,05:27:18,05:26:14,12:27 min/mile,MARATHON,2804,41,249,M,1525,2025
4510,JULIE CARBAJAL,,SACRAMENTO,05:36:30,05:26:19,12:27 min/mile,MARATHON,2805,31,225,F,1264,2025
4229,EMILY SCHWAB,,GLEN CARBON,05:36:34,05:26:21,12:27 min/mile,MARATHON,2806,33,226,F,1265,2025
2116,JILL KOLLAR,,BOULDER,05:27:01,05:26:21,12:27 min/mile,MARATHON,2807,40,215,F,1266,2025
3874,BORIS CHEN,,MORAGA,05:32:15,05:26:22,12:27 min/mile,MARATHON,2808,55,99,M,1526,2025
2442,PRASANTH KOTARU,,SANTA CLARA,05:33:43,05:26:28,12:27 min/mile,MARATHON,2809,31,247,M,1527,2025
4054,DONNELLA WOOD,,SAN LUIS OBISPO,05:35:40,05:26:31,12:27 min/mile,MARATHON,2810,18,6,F,1267,2025
4167,SHARLYN SMITH,,SOUR LAKE,05:36:43,05:26:35,12:27 min/mile,MARATHON,2811,57,59,F,1268,2025
2148,KYLE TOLLIVER,,DENVER,05:37:12,05:26:36,12:27 min/mile,MARATHON,2812,55,100,M,1528,2025
2368,TORY TOLLIVER,,DENVER,05:37:12,05:26:37,12:27 min/mile,MARATHON,2813,40,216,F,1269,2025
4625,FERNANDO MELENDEZ,,BELLFLOWER,05:37:01,05:26:49,12:28 min/mile,MARATHON,2814,59,101,M,1529,2025
391,NICHOLAS BARTLETT,,NORFOLK,05:37:10,05:26:50,12:28 min/mile,MARATHON,2815,34,248,M,1530,2025
4446,RYLIE FRAYMAN,,LEXINGTON,05:37:27,05:26:53,12:28 min/mile,MARATHON,2816,28,198,F,1270,2025
4112,ZACHARY PARISE,,LEXINGTON,05:37:27,05:26:53,12:28 min/mile,MARATHON,2817,29,188,M,1531,2025
253,ANDREW KIM,,WAYNE,05:32:19,05:26:59,12:28 min/mile,MARATHON,2818,26,189,M,1532,2025
252,CATHERINE SCONZO,,CANTON,05:32:20,05:27:00,12:28 min/mile,MARATHON,2819,26,199,F,1271,2025
4494,PRAVEEN KUMAR REDDY MUNAGALA,,SANTA CLARA,05:37:49,05:27:08,12:29 min/mile,MARATHON,2820,40,250,M,1533,2025
4318,PAUL HOFF,,DENVER,05:28:02,05:27:09,12:29 min/mile,MARATHON,2821,58,102,M,1534,2025
4359,SHANNEN HANSEN,,OAKDALE,05:37:39,05:27:19,12:29 min/mile,MARATHON,2822,29,200,F,1272,2025
4120,BLAIR CORNMAN,,SIGNAL MTN,05:37:35,05:27:20,12:29 min/mile,MARATHON,2823,42,217,F,1273,2025
2568,AMY CLARK,,PORTAGE,05:37:59,05:27:22,12:29 min/mile,MARATHON,2824,50,104,F,1274,2025
4176,KELLY WHITE,,BALTIMORE,05:38:20,05:27:30,12:30 min/mile,MARATHON,2825,44,251,M,1535,2025
3747,SATHISH JAYAPAL,,SUN PRAIRIE,05:33:31,05:27:39,12:30 min/mile,MARATHON,2826,49,177,M,1536,2025
3662,BRIAN BITTER,,MADERA,05:34:37,05:27:49,12:30 min/mile,MARATHON,2827,59,103,M,1537,2025
2299,JOHN BEALL,,ALAMEDA,05:33:20,05:27:55,12:30 min/mile,MARATHON,2828,55,104,M,1538,2025
4071,JOSHUA THEURER,,STONE MTN,05:38:27,05:27:58,12:31 min/mile,MARATHON,2829,28,190,M,1539,2025
4322,BHASKARAN SAURABH KIZHAKETHOTTATHIL,,CUPERTINO,05:38:42,05:28:07,12:31 min/mile,MARATHON,2830,37,255,M,1540,2025
4460,JONAH PALMER,,SEASIDE,05:38:47,05:28:17,12:31 min/mile,MARATHON,2831,26,191,M,1541,2025
2481,ABBY ANDREWS,,CARLSBAD,05:38:54,05:28:22,12:31 min/mile,MARATHON,2832,42,218,F,1275,2025
4537,CLARK ANDREWS,,CARLSBAD,05:38:55,05:28:23,12:32 min/mile,MARATHON,2833,42,252,M,1542,2025
4272,SAZZADUR RAHMAN,,WINNETKA,05:38:28,05:28:24,12:32 min/mile,MARATHON,2834,37,256,M,1543,2025
4237,JULIA CRUZ,,PASADENA,05:38:36,05:28:26,12:32 min/mile,MARATHON,2835,23,58,F,1276,2025
4345,STACY DAVENPORT,,BRISTOW,05:38:46,05:28:30,12:32 min/mile,MARATHON,2836,57,60,F,1277,2025
327,PATRICK HODEL,,SACRAMENTO,05:33:49,05:28:31,12:32 min/mile,MARATHON,2837,29,192,M,1544,2025
325,TIA OTT,,LAVALE,05:33:51,05:28:33,12:32 min/mile,MARATHON,2838,50,105,F,1278,2025
12,JAKE MCGUIRE,,OAKLAND,05:28:42,05:28:38,12:32 min/mile,MARATHON,2839,68,31,M,1545,2025
297,LILLIAN PAGE,,UNIVERSITY PL,05:34:02,05:28:39,12:32 min/mile,MARATHON,2840,44,219,F,1279,2025
2700,KAMEKO WASHBURN,,IRVINE,05:36:12,05:28:46,12:32 min/mile,MARATHON,2841,33,227,F,1280,2025
408,CHRISTINA ANGELINA,,VENICE,05:29:19,05:28:52,12:33 min/mile,MARATHON,2842,42,220,F,1281,2025
4501,HEATHER PATEL,,CORAL SPRINGS,05:39:15,05:28:59,12:33 min/mile,MARATHON,2843,45,154,F,1282,2025
4208,JENICA RAMOS,,FAIRFIELD,05:39:15,05:29:00,12:33 min/mile,MARATHON,2844,36,201,F,1283,2025
4565,TINA WALTON,,CHOCTAW,05:39:38,05:29:03,12:33 min/mile,MARATHON,2845,51,106,F,1284,2025
4519,CHRISTINE HANMER,,SMITHTOWN,05:40:01,05:29:09,12:33 min/mile,MARATHON,2846,53,107,F,1285,2025
4381,ARAHATE KHAMSOUK,,LANCASTER,05:39:35,05:29:10,12:33 min/mile,MARATHON,2847,50,142,M,1546,2025
3798,KARLA KIRKWOOD,,SAN FRANCISCO,05:36:39,05:29:18,12:34 min/mile,MARATHON,2848,70,4,F,1286,2025
4184,NELIDA ROQUE,,WHITTIER,05:39:28,05:29:20,12:34 min/mile,MARATHON,2849,51,108,F,1287,2025
4360,MEAGHAN WILLIAMS,,FLINT,05:40:08,05:29:23,12:34 min/mile,MARATHON,2850,39,202,F,1288,2025
3884,RANDY THOMPSON,,DAVIS,05:39:45,05:29:35,12:34 min/mile,MARATHON,2851,56,105,M,1547,2025
398,KYLE CLAY,,KINGWOOD,05:39:48,05:29:39,12:34 min/mile,MARATHON,2852,25,193,M,1548,2025
4321,TARA WEINSTEIN,,SAN MATEO,05:40:02,05:29:39,12:34 min/mile,MARATHON,2853,21,59,F,1289,2025
2644,GRZEGORZ BEREZNIAK,,FLEMINGTON,05:31:39,05:29:46,12:35 min/mile,MARATHON,2854,57,106,M,1549,2025
2839,MATT SPEERS,,PARK CITY,05:37:02,05:29:51,12:35 min/mile,MARATHON,2855,35,257,M,1550,2025
282,LACEY WOODRING,,TULSA,05:35:03,05:29:51,12:35 min/mile,MARATHON,2856,39,203,F,1290,2025
2130,CATE HUMBY,,DENVER,05:30:31,05:29:54,12:35 min/mile,MARATHON,2857,55,61,F,1291,2025
4320,JOSHUA TOLBERT,,VISALIA,05:40:27,05:29:56,12:35 min/mile,MARATHON,2858,37,258,M,1551,2025
379,EMRE CAN KILINC,,ATLANTA,05:40:15,05:29:56,12:35 min/mile,MARATHON,2859,39,259,M,1552,2025
4658,JULIA CROTEAU,,PLACERVILLE,05:40:14,05:29:59,12:35 min/mile,MARATHON,2860,55,62,F,1292,2025
4041,CHLOE HEATH,,SAN FRANCISCO,05:35:36,05:30:16,12:36 min/mile,MARATHON,2861,24,60,F,1293,2025
2279,ANNA SZIKLAI,,LOS ANGELES,05:35:37,05:30:16,12:36 min/mile,MARATHON,2862,24,61,F,1294,2025
2073,GEOFFREY TURGEON,,MINNEAPOLIS,05:36:41,05:30:19,12:36 min/mile,MARATHON,2863,35,260,M,1553,2025
4036,SYLVIA HARDY,,VENICE,05:40:54,05:30:34,12:37 min/mile,MARATHON,2864,40,221,F,1295,2025
3688,JEANNETTE RODRIGUEZ,,FREMONT,05:41:06,05:30:41,12:37 min/mile,MARATHON,2865,45,155,F,1296,2025
4142,JAIME LAW,,BEAVERTON,05:41:05,05:30:41,12:37 min/mile,MARATHON,2866,38,204,F,1297,2025
4668,ANA BORKOWSKI,,QUEEN CREEK,05:41:10,05:30:43,12:37 min/mile,MARATHON,2867,40,222,F,1298,2025
3711,BHUPENDRA RAWAL,,FITCHBURG,05:36:03,05:30:59,12:37 min/mile,MARATHON,2868,57,107,M,1554,2025
3731,KATIE KING,,SACRAMENTO,05:38:30,05:31:02,12:38 min/mile,MARATHON,2869,22,62,F,1299,2025
224,ANA LOPEZ CERVERA,,LIVERMORE,05:36:14,05:31:05,12:38 min/mile,MARATHON,2870,44,223,F,1300,2025
4633,PATRICIA PACZEDLIK,,HIGHLANDS,05:41:26,05:31:15,12:38 min/mile,MARATHON,2871,49,156,F,1301,2025
4207,KATHLEEN DWYER,,SAINT LOUIS,05:41:31,05:31:18,12:38 min/mile,MARATHON,2872,61,33,F,1302,2025
4200,EDWARD AUSTRIA,,SAN RAMON,05:41:49,05:31:20,12:38 min/mile,MARATHON,2873,56,108,M,1555,2025
3466,SCOTT MITIC,,PORTOLA VALLEY,05:38:12,05:31:23,12:38 min/mile,MARATHON,2874,55,109,M,1556,2025
3549,DYLAN MITIC,,PORTOLA VALLEY,05:38:12,05:31:23,12:38 min/mile,MARATHON,2875,20,59,M,1557,2025
2544,KASSANDRA KASPAREK,,OAKLAND,05:37:32,05:31:35,12:39 min/mile,MARATHON,2876,32,228,F,1303,2025
4218,KENDA EBERHARDT,,KANSAS CITY,05:42:19,05:31:37,12:39 min/mile,MARATHON,2877,30,229,F,1304,2025
385,KATIE SCHWENDIG,,MOUNTLAKE TER,05:41:48,05:31:37,12:39 min/mile,MARATHON,2878,31,230,F,1305,2025
3219,THOMAS MINOR,,MONTEREY,05:37:43,05:31:39,12:39 min/mile,MARATHON,2879,23,60,M,1558,2025
2377,GINA GRIMM,,HAPPY VALLEY,05:37:10,05:31:41,12:39 min/mile,MARATHON,2880,53,109,F,1306,2025
2699,HEATHER MAYER,,HAPPY VALLEY,05:37:09,05:31:41,12:39 min/mile,MARATHON,2881,48,157,F,1307,2025
402,JAMES BEAULIEU,,MISSOURI CITY,05:42:11,05:31:44,12:39 min/mile,MARATHON,2882,64,69,M,1559,2025
3589,MATT BELL,,PACIFIC GROVE,05:42:27,05:31:46,12:39 min/mile,MARATHON,2883,65,32,M,1560,2025
4342,MARK DENNY,,PACIFIC GROVE,05:42:27,05:31:47,12:39 min/mile,MARATHON,2884,74,9,M,1561,2025
2419,STEVEN DONOVAN,,NEWBURYPORT,05:42:26,05:31:48,12:39 min/mile,MARATHON,2885,45,178,M,1562,2025
2927,DAVID REITSMA,,ACTON,05:38:50,05:31:49,12:39 min/mile,MARATHON,2886,67,33,M,1563,2025
2926,MARISSA REITSMA,,REDWOOD CITY,05:38:50,05:31:49,12:39 min/mile,MARATHON,2887,32,231,F,1308,2025
677,SIERRA FORISTER,,LEWISVILLE,05:33:45,05:31:52,12:40 min/mile,MARATHON,2888,31,232,F,1309,2025
2970,GARRETT QUATHAMER,,LAKEWOOD,05:37:30,05:31:52,12:40 min/mile,MARATHON,2889,33,249,M,1564,2025
3262,RICK WILSON,,SANTA MONICA,05:37:37,05:31:54,12:40 min/mile,MARATHON,2890,66,34,M,1565,2025
4622,ANDRINA KNOBEL,,BEND,05:42:52,05:32:04,12:40 min/mile,MARATHON,2891,42,224,F,1310,2025
3160,JONATHAN APOSTOL,,ELK GROVE,05:39:32,05:32:09,12:40 min/mile,MARATHON,2892,30,250,M,1566,2025
3565,CHRISTINE ASSEFA,,SAN DIEGO,05:38:58,05:32:11,12:40 min/mile,MARATHON,2893,33,233,F,1311,2025
2745,RYAN LE,,MARINA,05:39:21,05:32:19,12:41 min/mile,MARATHON,2894,31,251,M,1567,2025
1743,DAVID QUACH,,MARINA,05:39:20,05:32:20,12:41 min/mile,MARATHON,2895,38,261,M,1568,2025
577,LEWIS TAN,,SINGAPORE,05:32:40,05:32:27,12:41 min/mile,MARATHON,2896,37,262,M,1569,2025
3032,ROBIN NEEB,,KALAMAZOO,05:39:34,05:32:27,12:41 min/mile,MARATHON,2897,51,110,F,1312,2025
2639,RANDY GRANT,,MCMINNVILLE,05:40:02,05:32:32,12:41 min/mile,MARATHON,2898,59,110,M,1570,2025
2692,AMBER BLISS,,NEW ALBANY,05:40:00,05:32:34,12:41 min/mile,MARATHON,2899,47,158,F,1313,2025
4303,JEAN BLUNDERFIELD,,WEST VANCOUVER,05:42:59,05:32:35,12:41 min/mile,MARATHON,2900,69,18,F,1314,2025
4199,JORDAN TOM,,SAN FRANCISCO,05:43:01,05:32:35,12:41 min/mile,MARATHON,2901,42,253,M,1571,2025
4382,SARA SOUTHWICK,,NORTH AUGUSTA,05:42:44,05:32:35,12:41 min/mile,MARATHON,2902,35,205,F,1315,2025
2527,JACK MCTOMNEY,,CAMARILLO,05:38:20,05:32:36,12:41 min/mile,MARATHON,2903,30,252,M,1572,2025
4479,DAVID LABELLE,,SEASIDE,05:43:36,05:32:40,12:41 min/mile,MARATHON,2904,36,263,M,1573,2025
2744,ANDREA FREEDLUND,,ALISO VIEJO,05:38:49,05:32:40,12:41 min/mile,MARATHON,2905,56,63,F,1316,2025
3236,DONTAI WARNER,,WEST POINT,05:39:38,05:32:44,12:41 min/mile,MARATHON,2906,39,206,F,1317,2025
2349,MICHELLE KINZBACH,,REEDS SPRING,05:40:10,05:32:56,12:42 min/mile,MARATHON,2907,57,64,F,1318,2025
2348,KIM WHEELER,,GALENA,05:40:09,05:32:57,12:42 min/mile,MARATHON,2908,60,34,F,1319,2025
354,ANGIE BELLANTI,,SPRINGFIELD,05:43:17,05:33:00,12:42 min/mile,MARATHON,2909,40,225,F,1320,2025
353,BRIAN BELLANTI,,SPRINGFIELD,05:43:19,05:33:02,12:42 min/mile,MARATHON,2910,45,179,M,1574,2025
284,JONATHAN CARROLL,,AUSTIN,05:38:14,05:33:05,12:42 min/mile,MARATHON,2911,46,180,M,1575,2025
2835,MARY ANN WETTLER,,SANTA ANA,05:40:09,05:33:10,12:42 min/mile,MARATHON,2912,60,35,F,1321,2025
4175,ERIK CHAU,,BAKERSFIELD,05:43:40,05:33:12,12:43 min/mile,MARATHON,2913,29,194,M,1576,2025
2637,BRYAN CHAU,,GARDEN GROVE,05:43:40,05:33:12,12:43 min/mile,MARATHON,2914,27,195,M,1577,2025
1057,DAVID ORTIZ,,NEW BRAUNFELS,05:34:41,05:33:12,12:43 min/mile,MARATHON,2915,55,111,M,1578,2025
4555,ALBERT MALDONADO,,TEMPLE CITY,05:43:19,05:33:13,12:43 min/mile,MARATHON,2916,47,181,M,1579,2025
3462,SHREYAS SHANKAR,,SANTA CLARA,05:40:13,05:33:17,12:43 min/mile,MARATHON,2917,32,253,M,1580,2025
4153,DAVID HAYDEN,,SAN DIEGO,05:43:42,05:33:21,12:43 min/mile,MARATHON,2918,24,61,M,1581,2025
4062,CAITLIN GREENUP,,HACIENDA HTS,05:44:09,05:33:23,12:43 min/mile,MARATHON,2919,26,201,F,1322,2025
4057,WILLIAM CHAPMAN,,PHOENIX,05:44:09,05:33:23,12:43 min/mile,MARATHON,2920,27,196,M,1582,2025
2984,KATHRYN JARUSESKI,,OAK PARK,05:43:46,05:33:24,12:43 min/mile,MARATHON,2921,34,234,F,1323,2025
4362,ASHLEY LUHMANN,,BERTHOUD,05:43:51,05:33:31,12:43 min/mile,MARATHON,2922,38,207,F,1324,2025
2449,KARYN RYAN,,WAUWATOSA,05:39:42,05:33:33,12:43 min/mile,MARATHON,2923,61,36,F,1325,2025
4544,SHAUNA SOPHY,,WALNUT CREEK,05:44:13,05:33:36,12:43 min/mile,MARATHON,2924,46,159,F,1326,2025
3794,AUSTIN CASTRO,,SALINAS,05:39:43,05:33:43,12:44 min/mile,MARATHON,2925,28,197,M,1583,2025
3704,RICHARD PLATT,,BRENTWOOD,05:35:40,05:33:43,12:44 min/mile,MARATHON,2926,41,254,M,1584,2025
3899,MARSHA PAUL,,SHEPHERDSVLLE,05:41:16,05:33:52,12:44 min/mile,MARATHON,2927,54,111,F,1327,2025
4295,LUIZ SOARES,,RYE,05:44:06,05:33:55,12:44 min/mile,MARATHON,2928,54,143,M,1585,2025
3758,ANN RICH,,LOS GATOS,05:41:05,05:33:55,12:44 min/mile,MARATHON,2929,56,65,F,1328,2025
4079,CATRIONA DUNCAN,,CHICAGO,05:45:09,05:34:32,12:46 min/mile,MARATHON,2930,39,208,F,1329,2025
4530,MICHELE PARKS,,ROSWELL,05:44:49,05:34:32,12:46 min/mile,MARATHON,2931,58,66,F,1330,2025
4543,MARIA HUFF,,PLANTSVILLE,05:44:49,05:34:32,12:46 min/mile,MARATHON,2932,54,112,F,1331,2025
1128,WEI XIONG,,FOSTER CITY,05:36:20,05:34:35,12:46 min/mile,MARATHON,2933,41,226,F,1332,2025
4174,LANDON ALVARADO,,PACIFIC GROVE,05:44:44,05:34:42,12:46 min/mile,MARATHON,2934,32,254,M,1586,2025
4701,SICHENG PAN,,SANTA CLARA,05:44:53,05:34:44,12:46 min/mile,MARATHON,2935,31,235,F,1333,2025
3436,MEGAN STEVENS,,MODESTO,05:42:05,05:34:47,12:46 min/mile,MARATHON,2936,36,209,F,1334,2025
369,JOEY CANAMO,,ORLANDO,05:44:55,05:34:49,12:46 min/mile,MARATHON,2937,40,255,M,1587,2025
3727,CHRISTIAN ARRIOLA,,WASHINGTON,05:41:58,05:34:53,12:46 min/mile,MARATHON,2938,50,144,M,1588,2025
99,PHILIPPE GLESS,,LIMOURS,05:35:34,05:34:55,12:46 min/mile,MARATHON,2939,56,112,M,1589,2025
4092,ASHLEY DELOSH,,WASHINGTON,05:45:44,05:34:56,12:47 min/mile,MARATHON,2940,35,210,F,1335,2025
399,STEVE KANALY,,DALLAS,05:45:09,05:34:59,12:47 min/mile,MARATHON,2941,41,256,M,1590,2025
4331,PAUL POPE,,SARASOTA,05:45:25,05:34:59,12:47 min/mile,MARATHON,2942,54,145,M,1591,2025
2475,CURTIS KOSIC,,FREMONT,05:41:28,05:35:06,12:47 min/mile,MARATHON,2943,27,198,M,1592,2025
2434,BRIAN KORNBLUM,,MAYBROOK,05:42:36,05:35:11,12:47 min/mile,MARATHON,2944,43,257,M,1593,2025
2208,MOON SIL CHOI,,CERRITOS,05:40:19,05:35:17,12:47 min/mile,MARATHON,2945,61,37,F,1336,2025
2558,HENRY STELLMACH,,SAUK RAPIDS,05:42:31,05:35:28,12:48 min/mile,MARATHON,2946,34,255,M,1594,2025
237,VIRGINIA NEWBERRY,,CINCINNATI,05:40:48,05:35:28,12:48 min/mile,MARATHON,2947,47,160,F,1337,2025
3471,RONALDO HIPOLITO,,STOCKTON,05:40:52,05:35:30,12:48 min/mile,MARATHON,2948,61,70,M,1595,2025
4713,ASHLEY SCARBOROUGH,,RICHMOND,05:46:19,05:35:32,12:48 min/mile,MARATHON,2949,42,227,F,1338,2025
165,ARTURO JAUREGUI,,BAKERSFIELD,05:40:45,05:35:33,12:48 min/mile,MARATHON,2950,45,182,M,1596,2025
4144,MICHAEL MAYER,,LOS ANGELES,05:46:22,05:35:35,12:48 min/mile,MARATHON,2951,45,183,M,1597,2025
4194,SUSANNE BURCHARD,,SACRAMENTO,05:46:05,05:35:39,12:48 min/mile,MARATHON,2952,63,38,F,1339,2025
3607,HA NGUYEN,,PALO ALTO,05:41:17,05:35:47,12:48 min/mile,MARATHON,2953,47,161,F,1340,2025
3767,LUCY BEARD,,CARMEL VALLEY,05:41:19,05:35:47,12:48 min/mile,MARATHON,2954,39,211,F,1341,2025
4719,JOSEPH WARD,,MONTEREY,05:46:10,05:35:52,12:49 min/mile,MARATHON,2955,36,264,M,1598,2025
4392,CRISSY GEE,,DANVILLE,05:46:30,05:35:55,12:49 min/mile,MARATHON,2956,36,212,F,1342,2025
3039,JENNIFER YORK,,SAINT LOUIS,05:43:34,05:36:11,12:49 min/mile,MARATHON,2957,48,162,F,1343,2025
238,JONATHAN CLEMENT,,REDLANDS,05:43:41,05:36:12,12:49 min/mile,MARATHON,2958,39,265,M,1599,2025
4528,CHATKAMONWAN KNISPEL,,SANTA BARBARA,05:47:01,05:36:13,12:49 min/mile,MARATHON,2959,41,228,F,1344,2025
998,JULIO BERMUDEZ,,SAN DIEGO,05:37:01,05:36:15,12:50 min/mile,MARATHON,2960,29,199,M,1600,2025
2541,KRISTIN KIESEL,,DAVIS,05:43:30,05:36:18,12:50 min/mile,MARATHON,2961,50,113,F,1345,2025
4387,MARILYN LAROCCA,,VALENCIA,05:47:02,05:36:20,12:50 min/mile,MARATHON,2962,61,39,F,1346,2025
3660,TAYLOR FOREMAN,,WASHINGTON,05:38:04,05:36:21,12:50 min/mile,MARATHON,2963,34,236,F,1347,2025
2436,CHRIS HANSEN,,CARMEL VALLEY,05:42:12,05:36:25,12:50 min/mile,MARATHON,2964,61,71,M,1601,2025
4306,KAREN DOLBEE,,PUNTA GORDA,05:47:16,05:36:28,12:50 min/mile,MARATHON,2965,46,163,F,1348,2025
331,CATHY VENIEGAS,,FRIENDSWOOD,05:41:58,05:36:42,12:51 min/mile,MARATHON,2966,44,229,F,1349,2025
3051,COLLEEN PRIFOGLE,,SUMMIT,05:43:24,05:36:42,12:51 min/mile,MARATHON,2967,47,164,F,1350,2025
4597,HALEY BAUER,,REDONDO BEACH,05:46:52,05:36:44,12:51 min/mile,MARATHON,2968,31,237,F,1351,2025
3059,MACKENZIE BAUER,,MINNEAPOLIS,05:46:51,05:36:45,12:51 min/mile,MARATHON,2969,30,238,F,1352,2025
4641,DEBORAH BAUER,,LAKE MILLS,05:46:52,05:36:45,12:51 min/mile,MARATHON,2970,63,40,F,1353,2025
2609,JORGE VALENZUELA,,SALINAS,05:47:09,05:36:47,12:51 min/mile,MARATHON,2971,41,258,M,1602,2025
4039,NATALIE MORGAN,,VANCOUVER,05:46:57,05:36:49,12:51 min/mile,MARATHON,2972,32,239,F,1354,2025
1358,DIANA BOUZ,,SAN DIMAS,05:47:24,05:36:55,12:51 min/mile,MARATHON,2973,39,213,F,1355,2025
4485,SARAH HAAS,,SAN DIMAS,05:47:25,05:36:56,12:51 min/mile,MARATHON,2974,39,214,F,1356,2025
4004,CARMELLA CUVA,,MONTEREY,05:42:09,05:36:59,12:51 min/mile,MARATHON,2975,54,114,F,1357,2025
4379,STACY SIMMERMAN,,SANTA ANA,05:47:47,05:37:02,12:51 min/mile,MARATHON,2976,49,165,F,1358,2025
4383,JENNIFER PENAFIEL,,USAF ACADEMY,05:47:15,05:37:05,12:51 min/mile,MARATHON,2977,46,166,F,1359,2025
2643,LAN ZHONG,,MOUNTAIN VIEW,05:42:49,05:37:08,12:52 min/mile,MARATHON,2978,33,240,F,1360,2025
4170,ANURADHA HEGDE,,SAN JOSE,05:47:26,05:37:15,12:52 min/mile,MARATHON,2979,55,67,F,1361,2025
2615,LINDSAY JONES,,LAS VEGAS,05:44:28,05:37:46,12:53 min/mile,MARATHON,2980,39,215,F,1362,2025
4584,JOYCE FLORES,,TORRANCE,05:48:36,05:38:01,12:54 min/mile,MARATHON,2981,30,241,F,1363,2025
4680,MARIA RUSCH,,SPRINGVILLE,05:48:34,05:38:04,12:54 min/mile,MARATHON,2982,59,68,F,1364,2025
4564,KARINA BARNETT,,SAN JOSE,05:48:37,05:38:25,12:55 min/mile,MARATHON,2983,26,202,F,1365,2025
1385,EMILY RUFFNER,,CHICAGO,05:40:24,05:38:28,12:55 min/mile,MARATHON,2984,42,230,F,1366,2025
4594,JODY LEMMER,,PAW PAW,05:49:10,05:38:32,12:55 min/mile,MARATHON,2985,48,167,F,1367,2025
2940,HANNAH TAYLOR,,TERRE HAUTE,05:45:43,05:38:33,12:55 min/mile,MARATHON,2986,39,216,F,1368,2025
3496,MASON BERGH,,CALHOUN,05:45:51,05:38:34,12:55 min/mile,MARATHON,2987,36,266,M,1603,2025
3495,ROXANNE SHARIF,,CALHOUN,05:45:51,05:38:35,12:55 min/mile,MARATHON,2988,34,242,F,1369,2025
4552,FELA TEJEDA,,BIG SUR,05:48:43,05:38:36,12:55 min/mile,MARATHON,2989,47,168,F,1370,2025
3910,LAURA HUNSTOCK,,LAS VEGAS,05:45:20,05:38:38,12:55 min/mile,MARATHON,2990,40,231,F,1371,2025
294,SARAH HUBER,,WESTERVILLE,05:43:57,05:38:41,12:55 min/mile,MARATHON,2991,40,232,F,1372,2025
4768,ANURAG PATIL,,FREMONT,05:49:17,05:38:41,12:55 min/mile,MARATHON,2992,45,184,M,1604,2025
3812,HELEN SHEN,,HILLSBOROUGH,05:44:32,05:38:48,12:55 min/mile,MARATHON,2993,53,115,F,1373,2025
2978,TROY DILDINE,,SAN FRANCISCO,05:46:02,05:38:50,12:55 min/mile,MARATHON,2994,34,0,N,10,2025
4347,DON AUGUSTINE,,DE PERE,05:49:33,05:39:08,12:56 min/mile,MARATHON,2995,46,185,M,1605,2025
4136,BRADY PAUKEN,,CAMPBELL,05:49:20,05:39:13,12:56 min/mile,MARATHON,2996,23,62,M,1606,2025
2555,CYNTHIA DIAZ,,SAN JOSE,05:49:20,05:39:14,12:56 min/mile,MARATHON,2997,23,63,F,1374,2025
3515,JACOB KACICH,,O FALLON,05:44:51,05:39:17,12:56 min/mile,MARATHON,2998,25,200,M,1607,2025
3173,JOSH STRAHAN,,EL DORADO HLS,05:49:30,05:39:26,12:57 min/mile,MARATHON,2999,38,267,M,1608,2025
973,EDWARD MARGALLO,,GILROY,05:44:57,05:39:36,12:57 min/mile,MARATHON,3000,42,259,M,1609,2025
4007,MILAGROS SERRANO,,WESTWOOD,05:45:07,05:39:38,12:57 min/mile,MARATHON,3001,59,69,F,1375,2025
2862,JAMES DUKE,,HUNTINGTON,05:47:01,05:39:44,12:58 min/mile,MARATHON,3002,63,72,M,1610,2025
347,ERIN COPELAND,,ESTES PARK,05:50:06,05:39:48,12:58 min/mile,MARATHON,3003,48,169,F,1376,2025
2445,REFUGIO RODRIGUEZ,,WHITTIER,05:46:19,05:39:52,12:58 min/mile,MARATHON,3004,32,256,M,1611,2025
4238,NOE SANTIAGO,,CASTROVILLE,05:50:13,05:39:57,12:58 min/mile,MARATHON,3005,40,260,M,1612,2025
4209,GINA MARTINEZ,,FITCHBURG,05:50:18,05:40:05,12:58 min/mile,MARATHON,3006,39,217,F,1377,2025
4160,RICARDO CASTANEDA,,SALINAS,05:50:23,05:40:06,12:58 min/mile,MARATHON,3007,37,268,M,1613,2025
4117,MANNDI STRAHAN,,EL DORADO HLS,05:49:30,05:40:08,12:58 min/mile,MARATHON,3008,37,218,F,1378,2025
3725,NANCY STOLTZFUS,,PARKESBURG,05:46:19,05:40:14,12:59 min/mile,MARATHON,3009,66,19,F,1379,2025
2768,CHRIS CHARBONNET,,GLENDALE,05:46:17,05:40:16,12:59 min/mile,MARATHON,3010,59,113,M,1614,2025
3721,MITCHELL MASUDA,,SAN DIEGO,05:47:45,05:40:17,12:59 min/mile,MARATHON,3011,39,269,M,1615,2025
4260,ERICA ESTRADA,,CHICAGO,05:50:50,05:40:28,12:59 min/mile,MARATHON,3012,43,233,F,1380,2025
3075,GURMAN MUDAHAR,,SALINAS,05:47:52,05:40:33,12:59 min/mile,MARATHON,3013,35,270,M,1616,2025
1660,SARAH DELLETT,,SACRAMENTO,05:47:00,05:40:45,13:00 min/mile,MARATHON,3014,29,203,F,1381,2025
4305,EKATERINA BURTSEVA,,SLC,05:51:35,05:40:53,13:00 min/mile,MARATHON,3015,29,204,F,1382,2025
4123,SCOTT KREGER,,GERMANTOWN,05:46:24,05:40:55,13:00 min/mile,MARATHON,3016,60,73,M,1617,2025
3621,VINEET KUMAR,,PLEASANTON,05:47:59,05:40:58,13:00 min/mile,MARATHON,3017,49,0,X,0,2025
4526,PAUL SILVA,,RCH CUCAMONGA,05:51:15,05:41:04,13:01 min/mile,MARATHON,3018,28,201,M,1618,2025
2518,MARK MUSGRAVE,,CHICAGO,05:48:22,05:41:07,13:01 min/mile,MARATHON,3019,60,74,M,1619,2025
4165,CHIEKO NOZAKI,,SALINAS,05:51:19,05:41:08,13:01 min/mile,MARATHON,3020,53,116,F,1383,2025
2613,MARC CARLINI,,LOS ANGELES,05:46:19,05:41:13,13:01 min/mile,MARATHON,3021,46,186,M,1620,2025
212,MICHAEL MORRIS,,SAN FRANCISCO,05:46:41,05:41:26,13:01 min/mile,MARATHON,3022,54,146,M,1621,2025
4352,SUSAN MALANDRA,,MAHWAH,05:51:43,05:41:31,13:02 min/mile,MARATHON,3023,55,70,F,1384,2025
4180,JULIE WOOLF,,SEATTLE,05:52:18,05:41:31,13:02 min/mile,MARATHON,3024,36,219,F,1385,2025
4461,SARANG HENRY,,PACIFIC GROVE,05:52:06,05:41:36,13:02 min/mile,MARATHON,3025,35,220,F,1386,2025
4440,JESSICA SILVERMAN,,WESTFORD,05:52:06,05:41:43,13:02 min/mile,MARATHON,3026,40,234,F,1387,2025
3541,ERIC HOLDEN,,PORTLAND,05:52:00,05:41:48,13:02 min/mile,MARATHON,3027,56,114,M,1622,2025
2979,YINING CHEN,,LONG IS CITY,05:49:22,05:41:56,13:03 min/mile,MARATHON,3028,33,243,F,1388,2025
3112,KRISTIN HUNGERFORD,,SWANTON,05:48:36,05:41:57,13:03 min/mile,MARATHON,3029,39,221,F,1389,2025
2276,ELVAN CAVAC,,SAN FRANCISCO,05:49:10,05:41:59,13:03 min/mile,MARATHON,3030,33,244,F,1390,2025
3605,ETHAN MARCHETTI,,GLEN ELLYN,05:49:24,05:41:59,13:03 min/mile,MARATHON,3031,26,202,M,1623,2025
4156,EMILY SURTANI,,HARRISON,05:52:46,05:42:03,13:03 min/mile,MARATHON,3032,31,245,F,1391,2025
4692,VIVIAN KWOK,,OAKLAND,05:47:29,05:42:05,13:03 min/mile,MARATHON,3033,46,170,F,1392,2025
3859,HEATHER BIONDOLILLO,,PERRY,05:52:43,05:42:15,13:03 min/mile,MARATHON,3034,52,117,F,1393,2025
2674,JOAN LEE,,LOS ANGELES,05:47:24,05:42:18,13:03 min/mile,MARATHON,3035,42,235,F,1394,2025
3100,JOSHUA CAHOON,,MISSOULA,05:49:34,05:42:29,13:04 min/mile,MARATHON,3036,40,261,M,1624,2025
4587,STEPHEN HALSTEAD,,CANTONMENT,05:52:42,05:42:37,13:04 min/mile,MARATHON,3037,59,115,M,1625,2025
4072,AMBER BUDDEN,,SANTA BARBARA,05:53:04,05:42:38,13:04 min/mile,MARATHON,3038,51,118,F,1395,2025
4252,DANIEL NOEL,,SALINAS,05:53:05,05:42:38,13:04 min/mile,MARATHON,3039,28,0,N,11,2025
220,DIANA STEELE JONES,,REDLANDS,05:53:22,05:42:40,13:04 min/mile,MARATHON,3040,38,222,F,1396,2025
4203,APRIL PARKHURST,,ROGERS,05:52:58,05:42:42,13:04 min/mile,MARATHON,3041,46,171,F,1397,2025
3421,LAUREN TUZZOLINO,,WASHINGTON,05:49:31,05:42:44,13:04 min/mile,MARATHON,3042,42,236,F,1398,2025
4378,SAIKA PAHARI,,HOUSTON,05:53:35,05:42:44,13:04 min/mile,MARATHON,3043,38,223,F,1399,2025
4023,INGA SPIGENER,,TAMPA,05:53:28,05:42:47,13:05 min/mile,MARATHON,3044,44,262,M,1626,2025
275,RYAN WENDT,,CHICAGO,05:48:11,05:42:56,13:05 min/mile,MARATHON,3045,36,271,M,1627,2025
4454,SHABNAM SAGGI,,BRENTWOOD,05:53:09,05:43:03,13:05 min/mile,MARATHON,3046,43,237,F,1400,2025
4523,FRANZ-JOSEF SCHREPF,,SAN FRANCISCO,05:53:28,05:43:16,13:06 min/mile,MARATHON,3047,31,257,M,1628,2025
4115,SAMANTHA JOHNSON,,FRESNO,05:54:17,05:43:29,13:06 min/mile,MARATHON,3048,31,246,F,1401,2025
4151,FRANCISCO DELAGARZA,,FRESNO,05:54:18,05:43:30,13:06 min/mile,MARATHON,3049,36,272,M,1629,2025
4340,SHARON BOYD,,BENTONVILLE,05:53:59,05:43:33,13:06 min/mile,MARATHON,3050,45,172,F,1402,2025
4090,DIEGO SANCHEZ,,CARMEL VALLEY,05:54:02,05:43:52,13:07 min/mile,MARATHON,3051,52,147,M,1630,2025
2322,BRITTENY SCHALK,,MINNEAPOLIS,05:50:19,05:44:06,13:08 min/mile,MARATHON,3052,35,224,F,1403,2025
4018,NICOLE MOWERS,,SACRAMENTO,05:51:22,05:44:07,13:08 min/mile,MARATHON,3053,29,205,F,1404,2025
1686,BRAD PHILLIPS,,CAVE SPRINGS,05:54:41,05:44:09,13:08 min/mile,MARATHON,3054,48,187,M,1631,2025
3137,MICHAEL WHITE,,TEMPLETON,05:50:23,05:44:10,13:08 min/mile,MARATHON,3055,40,263,M,1632,2025
4670,REBECCA DICKENS,,LEMOORE,05:54:59,05:44:15,13:08 min/mile,MARATHON,3056,37,225,F,1405,2025
2515,JING ZHU,,LONG IS CITY,05:50:05,05:44:17,13:08 min/mile,MARATHON,3057,35,226,F,1406,2025
3028,NATALIE DAVILA,,SAN DIEGO,05:49:32,05:44:22,13:08 min/mile,MARATHON,3058,34,247,F,1407,2025
585,CHERYL COOPER,,MONROE,05:45:49,05:44:25,13:08 min/mile,MARATHON,3059,61,41,F,1408,2025
516,KEITH LA LONDE,,MONROE,05:45:50,05:44:25,13:08 min/mile,MARATHON,3060,60,75,M,1633,2025
2501,TAYLOR KELLER,,RIVERSIDE,05:51:50,05:44:30,13:08 min/mile,MARATHON,3061,35,273,M,1634,2025
2234,JEANNE CARON,,NORTH ANDOVER,05:49:38,05:44:30,13:08 min/mile,MARATHON,3062,53,119,F,1409,2025
3161,GASPAR MARQUEZ,,SALINAS,05:54:53,05:44:36,13:09 min/mile,MARATHON,3063,54,148,M,1635,2025
3537,JORGE DIAZ,,CLOVIS,05:52:06,05:44:38,13:09 min/mile,MARATHON,3064,47,188,M,1636,2025
2570,DON JACKSON,,BUDA,05:51:52,05:44:43,13:09 min/mile,MARATHON,3065,55,116,M,1637,2025
3033,MICHAEL JACOBSON,,OAKLAND TWP,05:51:35,05:44:50,13:09 min/mile,MARATHON,3066,53,149,M,1638,2025
2663,PATRICK CHIU,,SAN FRANCISCO,05:52:00,05:44:50,13:09 min/mile,MARATHON,3067,54,150,M,1639,2025
2806,CARMINA DONAIRE,,MONTEBELLO,05:50:58,05:44:58,13:10 min/mile,MARATHON,3068,51,120,F,1410,2025
4078,SARAH PALMISANO,,CHICAGO,05:45:10,05:45:10,13:10 min/mile,MARATHON,3069,38,227,F,1411,2025
4287,THOMAS ANDERTON,,HULL,05:55:58,05:45:11,13:10 min/mile,MARATHON,3070,40,264,M,1640,2025
222,DUNCAN BAGSHAW,,RIVERSIDE,05:52:48,05:45:16,13:10 min/mile,MARATHON,3071,55,117,M,1641,2025
4028,WILLIAM KAPAVIK,,WACO,05:55:53,05:45:20,13:10 min/mile,MARATHON,3072,68,35,M,1642,2025
4029,CANDACE LANDER-KAPAVIK,,WACO,05:55:56,05:45:22,13:10 min/mile,MARATHON,3073,51,121,F,1412,2025
3166,GEORGE STRATMAN,,ARLINGTON,05:52:54,05:45:26,13:11 min/mile,MARATHON,3074,51,151,M,1643,2025
4217,ALEXANDER JURKO,,FT LAUDERDALE,05:56:10,05:45:45,13:11 min/mile,MARATHON,3075,30,258,M,1644,2025
4391,SANDRA BROWN,,LA MIRADA,05:56:01,05:45:46,13:11 min/mile,MARATHON,3076,49,173,F,1413,2025
3113,ROBERTO OCAMPO,,CHULA VISTA,05:51:59,05:45:46,13:11 min/mile,MARATHON,3077,43,265,M,1645,2025
3596,ANGEL DOMINGUEZ,,SALINAS,05:53:12,05:45:53,13:12 min/mile,MARATHON,3078,24,63,M,1646,2025
3597,COLEEN LA ROQUE,,SALINAS,05:53:12,05:45:53,13:12 min/mile,MARATHON,3079,23,64,F,1414,2025
2834,ISLAND CENTENO,,SEASIDE,05:51:01,05:45:56,13:12 min/mile,MARATHON,3080,65,20,F,1415,2025
1809,PATRICK BABCOCK,,COLORADO SPGS,05:47:25,05:45:58,13:12 min/mile,MARATHON,3081,42,266,M,1647,2025
4712,NICHOLAS ELKINS,,PORTLAND,05:56:28,05:46:06,13:12 min/mile,MARATHON,3082,33,259,M,1648,2025
2897,OWEN PENDLEY,,DALLAS,05:53:04,05:46:07,13:12 min/mile,MARATHON,3083,24,64,M,1649,2025
3876,DAN WRIGHT,,DALTON,05:53:27,05:46:08,13:12 min/mile,MARATHON,3084,63,76,M,1650,2025
409,SHANE HARKER,,PICKERING,05:56:43,05:46:25,13:13 min/mile,MARATHON,3085,49,189,M,1651,2025
4568,JERWIN MAGBALOT,,SANTA CLARA,05:56:57,05:46:32,13:13 min/mile,MARATHON,3086,40,267,M,1652,2025
4094,GRACE POSLUSZNY,,NEWBURYPORT,05:57:26,05:46:48,13:14 min/mile,MARATHON,3087,42,238,F,1416,2025
4056,JENNIFER BISHOP,,FINDLAY,05:57:35,05:46:52,13:14 min/mile,MARATHON,3088,51,122,F,1417,2025
4653,RICARDO CADENA,,MONTEREY,05:57:12,05:46:54,13:14 min/mile,MARATHON,3089,28,203,M,1653,2025
2450,SUMAN SABBANI,,SAN JOSE,05:54:37,05:47:08,13:14 min/mile,MARATHON,3090,46,190,M,1654,2025
4606,THOMAS FLOURNOY,,PORT REPUBLIC,05:57:48,05:47:12,13:15 min/mile,MARATHON,3091,66,36,M,1655,2025
4651,KATHLEEN PHILLIPS,,MONTEREY,05:57:26,05:47:12,13:15 min/mile,MARATHON,3092,47,174,F,1418,2025
2620,JACK MAZZULO,,S PASADENA,05:54:40,05:47:12,13:15 min/mile,MARATHON,3093,31,260,M,1656,2025
102,WILLIAM CAPELLA,,LAWRENCEVILLE,05:52:18,05:47:16,13:15 min/mile,MARATHON,3094,46,191,M,1657,2025
4096,ISAAC BONNELL,,SAN FRANCISCO,05:57:51,05:47:27,13:15 min/mile,MARATHON,3095,45,192,M,1658,2025
384,CHRISTOPHER BROWN,,HANFORD,05:58:04,05:47:43,13:16 min/mile,MARATHON,3096,30,261,M,1659,2025
412,ANDREA KOLB,,SPRING,05:57:56,05:47:45,13:16 min/mile,MARATHON,3097,47,175,F,1419,2025
414,SABINA SALINAS,,SPRING,05:57:56,05:47:46,13:16 min/mile,MARATHON,3098,45,176,F,1420,2025
4105,GWEN BARNEY,,SANTA CRUZ,05:58:25,05:47:49,13:16 min/mile,MARATHON,3099,25,206,F,1421,2025
4283,BRICCIO DE LEON,,STATEN ISLAND,05:58:10,05:48:04,13:17 min/mile,MARATHON,3100,46,193,M,1660,2025
4060,ROBIN JOHNSTON,,GREENVILLE,05:58:38,05:48:06,13:17 min/mile,MARATHON,3101,37,228,F,1422,2025
4058,CLARK GWALTNEY,,OLIVE BRANCH,05:58:38,05:48:06,13:17 min/mile,MARATHON,3102,40,268,M,1661,2025
4434,MARK BIONDOLILLO,,PERRY,05:58:37,05:48:09,13:17 min/mile,MARATHON,3103,54,152,M,1662,2025
4046,AMANDA SUTHERLAND,,ROCKWALL,05:58:22,05:48:11,13:17 min/mile,MARATHON,3104,52,123,F,1423,2025
4073,JOSIE FERGUSON,,VERONA,05:58:55,05:48:13,13:17 min/mile,MARATHON,3105,24,65,F,1424,2025
4592,BARRY KATZ,,PALO ALTO,05:58:57,05:48:20,13:17 min/mile,MARATHON,3106,75,6,M,1663,2025
4784,ARACELI CABRERA,,ALTADENA,05:58:47,05:48:40,13:18 min/mile,MARATHON,3107,52,124,F,1425,2025
4052,MEGHAN BELL,,CUPERTINO,05:59:14,05:48:41,13:18 min/mile,MARATHON,3108,31,248,F,1426,2025
130,GARABED KOOSHERIAN,,WARWICK,05:49:21,05:48:41,13:18 min/mile,MARATHON,3109,31,262,M,1664,2025
4700,JASMINE BRAXTON,,OAKLAND,05:59:15,05:48:41,13:18 min/mile,MARATHON,3110,35,229,F,1427,2025
4024,KATHERINE TRIOLA,,VENICE,05:59:03,05:48:57,13:19 min/mile,MARATHON,3111,17,7,F,1428,2025
4021,OLGA TRIOLA,,VENICE,05:59:03,05:48:57,13:19 min/mile,MARATHON,3112,46,177,F,1429,2025
4635,CHRISTINE TOWLER,,DECATUR,05:59:18,05:48:57,13:19 min/mile,MARATHON,3113,43,239,F,1430,2025
4299,MATTHEW LAM,,CORAL SPRINGS,05:59:07,05:48:58,13:19 min/mile,MARATHON,3114,48,194,M,1665,2025
709,STEVEN DITZLER,,SAN MATEO,05:59:33,05:48:58,13:19 min/mile,MARATHON,3115,25,204,M,1666,2025
4049,MADELINE DITZLER,,SOMERVILLE,05:59:34,05:49:00,13:19 min/mile,MARATHON,3116,28,207,F,1431,2025
2830,MARCO OROZCO,,SALINAS,05:54:07,05:49:06,13:19 min/mile,MARATHON,3117,36,274,M,1667,2025
4486,AMY DOTSON,,PORTLAND,05:59:13,05:49:06,13:19 min/mile,MARATHON,3118,49,178,F,1432,2025
4353,MARY NEUMANN,,HOLLY,05:59:24,05:49:09,13:19 min/mile,MARATHON,3119,40,240,F,1433,2025
4516,VAUGHAN LANDRUM,,BERKELEY,05:59:50,05:49:14,13:19 min/mile,MARATHON,3120,60,77,M,1668,2025
3792,BENJAMIN GOOLSBY,,MARINA,05:56:44,05:49:15,13:19 min/mile,MARATHON,3121,31,263,M,1669,2025
4130,AMANDA KUHN,,DUBLIN,05:59:46,05:49:23,13:20 min/mile,MARATHON,3122,43,241,F,1434,2025
2006,KRISTIN NIVER,,WASHINGTON,05:50:26,05:49:29,13:20 min/mile,MARATHON,3123,43,242,F,1435,2025
4326,NAOMI LORENZ,,GUTTENBERG,06:00:00,05:49:32,13:20 min/mile,MARATHON,3124,42,243,F,1436,2025
3167,JENNIFER GIRDLER,,LITTLETON,05:56:58,05:49:40,13:20 min/mile,MARATHON,3125,50,125,F,1437,2025
2590,KYLE HEMMING,,SANDY,05:55:12,05:49:44,13:20 min/mile,MARATHON,3126,40,269,M,1670,2025
2482,MICHAEL LOCKE,,SAN FRANCISCO,05:56:11,05:49:44,13:20 min/mile,MARATHON,3127,47,195,M,1671,2025
4613,LEAH CURTIN,,HOPKINTON,06:00:21,05:49:47,13:21 min/mile,MARATHON,3128,55,71,F,1438,2025
4129,CAROL SULLIVAN SVIRSKY,,HOLLISTON,06:00:20,05:49:48,13:21 min/mile,MARATHON,3129,50,126,F,1439,2025
2838,OMANI GUY,,ROCKLIN,05:56:51,05:49:51,13:21 min/mile,MARATHON,3130,37,275,M,1672,2025
4729,ROOPA GOVINDARAJAN,,FREMONT,06:00:42,05:49:52,13:21 min/mile,MARATHON,3131,49,179,F,1440,2025
4736,LAUREN BRYANT,,RCH CUCAMONGA,06:00:07,05:49:52,13:21 min/mile,MARATHON,3132,40,244,F,1441,2025
4025,JEFF GRAHAM,,AURORA,06:00:33,05:49:52,13:21 min/mile,MARATHON,3133,61,78,M,1673,2025
4309,SHELLY CLARKE,,UNION GROVE,06:00:33,05:49:53,13:21 min/mile,MARATHON,3134,52,127,F,1442,2025
3868,HENRY LEE,,SAN JOSE,05:56:38,05:49:54,13:21 min/mile,MARATHON,3135,49,196,M,1674,2025
4709,RHONDA DUNN,,KAUKAUNA,06:00:32,05:49:54,13:21 min/mile,MARATHON,3136,49,180,F,1443,2025
1731,DMYTRO KOSHEVY,,MOUNTAIN VIEW,05:50:39,05:49:55,13:21 min/mile,MARATHON,3137,37,276,M,1675,2025
4104,ADWAIT SAMANT,,DUBLIN,06:00:34,05:49:56,13:21 min/mile,MARATHON,3138,53,153,M,1676,2025
854,PHUONGMY HOANG,,MOUNTAIN VIEW,05:50:39,05:49:56,13:21 min/mile,MARATHON,3139,34,249,F,1444,2025
4050,ARIEL MCDOWELL,,DECATUR,06:00:43,05:50:01,13:21 min/mile,MARATHON,3140,42,245,F,1445,2025
4385,JOSH COOKSEY,,COLUMBUS,06:00:20,05:50:02,13:21 min/mile,MARATHON,3141,36,277,M,1677,2025
4386,SYDNEY COOKSEY,,COLUMBUS,06:00:21,05:50:04,13:21 min/mile,MARATHON,3142,37,230,F,1446,2025
389,KATHY TAYLOR,,FAIRLAWN,06:00:25,05:50:08,13:21 min/mile,MARATHON,3143,53,128,F,1447,2025
4127,KYLE YOUNG,,SAG HARBOR,06:00:53,05:50:22,13:22 min/mile,MARATHON,3144,44,270,M,1678,2025
4205,NOELENE GACIS,,LOS ANGELES,05:57:38,05:50:26,13:22 min/mile,MARATHON,3145,36,231,F,1448,2025
3338,CHINJEN HUANG,,DUBLIN,05:55:35,05:50:29,13:22 min/mile,MARATHON,3146,57,118,M,1679,2025
4020,LISA GARCES,,HUMBLE,06:00:53,05:50:33,13:22 min/mile,MARATHON,3147,45,181,F,1449,2025
3063,MICHAEL ROONEY,,APEX,05:57:11,05:50:39,13:23 min/mile,MARATHON,3148,33,264,M,1680,2025
315,TIM KELLEY,,WINTER PARK,05:52:53,05:50:45,13:23 min/mile,MARATHON,3149,60,79,M,1681,2025
316,CARLY DUDASH,,WINTER PARK,05:52:53,05:50:45,13:23 min/mile,MARATHON,3150,44,246,F,1450,2025
4280,MELISSA RYTTING,,RENO,06:01:19,05:51:03,13:23 min/mile,MARATHON,3151,29,208,F,1451,2025
4363,SERENA TEOLIS,,MURRIETA,06:01:25,05:51:04,13:23 min/mile,MARATHON,3152,25,209,F,1452,2025
3006,JESSIE GUISO,,SAN DIEGO,06:02:01,05:51:13,13:24 min/mile,MARATHON,3153,28,210,F,1453,2025
406,JOHN SANDER,,GASTONIA,06:01:45,05:51:21,13:24 min/mile,MARATHON,3154,37,278,M,1682,2025
4466,JENNIFER MOORE,,SEASIDE,05:56:32,05:51:23,13:24 min/mile,MARATHON,3155,51,129,F,1454,2025
3255,PATRICK TRIAS,,MILPITAS,05:56:27,05:51:24,13:24 min/mile,MARATHON,3156,33,265,M,1683,2025
3863,AMANDA JENSEN,,MENLO PARK,05:58:26,05:51:29,13:24 min/mile,MARATHON,3157,38,232,F,1455,2025
4162,JESUS VALENZUELA,,SALINAS,06:01:54,05:51:31,13:25 min/mile,MARATHON,3158,37,279,M,1684,2025
4652,JOSE VALENZUELA,,SALINAS,06:01:53,05:51:33,13:25 min/mile,MARATHON,3159,35,280,M,1685,2025
3041,ANTHONY TURNER,,FORT SMITH,06:02:05,05:51:34,13:25 min/mile,MARATHON,3160,46,197,M,1686,2025
4294,LAUREN TURNER,,FORT SMITH,06:02:05,05:51:36,13:25 min/mile,MARATHON,3161,38,233,F,1456,2025
2640,SHUWEI YU,,NORWALK,05:57:53,05:51:38,13:25 min/mile,MARATHON,3162,31,250,F,1457,2025
3357,DAVID HWANG,,MILPITAS,05:58:58,05:51:44,13:25 min/mile,MARATHON,3163,42,271,M,1687,2025
4541,TONY JIANG,,ROSEMEAD,06:02:09,05:51:46,13:25 min/mile,MARATHON,3164,38,281,M,1688,2025
4400,FRANK PRECIADO,,BELLFLOWER,06:02:00,05:51:49,13:25 min/mile,MARATHON,3165,54,154,M,1689,2025
4333,JENNY WINDHAM,,BIGFORK,06:02:21,05:51:50,13:25 min/mile,MARATHON,3166,50,130,F,1458,2025
4451,KATHERINE BURNS,,SIMPSONVILLE,06:02:22,05:52:06,13:26 min/mile,MARATHON,3167,47,182,F,1459,2025
2815,NICOLE THOMPSON,,SEATTLE,05:59:38,05:52:09,13:26 min/mile,MARATHON,3168,28,211,F,1460,2025
4529,DENISE JOHNSON,,CINCINNATI,06:02:14,05:52:12,13:26 min/mile,MARATHON,3169,55,72,F,1461,2025
4250,TYLER CALDWELL,,SAN ANTONIO,06:02:46,05:52:13,13:26 min/mile,MARATHON,3170,29,205,M,1690,2025
4251,PRISCILLA RUBIO,,SAN ANTONIO,06:02:46,05:52:13,13:26 min/mile,MARATHON,3171,37,234,F,1462,2025
2352,ALEXANDRA MILLER,,BOSTON,06:02:54,05:52:19,13:26 min/mile,MARATHON,3172,24,66,F,1463,2025
13,PIERRE DAVENAS,,CARMEL,05:52:29,05:52:27,13:27 min/mile,MARATHON,3173,72,10,M,1691,2025
4068,KASEY SKINNER,,ESCONDIDO,06:02:49,05:52:27,13:27 min/mile,MARATHON,3174,30,251,F,1464,2025
4548,RACHELLE THOMPSON,,CARMEL,06:02:53,05:52:34,13:27 min/mile,MARATHON,3175,38,235,F,1465,2025
3162,KUNAL SAMPAT,,SAN JOSE,05:59:08,05:52:37,13:27 min/mile,MARATHON,3176,42,272,M,1692,2025
4248,ADRIANA KHALIL CHRISTIAN,,SAN ANTONIO,06:03:13,05:52:38,13:27 min/mile,MARATHON,3178,32,252,F,1466,2025
4661,JOHN CHRISTIAN,,SAN ANTONIO,06:03:13,05:52:38,13:27 min/mile,MARATHON,3177,37,282,M,1693,2025
4147,JAMIE PATTERSON,,MINNEAPOLIS,06:02:48,05:52:38,13:27 min/mile,MARATHON,3179,47,183,F,1467,2025
4390,MIGUEL ESPINDOLA,,ROYAL OAKS,06:03:37,05:52:57,13:28 min/mile,MARATHON,3180,45,198,M,1694,2025
4266,KERRI PETRIN,,CHAPEL HILL,06:03:05,05:52:57,13:28 min/mile,MARATHON,3181,44,247,F,1468,2025
4330,MANUEL GONZALEZ,,SUN VALLEY,06:03:16,05:53:01,13:28 min/mile,MARATHON,3182,42,273,M,1695,2025
314,NHAN DO,,SARATOGA,05:58:29,05:53:06,13:28 min/mile,MARATHON,3183,56,119,M,1696,2025
782,MADELINE EVERETT,,NEW YORK,05:54:56,05:53:07,13:28 min/mile,MARATHON,3184,28,212,F,1469,2025
4476,GRANT CONNER,,MONTEREY,06:00:41,05:53:18,13:29 min/mile,MARATHON,3185,34,266,M,1697,2025
3613,ELAINE ZHOU,,MONTEREY,06:00:42,05:53:18,13:29 min/mile,MARATHON,3186,34,253,F,1470,2025
3593,ELISE CONNER,,MONTEREY,06:00:41,05:53:19,13:29 min/mile,MARATHON,3187,69,21,F,1471,2025
2362,MOHAMMED MAIRAJUDDIN,,GENEVA,06:00:19,05:53:19,13:29 min/mile,MARATHON,3188,52,155,M,1698,2025
364,SARAH SHERRIFF,,PORIRUA,06:03:35,05:53:26,13:29 min/mile,MARATHON,3189,48,184,F,1472,2025
235,WILLIAM SLATTERY,,REHOBOTH BCH,06:00:19,05:53:28,13:29 min/mile,MARATHON,3190,50,156,M,1699,2025
4289,CLINT GIBSON,,PACIFIC GROVE,06:03:35,05:53:32,13:29 min/mile,MARATHON,3191,32,267,M,1700,2025
2456,BRADLEY JOHNS-PARSON,,CARMEL,06:01:12,05:53:41,13:29 min/mile,MARATHON,3192,35,283,M,1701,2025
359,MATT MCGUIRE,,SUNNYVALE,06:03:50,05:53:42,13:30 min/mile,MARATHON,3193,47,199,M,1702,2025
312,CHI LUU,,SARATOGA,05:59:06,05:53:43,13:30 min/mile,MARATHON,3194,55,73,F,1473,2025
3740,MALISA HESPRICH,,MENOMONEE FLS,05:58:59,05:53:50,13:30 min/mile,MARATHON,3195,44,248,F,1474,2025
4048,LESLEY NICKELSON,,OROVILLE,06:04:22,05:53:50,13:30 min/mile,MARATHON,3196,39,236,F,1475,2025
4022,BRIAN TRIOLA,,VENICE,06:04:03,05:53:57,13:30 min/mile,MARATHON,3197,49,200,M,1703,2025
2832,TANIA HERNANDEZ,,SALINAS,06:04:37,05:54:01,13:30 min/mile,MARATHON,3198,28,213,F,1476,2025
4316,QUOC NGUYEN,,HOUSTON,06:04:12,05:54:01,13:30 min/mile,MARATHON,3199,53,157,M,1704,2025
4508,STEVEN RAMIREZ,,HIGHLAND,06:04:46,05:54:04,13:30 min/mile,MARATHON,3200,41,274,M,1705,2025
4243,KAREN MCELFRESH,,AGOURA HILLS,06:04:34,05:54:04,13:30 min/mile,MARATHON,3201,67,22,F,1477,2025
4037,SARAH TRIBELHORN,,LA MESA,06:04:34,05:54:08,13:30 min/mile,MARATHON,3202,53,131,F,1478,2025
4598,LUIS CAMPOS,,LOS ANGELES,06:05:05,05:54:21,13:31 min/mile,MARATHON,3203,63,80,M,1706,2025
923,KELSEY AXE,,WILMINGTON,05:55:32,05:54:25,13:31 min/mile,MARATHON,3204,35,237,F,1479,2025
4473,PATRICK HARR,,PACIFIC GROVE,06:05:08,05:54:28,13:31 min/mile,MARATHON,3205,70,11,M,1707,2025
4063,ROLLANS EDWARDS,,N CHARLESTON,06:05:11,05:54:31,13:31 min/mile,MARATHON,3206,30,268,M,1708,2025
4172,ALLISON CROSS,,SACRAMENTO,06:05:06,05:54:35,13:32 min/mile,MARATHON,3207,37,238,F,1480,2025
4368,LEE MCKINNEY,,INDIAN SHORES,06:04:06,05:54:50,13:32 min/mile,MARATHON,3208,55,120,M,1709,2025
4369,SARA DODDS,,LUTZ,06:04:06,05:54:54,13:32 min/mile,MARATHON,3209,41,249,F,1481,2025
2995,CAMILLA MORRISSEY,,PACIFIC GROVE,06:02:12,05:54:55,13:32 min/mile,MARATHON,3210,38,239,F,1482,2025
351,SCOTT NIELSON,,TUCSON,06:05:36,05:55:18,13:33 min/mile,MARATHON,3211,41,275,M,1710,2025
4398,JESSICA BRICE,,SOUTH BEND,06:05:35,05:55:30,13:34 min/mile,MARATHON,3212,41,250,F,1483,2025
4357,NEIL GARROD,,LONDON,06:06:01,05:55:34,13:34 min/mile,MARATHON,3213,70,12,M,1711,2025
881,CALVIN MARARAC,,SAN JOSE,06:01:10,05:55:37,13:34 min/mile,MARATHON,3214,37,284,M,1712,2025
2562,DIEM MARARAC,,SAN JOSE,06:01:11,05:55:38,13:34 min/mile,MARATHON,3215,35,240,F,1484,2025
3750,SCOTT MILLER,,PACIFIC GROVE,06:01:20,05:55:53,13:35 min/mile,MARATHON,3216,72,13,M,1713,2025
4672,CHRISTINA HAYES,,MC LEAN,06:06:24,05:56:02,13:35 min/mile,MARATHON,3217,50,132,F,1485,2025
4338,YUTA KUBOYAMA,,SAN MATEO,06:06:32,05:56:05,13:35 min/mile,MARATHON,3218,38,285,M,1714,2025
404,ALISHA JACOBS,,MONROE,06:06:53,05:56:14,13:35 min/mile,MARATHON,3219,47,185,F,1486,2025
266,MATTHEW MARSH,,CARMEL,05:57:15,05:56:17,13:35 min/mile,MARATHON,3220,50,158,M,1715,2025
392,GLENDA EVANGELISTA,,LAS VEGAS,05:57:01,05:56:24,13:36 min/mile,MARATHON,3221,47,186,F,1487,2025
4009,ORLY HAKIMI,,BEVERLY HILLS,06:02:09,05:56:31,13:36 min/mile,MARATHON,3222,48,187,F,1488,2025
4140,KEVIN KANG,,LOS ANGELES,06:07:19,05:56:43,13:36 min/mile,MARATHON,3223,31,269,M,1716,2025
366,CASSI MCCAULEY,,PAGOSA SPGS,06:06:59,05:56:46,13:37 min/mile,MARATHON,3224,40,251,F,1489,2025
791,CHETAN HIREMATH,,TRACY,05:58:41,05:56:47,13:37 min/mile,MARATHON,3225,36,286,M,1717,2025
4456,HILARY LE GALLANT,,CULVER CITY,06:07:34,05:56:55,13:37 min/mile,MARATHON,3226,41,252,F,1490,2025
4088,JACQUELINE NICORA,,CARMEL,06:07:07,05:56:58,13:37 min/mile,MARATHON,3227,36,241,F,1491,2025
3057,CHANDARA NGOC,,CULVER CITY,06:04:29,05:57:02,13:37 min/mile,MARATHON,3228,30,0,N,12,2025
4154,JOEL MCLEOD,,TUSTIN,06:07:22,05:57:10,13:37 min/mile,MARATHON,3229,34,270,M,1718,2025
4262,BRENDA MENDIOLA-BEDOLLA,,SALINAS,06:08:01,05:57:22,13:38 min/mile,MARATHON,3230,30,254,F,1492,2025
3486,OSCAR MOLINA,,CHICAGO,06:04:10,05:57:30,13:38 min/mile,MARATHON,3231,44,276,M,1719,2025
4665,XIOMARA ROCHA-CADMAN,,SIERRA MADRE,06:08:15,05:57:44,13:39 min/mile,MARATHON,3232,56,74,F,1493,2025
3837,ADRIANA SEPULVEDA,,ONTARIO,05:57:57,05:57:57,13:39 min/mile,MARATHON,3233,40,253,F,1494,2025
4106,JEN MORRILL,,EMERALD HILLS,06:08:10,05:57:57,13:39 min/mile,MARATHON,3234,58,75,F,1495,2025
4550,LAURA RAMIREZ,,MONTEREY,06:08:43,05:58:23,13:40 min/mile,MARATHON,3235,34,255,F,1496,2025
2507,SILVIA BOBEICA,,DANVILLE,06:04:09,05:58:39,13:41 min/mile,MARATHON,3236,34,256,F,1497,2025
4233,TIFFANY AVILA,,SALINAS,06:08:46,05:58:43,13:41 min/mile,MARATHON,3237,30,257,F,1498,2025
4311,HEATHER BOLAND,,DALLAS,06:09:23,05:59:03,13:42 min/mile,MARATHON,3238,61,42,F,1499,2025
4324,TABATHA HUNTER,,GRAVETTE,06:09:33,05:59:06,13:42 min/mile,MARATHON,3239,43,254,F,1500,2025
3433,KEVIN KUHLMAN,,UNIVERSITY CITY,06:09:35,05:59:14,13:42 min/mile,MARATHON,3240,24,65,M,1720,2025
3652,COURTNEY ENGE,,SAN DIEGO,06:04:38,05:59:14,13:42 min/mile,MARATHON,3241,29,214,F,1501,2025
4276,PATIENCE HAGGIN,,LONG IS CITY,06:09:53,05:59:15,13:42 min/mile,MARATHON,3242,32,258,F,1502,2025
4535,SANDRA VAN DYKEN,,ADA,06:09:55,05:59:15,13:42 min/mile,MARATHON,3243,61,43,F,1503,2025
4536,GARY VAN DYKEN,,ADA,06:09:55,05:59:16,13:42 min/mile,MARATHON,3244,67,37,M,1721,2025
4396,NAOMI MORI,,MONTEREY,06:09:33,05:59:20,13:42 min/mile,MARATHON,3245,47,188,F,1504,2025
4145,ASHLEY PATEL,,WILMINGTON,06:10:10,05:59:25,13:43 min/mile,MARATHON,3246,38,242,F,1505,2025
4419,STEVE KNIFFEN,,CAMBRIA,06:10:31,05:59:29,13:43 min/mile,MARATHON,3247,59,121,M,1722,2025
3700,KAY HADA,,MILILANI,06:06:24,05:59:29,13:43 min/mile,MARATHON,3248,60,44,F,1506,2025
4263,VENUGOPAL NALLA,,HOOVER,06:09:54,05:59:38,13:43 min/mile,MARATHON,3249,64,81,M,1723,2025
4681,NATASHA MURARKA,,BETHESDA,06:01:02,05:59:42,13:43 min/mile,MARATHON,3250,44,255,F,1507,2025
4763,STEPHANIE DUNLAP,,YUBA CITY,06:10:36,05:59:43,13:43 min/mile,MARATHON,3251,41,256,F,1508,2025
370,LAUREN HESTER,,CHARLESTON,06:09:59,05:59:43,13:43 min/mile,MARATHON,3252,34,259,F,1509,2025
2383,TIMOTHY JONES,,CARMEL,06:05:54,05:59:47,13:43 min/mile,MARATHON,3253,42,277,M,1724,2025
4423,ANDU NGUYEN,,IRVING,06:10:20,05:59:53,13:44 min/mile,MARATHON,3254,41,278,M,1725,2025
4648,MICHELE FLYNN,,SARNIA,06:10:35,06:00:03,13:44 min/mile,MARATHON,3255,55,76,F,1510,2025
4114,DEANNA LIU,,PARKER,06:10:24,06:00:04,13:44 min/mile,MARATHON,3256,38,243,F,1511,2025
4557,BERTHA ALVARENGA,,CHICAGO,06:10:20,06:00:06,13:44 min/mile,MARATHON,3257,35,244,F,1512,2025
4542,HITESH MERCHANT,,CUPERTINO,06:10:23,06:00:07,13:44 min/mile,MARATHON,3258,63,82,M,1726,2025
2895,ISAAC LIRA,,ALBUQUERQUE,06:07:25,06:00:12,13:44 min/mile,MARATHON,3259,31,271,M,1727,2025
4076,JULIA JOHNSON,,CYPRESS,06:10:23,06:00:18,13:45 min/mile,MARATHON,3260,45,189,F,1513,2025
4776,HEBER TUAZON,,SALINAS,06:10:23,06:00:21,13:45 min/mile,MARATHON,3261,64,83,M,1728,2025
4074,HA HOANG,,CASTRO VALLEY,06:10:41,06:00:23,13:45 min/mile,MARATHON,3262,53,133,F,1514,2025
4590,MICHAEL ADAMKIEWICZ,,RIO VISTA,06:11:09,06:00:25,13:45 min/mile,MARATHON,3263,63,84,M,1729,2025
4404,CARLOS ALBERTO VARGAS,,LOS ANGELES,06:10:56,06:00:29,13:45 min/mile,MARATHON,3264,44,279,M,1730,2025
4642,MEHGAN STYKE,,COLUMBUS,06:10:57,06:00:33,13:45 min/mile,MARATHON,3265,42,257,F,1515,2025
4246,LOREEN OZAKI,,SEASIDE,06:10:49,06:00:36,13:45 min/mile,MARATHON,3266,67,23,F,1516,2025
4247,PAUL GAUCHER,,SEASIDE,06:11:02,06:00:48,13:46 min/mile,MARATHON,3267,62,85,M,1731,2025
4148,BLANCA MORENO,,LOS ANGELES,06:11:30,06:00:48,13:46 min/mile,MARATHON,3268,29,215,F,1517,2025
383,BECKY THELLER,,FRESNO,06:11:08,06:01:01,13:46 min/mile,MARATHON,3269,57,77,F,1518,2025
345,SARAH YEO,,ROSELLE,06:11:35,06:01:17,13:47 min/mile,MARATHON,3270,41,258,F,1519,2025
2550,JESSICA BISHOP,,DALLAS,06:12:09,06:01:29,13:47 min/mile,MARATHON,3271,33,260,F,1520,2025
4650,DMITRY KISSELEV,,MONTEREY,06:12:30,06:01:56,13:48 min/mile,MARATHON,3272,53,159,M,1732,2025
4245,CHARITY HODGIN,,CARY,06:12:06,06:02:04,13:49 min/mile,MARATHON,3273,52,134,F,1521,2025
2334,TROY COTTON,,DECATUR,06:09:51,06:02:21,13:49 min/mile,MARATHON,3274,33,272,M,1733,2025
4698,LEE RIVERA RESTO,,GAMBRILLS,06:12:50,06:02:22,13:49 min/mile,MARATHON,3275,30,261,F,1522,2025
4235,DOUG CROALL,,NEWCASTLE,06:12:55,06:02:25,13:49 min/mile,MARATHON,3276,72,14,M,1734,2025
4061,KATHLEEN EVERS,,HUNTINGTN STA,06:12:39,06:02:28,13:50 min/mile,MARATHON,3277,40,259,F,1523,2025
2636,NIGINA SHATURSUN,,RIDGEWOOD,06:09:55,06:02:36,13:50 min/mile,MARATHON,3278,30,262,F,1524,2025
4740,LEONICA MAGLASANG,,STOCKTON,06:13:27,06:02:43,13:50 min/mile,MARATHON,3279,47,190,F,1525,2025
256,ANNELIESE NOONAN,,MONTARA,06:07:53,06:02:48,13:50 min/mile,MARATHON,3280,21,67,F,1526,2025
2121,CASSIDY NGUYEN,,ELK GROVE,06:10:16,06:02:52,13:50 min/mile,MARATHON,3281,25,206,M,1735,2025
323,ALVIN JAMES,,LOS GATOS,06:08:10,06:02:53,13:51 min/mile,MARATHON,3282,42,280,M,1736,2025
4631,BRIAN ALTIZER,,AUBURN,06:13:24,06:02:54,13:51 min/mile,MARATHON,3283,32,273,M,1737,2025
3719,ZAINAB SHAMMA OTHMAN,,LEWISBURG,06:08:43,06:02:58,13:51 min/mile,MARATHON,3284,69,24,F,1527,2025
2508,RACHEL ORTEGA,,WAYLAND,06:10:13,06:02:59,13:51 min/mile,MARATHON,3285,43,260,F,1528,2025
4539,STEVEN BREWER,,AUSTIN,06:10:08,06:02:59,13:51 min/mile,MARATHON,3286,55,122,M,1738,2025
2735,NIKITA MANI,,CHICAGO,06:10:30,06:03:07,13:51 min/mile,MARATHON,3287,33,263,F,1529,2025
16,DONNA TROYNA,,MARION,06:03:19,06:03:15,13:51 min/mile,MARATHON,3288,71,5,F,1530,2025
3018,EDUARDO POSADA,,SAN DIEGO,06:10:14,06:03:21,13:52 min/mile,MARATHON,3289,58,123,M,1739,2025
4649,MICHAEL DAVIS,,SALINAS,06:13:43,06:03:30,13:52 min/mile,MARATHON,3290,71,15,M,1740,2025
2407,SHANE BOXRZ,,HENDERSON,06:10:16,06:03:35,13:52 min/mile,MARATHON,3291,50,160,M,1741,2025
2836,MICHAEL FUELLING,,ARLINGTON,06:10:59,06:03:44,13:52 min/mile,MARATHON,3292,58,124,M,1742,2025
3890,SCOTT JOZEFOWSKI,,SEATTLE,06:10:59,06:03:47,13:53 min/mile,MARATHON,3293,55,125,M,1743,2025
2447,ERIN AHRBERG,,EGG HBR TWP,06:09:58,06:03:55,13:53 min/mile,MARATHON,3294,39,245,F,1531,2025
4356,PAULA HOLLAND,,SALINAS,06:14:31,06:04:16,13:54 min/mile,MARATHON,3295,60,45,F,1532,2025
4259,TINA BUAN,,SAN JOSE,06:15:12,06:04:18,13:54 min/mile,MARATHON,3296,44,261,F,1533,2025
15,MIKE SUCHOMEL,,SAN FRANCISCO,06:04:24,06:04:20,13:54 min/mile,MARATHON,3297,65,38,M,1744,2025
365,REHANA JAHAN,,REDWOOD CITY,06:14:48,06:04:33,13:54 min/mile,MARATHON,3298,49,191,F,1534,2025
2509,JENNIFER MORAN,,MYRTLE BEACH,06:11:45,06:04:43,13:55 min/mile,MARATHON,3299,47,192,F,1535,2025
2505,MELANIE EMERY,,MYRTLE BEACH,06:11:46,06:04:44,13:55 min/mile,MARATHON,3300,48,193,F,1536,2025
2446,REBECK MARCELINO,,DAVIE,06:10:14,06:04:59,13:55 min/mile,MARATHON,3301,43,262,F,1537,2025
3806,PATRICK REARDEN,,SCOTTSDALE,06:16:10,06:05:21,13:56 min/mile,MARATHON,3302,71,16,M,1745,2025
2346,JOAQUIN GONZALES,,EL CAJON,06:13:14,06:05:45,13:57 min/mile,MARATHON,3303,41,281,M,1746,2025
3950,GAURAV BELLAMKONDA,,BROOMFIELD,06:11:35,06:06:04,13:58 min/mile,MARATHON,3304,38,287,M,1747,2025
3677,JASON WANG,,LOS ANGELES,06:11:37,06:06:13,13:58 min/mile,MARATHON,3305,35,288,M,1748,2025
4657,PARVANEH KEIVANFAR,,MARINA,06:07:57,06:06:19,13:58 min/mile,MARATHON,3306,40,263,F,1538,2025
4656,DANA GRAY,,MARINA,06:07:58,06:06:20,13:58 min/mile,MARATHON,3307,41,282,M,1749,2025
2779,MICHAEL ALTIZER,,AUBURN,06:13:25,06:06:44,13:59 min/mile,MARATHON,3308,64,86,M,1750,2025
1208,ALEXANDRA KANICKOVA,,MILAN,06:07:29,06:07:04,14:00 min/mile,MARATHON,3309,45,194,F,1539,2025
289,CHRISTOPHER PERRY,,SALINAS,06:12:34,06:07:22,14:01 min/mile,MARATHON,3310,67,39,M,1751,2025
4514,MICHELLE EGAN,,PLEASANTVILLE,06:18:23,06:07:49,14:02 min/mile,MARATHON,3311,49,195,F,1540,2025
4570,ERNEST QUIDDAOEN,,SEASIDE,06:20:06,06:09:25,14:05 min/mile,MARATHON,3312,35,289,M,1752,2025
3169,LENNY MAUGHAN,,SAN FRANCISCO,06:14:47,06:09:32,14:06 min/mile,MARATHON,3313,64,87,M,1753,2025
274,DOLORES Y NOONAN,,MONTARA,06:14:58,06:09:53,14:07 min/mile,MARATHON,3314,59,78,F,1541,2025
4216,JENNIFER WINUS-ROBINSON,,MAHOPAC,06:22:33,06:12:09,14:12 min/mile,MARATHON,3315,50,135,F,1542,2025
4691,ROY CHEN,,SAN JOSE,06:23:32,06:12:50,14:13 min/mile,MARATHON,3316,75,7,M,1754,2025
342,JAY DEGUZMAN,,SUNNYVALE,06:18:14,06:13:09,14:14 min/mile,MARATHON,3317,35,246,F,1543,2025
1355,DENISE SAURIOL,,PHOENIX,06:18:01,06:16:46,14:22 min/mile,MARATHON,3318,57,79,F,1544,2025
